variavel,categoria,segmento,valor_n_relatorio,valor_n_painel,pct_relatorio,pct_painel,diferenca_n,status
natureza,Escola formalmente instituída,Nacional,86,86,78.18,78.18,0,CONCORDANCIA_PERFEITA
natureza,Escola formalmente instituída,Eleitoral,26,26,66.67,66.67,0,CONCORDANCIA_PERFEITA
natureza,Escola formalmente instituída,Estadual,28,28,96.55,96.55,0,CONCORDANCIA_PERFEITA
natureza,Escola formalmente instituída,Trabalho,24,24,92.31,92.31,0,CONCORDANCIA_PERFEITA
natureza,Escola formalmente instituída,Federal,4,4,50.0,50.0,0,CONCORDANCIA_PERFEITA
natureza,Escola formalmente instituída,Militar,4,4,80.0,80.0,0,CONCORDANCIA_PERFEITA
natureza,Escola formalmente instituída,Superior/Conselho,0,0,0.0,0.0,0,CONCORDANCIA_PERFEITA
natureza,Setor de capacitação (gestão de pessoas),Nacional,17,17,15.45,15.45,0,CONCORDANCIA_PERFEITA
natureza,Setor de capacitação (gestão de pessoas),Eleitoral,11,11,28.21,28.21,0,CONCORDANCIA_PERFEITA
natureza,Setor de capacitação (gestão de pessoas),Estadual,0,0,0.0,0.0,0,CONCORDANCIA_PERFEITA
natureza,Setor de capacitação (gestão de pessoas),Trabalho,1,1,3.85,3.85,0,CONCORDANCIA_PERFEITA
natureza,Setor de capacitação (gestão de pessoas),Federal,3,3,37.5,37.5,0,CONCORDANCIA_PERFEITA
natureza,Setor de capacitação (gestão de pessoas),Militar,1,1,20.0,20.0,0,CONCORDANCIA_PERFEITA
natureza,Setor de capacitação (gestão de pessoas),Superior/Conselho,1,1,33.33,33.33,0,CONCORDANCIA_PERFEITA
natureza,Centro/núcleo sem natureza de escola,Nacional,7,7,6.36,6.36,0,CONCORDANCIA_PERFEITA
natureza,Centro/núcleo sem natureza de escola,Eleitoral,2,2,5.13,5.13,0,CONCORDANCIA_PERFEITA
natureza,Centro/núcleo sem natureza de escola,Estadual,1,1,3.45,3.45,0,CONCORDANCIA_PERFEITA
natureza,Centro/núcleo sem natureza de escola,Trabalho,1,1,3.85,3.85,0,CONCORDANCIA_PERFEITA
natureza,Centro/núcleo sem natureza de escola,Federal,1,1,12.5,12.5,0,CONCORDANCIA_PERFEITA
natureza,Centro/núcleo sem natureza de escola,Militar,0,0,0.0,0.0,0,CONCORDANCIA_PERFEITA
natureza,Centro/núcleo sem natureza de escola,Superior/Conselho,2,2,66.67,66.67,0,CONCORDANCIA_PERFEITA
planejamento,Plano próprio vigente e formalizado,Nacional,52,52,47.27,47.27,0,CONCORDANCIA_PERFEITA
planejamento,Plano próprio vigente e formalizado,Eleitoral,11,11,28.21,28.21,0,CONCORDANCIA_PERFEITA
planejamento,Plano próprio vigente e formalizado,Estadual,16,16,55.17,55.17,0,CONCORDANCIA_PERFEITA
planejamento,Plano próprio vigente e formalizado,Trabalho,16,16,61.54,61.54,0,CONCORDANCIA_PERFEITA
planejamento,Plano próprio vigente e formalizado,Federal,5,5,62.5,62.5,0,CONCORDANCIA_PERFEITA
planejamento,Plano próprio vigente e formalizado,Militar,3,3,60.0,60.0,0,CONCORDANCIA_PERFEITA
planejamento,Plano próprio vigente e formalizado,Superior/Conselho,1,1,33.33,33.33,0,CONCORDANCIA_PERFEITA
planejamento,Plano próprio desatualizado/vencido,Nacional,7,7,6.36,6.36,0,CONCORDANCIA_PERFEITA
planejamento,Plano próprio desatualizado/vencido,Eleitoral,1,1,2.56,2.56,0,CONCORDANCIA_PERFEITA
planejamento,Plano próprio desatualizado/vencido,Estadual,4,4,13.79,13.79,0,CONCORDANCIA_PERFEITA
planejamento,Plano próprio desatualizado/vencido,Trabalho,0,0,0.0,0.0,0,CONCORDANCIA_PERFEITA
planejamento,Plano próprio desatualizado/vencido,Federal,1,1,12.5,12.5,0,CONCORDANCIA_PERFEITA
planejamento,Plano próprio desatualizado/vencido,Militar,0,0,0.0,0.0,0,CONCORDANCIA_PERFEITA
planejamento,Plano próprio desatualizado/vencido,Superior/Conselho,1,1,33.33,33.33,0,CONCORDANCIA_PERFEITA
planejamento,Em elaboração,Nacional,11,11,10.0,10.0,0,CONCORDANCIA_PERFEITA
planejamento,Em elaboração,Eleitoral,3,3,7.69,7.69,0,CONCORDANCIA_PERFEITA
planejamento,Em elaboração,Estadual,5,5,17.24,17.24,0,CONCORDANCIA_PERFEITA
planejamento,Em elaboração,Trabalho,1,1,3.85,3.85,0,CONCORDANCIA_PERFEITA
planejamento,Em elaboração,Federal,0,0,0.0,0.0,0,CONCORDANCIA_PERFEITA
planejamento,Em elaboração,Militar,2,2,40.0,40.0,0,CONCORDANCIA_PERFEITA
planejamento,Em elaboração,Superior/Conselho,0,0,0.0,0.0,0,CONCORDANCIA_PERFEITA
planejamento,Não possui,Nacional,31,31,28.18,28.18,0,CONCORDANCIA_PERFEITA
planejamento,Não possui,Eleitoral,18,18,46.15,46.15,0,CONCORDANCIA_PERFEITA
planejamento,Não possui,Estadual,3,3,10.34,10.34,0,CONCORDANCIA_PERFEITA
planejamento,Não possui,Trabalho,7,7,26.92,26.92,0,CONCORDANCIA_PERFEITA
planejamento,Não possui,Federal,2,2,25.0,25.0,0,CONCORDANCIA_PERFEITA
planejamento,Não possui,Militar,0,0,0.0,0.0,0,CONCORDANCIA_PERFEITA
planejamento,Não possui,Superior/Conselho,1,1,33.33,33.33,0,CONCORDANCIA_PERFEITA
planejamento,Adota o planejamento estratégico do tribunal,Nacional,5,5,4.55,4.55,0,CONCORDANCIA_PERFEITA
planejamento,Adota o planejamento estratégico do tribunal,Eleitoral,3,3,7.69,7.69,0,CONCORDANCIA_PERFEITA
planejamento,Adota o planejamento estratégico do tribunal,Estadual,1,1,3.45,3.45,0,CONCORDANCIA_PERFEITA
planejamento,Adota o planejamento estratégico do tribunal,Trabalho,1,1,3.85,3.85,0,CONCORDANCIA_PERFEITA
planejamento,Adota o planejamento estratégico do tribunal,Federal,0,0,0.0,0.0,0,CONCORDANCIA_PERFEITA
planejamento,Adota o planejamento estratégico do tribunal,Militar,0,0,0.0,0.0,0,CONCORDANCIA_PERFEITA
planejamento,Adota o planejamento estratégico do tribunal,Superior/Conselho,0,0,0.0,0.0,0,CONCORDANCIA_PERFEITA
planejamento,Apenas plano anual (PAC/PAT),Nacional,3,3,2.73,2.73,0,CONCORDANCIA_PERFEITA
planejamento,Apenas plano anual (PAC/PAT),Eleitoral,2,2,5.13,5.13,0,CONCORDANCIA_PERFEITA
planejamento,Apenas plano anual (PAC/PAT),Estadual,0,0,0.0,0.0,0,CONCORDANCIA_PERFEITA
planejamento,Apenas plano anual (PAC/PAT),Trabalho,1,1,3.85,3.85,0,CONCORDANCIA_PERFEITA
planejamento,Apenas plano anual (PAC/PAT),Federal,0,0,0.0,0.0,0,CONCORDANCIA_PERFEITA
planejamento,Apenas plano anual (PAC/PAT),Militar,0,0,0.0,0.0,0,CONCORDANCIA_PERFEITA
planejamento,Apenas plano anual (PAC/PAT),Superior/Conselho,0,0,0.0,0.0,0,CONCORDANCIA_PERFEITA
planejamento,"Afirmativa em texto livre, sem especificação",Nacional,1,1,0.91,0.91,0,CONCORDANCIA_PERFEITA
planejamento,"Afirmativa em texto livre, sem especificação",Eleitoral,1,1,2.56,2.56,0,CONCORDANCIA_PERFEITA
planejamento,"Afirmativa em texto livre, sem especificação",Estadual,0,0,0.0,0.0,0,CONCORDANCIA_PERFEITA
planejamento,"Afirmativa em texto livre, sem especificação",Trabalho,0,0,0.0,0.0,0,CONCORDANCIA_PERFEITA
planejamento,"Afirmativa em texto livre, sem especificação",Federal,0,0,0.0,0.0,0,CONCORDANCIA_PERFEITA
planejamento,"Afirmativa em texto livre, sem especificação",Militar,0,0,0.0,0.0,0,CONCORDANCIA_PERFEITA
planejamento,"Afirmativa em texto livre, sem especificação",Superior/Conselho,0,0,0.0,0.0,0,CONCORDANCIA_PERFEITA
dotacao,Rubrica orçamentária própria,Nacional,95,95,86.36,86.36,0,CONCORDANCIA_PERFEITA
dotacao,Rubrica orçamentária própria,Eleitoral,34,34,87.18,87.18,0,CONCORDANCIA_PERFEITA
dotacao,Rubrica orçamentária própria,Estadual,23,23,79.31,79.31,0,CONCORDANCIA_PERFEITA
dotacao,Rubrica orçamentária própria,Trabalho,26,26,100.0,100.0,0,CONCORDANCIA_PERFEITA
dotacao,Rubrica orçamentária própria,Federal,7,7,87.5,87.5,0,CONCORDANCIA_PERFEITA
dotacao,Rubrica orçamentária própria,Militar,3,3,60.0,60.0,0,CONCORDANCIA_PERFEITA
dotacao,Rubrica orçamentária própria,Superior/Conselho,2,2,66.67,66.67,0,CONCORDANCIA_PERFEITA
dotacao,Custeada por rubrica geral do tribunal,Nacional,12,12,10.91,10.91,0,CONCORDANCIA_PERFEITA
dotacao,Custeada por rubrica geral do tribunal,Eleitoral,4,4,10.26,10.26,0,CONCORDANCIA_PERFEITA
dotacao,Custeada por rubrica geral do tribunal,Estadual,5,5,17.24,17.24,0,CONCORDANCIA_PERFEITA
dotacao,Custeada por rubrica geral do tribunal,Trabalho,0,0,0.0,0.0,0,CONCORDANCIA_PERFEITA
dotacao,Custeada por rubrica geral do tribunal,Federal,0,0,0.0,0.0,0,CONCORDANCIA_PERFEITA
dotacao,Custeada por rubrica geral do tribunal,Militar,2,2,40.0,40.0,0,CONCORDANCIA_PERFEITA
dotacao,Custeada por rubrica geral do tribunal,Superior/Conselho,1,1,33.33,33.33,0,CONCORDANCIA_PERFEITA
dotacao,Rubrica específica de capacitação gerida pelo tribunal (texto livre),Nacional,3,3,2.73,2.73,0,CONCORDANCIA_PERFEITA
dotacao,Rubrica específica de capacitação gerida pelo tribunal (texto livre),Eleitoral,1,1,2.56,2.56,0,CONCORDANCIA_PERFEITA
dotacao,Rubrica específica de capacitação gerida pelo tribunal (texto livre),Estadual,1,1,3.45,3.45,0,CONCORDANCIA_PERFEITA
dotacao,Rubrica específica de capacitação gerida pelo tribunal (texto livre),Trabalho,0,0,0.0,0.0,0,CONCORDANCIA_PERFEITA
dotacao,Rubrica específica de capacitação gerida pelo tribunal (texto livre),Federal,1,1,12.5,12.5,0,CONCORDANCIA_PERFEITA
dotacao,Rubrica específica de capacitação gerida pelo tribunal (texto livre),Militar,0,0,0.0,0.0,0,CONCORDANCIA_PERFEITA
dotacao,Rubrica específica de capacitação gerida pelo tribunal (texto livre),Superior/Conselho,0,0,0.0,0.0,0,CONCORDANCIA_PERFEITA
orcamento,Até R$ 250 mil,Nacional,17,17,15.45,15.45,0,CONCORDANCIA_PERFEITA
orcamento,Até R$ 250 mil,Eleitoral,13,13,33.33,33.33,0,CONCORDANCIA_PERFEITA
orcamento,Até R$ 250 mil,Estadual,2,2,6.9,6.9,0,CONCORDANCIA_PERFEITA
orcamento,Até R$ 250 mil,Trabalho,0,0,0.0,0.0,0,CONCORDANCIA_PERFEITA
orcamento,Até R$ 250 mil,Federal,1,1,12.5,12.5,0,CONCORDANCIA_PERFEITA
orcamento,Até R$ 250 mil,Militar,1,1,20.0,20.0,0,CONCORDANCIA_PERFEITA
orcamento,Até R$ 250 mil,Superior/Conselho,0,0,0.0,0.0,0,CONCORDANCIA_PERFEITA
orcamento,R$ 250 mil a R$ 1 mi,Nacional,41,41,37.27,37.27,0,CONCORDANCIA_PERFEITA
orcamento,R$ 250 mil a R$ 1 mi,Eleitoral,24,24,61.54,61.54,0,CONCORDANCIA_PERFEITA
orcamento,R$ 250 mil a R$ 1 mi,Estadual,2,2,6.9,6.9,0,CONCORDANCIA_PERFEITA
orcamento,R$ 250 mil a R$ 1 mi,Trabalho,9,9,34.62,34.62,0,CONCORDANCIA_PERFEITA
orcamento,R$ 250 mil a R$ 1 mi,Federal,3,3,37.5,37.5,0,CONCORDANCIA_PERFEITA
orcamento,R$ 250 mil a R$ 1 mi,Militar,2,2,40.0,40.0,0,CONCORDANCIA_PERFEITA
orcamento,R$ 250 mil a R$ 1 mi,Superior/Conselho,1,1,33.33,33.33,0,CONCORDANCIA_PERFEITA
orcamento,R$ 1 mi a R$ 5 mi,Nacional,39,39,35.45,35.45,0,CONCORDANCIA_PERFEITA
orcamento,R$ 1 mi a R$ 5 mi,Eleitoral,1,1,2.56,2.56,0,CONCORDANCIA_PERFEITA
orcamento,R$ 1 mi a R$ 5 mi,Estadual,14,14,48.28,48.28,0,CONCORDANCIA_PERFEITA
orcamento,R$ 1 mi a R$ 5 mi,Trabalho,17,17,65.38,65.38,0,CONCORDANCIA_PERFEITA
orcamento,R$ 1 mi a R$ 5 mi,Federal,4,4,50.0,50.0,0,CONCORDANCIA_PERFEITA
orcamento,R$ 1 mi a R$ 5 mi,Militar,1,1,20.0,20.0,0,CONCORDANCIA_PERFEITA
orcamento,R$ 1 mi a R$ 5 mi,Superior/Conselho,2,2,66.67,66.67,0,CONCORDANCIA_PERFEITA
orcamento,Acima de R$ 5 mi,Nacional,11,11,10.0,10.0,0,CONCORDANCIA_PERFEITA
orcamento,Acima de R$ 5 mi,Eleitoral,0,0,0.0,0.0,0,CONCORDANCIA_PERFEITA
orcamento,Acima de R$ 5 mi,Estadual,11,11,37.93,37.93,0,CONCORDANCIA_PERFEITA
orcamento,Acima de R$ 5 mi,Trabalho,0,0,0.0,0.0,0,CONCORDANCIA_PERFEITA
orcamento,Acima de R$ 5 mi,Federal,0,0,0.0,0.0,0,CONCORDANCIA_PERFEITA
orcamento,Acima de R$ 5 mi,Militar,0,0,0.0,0.0,0,CONCORDANCIA_PERFEITA
orcamento,Acima de R$ 5 mi,Superior/Conselho,0,0,0.0,0.0,0,CONCORDANCIA_PERFEITA
orcamento,Sem informação consolidada,Nacional,2,2,1.82,1.82,0,CONCORDANCIA_PERFEITA
orcamento,Sem informação consolidada,Eleitoral,1,1,2.56,2.56,0,CONCORDANCIA_PERFEITA
orcamento,Sem informação consolidada,Estadual,0,0,0.0,0.0,0,CONCORDANCIA_PERFEITA
orcamento,Sem informação consolidada,Trabalho,0,0,0.0,0.0,0,CONCORDANCIA_PERFEITA
orcamento,Sem informação consolidada,Federal,0,0,0.0,0.0,0,CONCORDANCIA_PERFEITA
orcamento,Sem informação consolidada,Militar,1,1,20.0,20.0,0,CONCORDANCIA_PERFEITA
orcamento,Sem informação consolidada,Superior/Conselho,0,0,0.0,0.0,0,CONCORDANCIA_PERFEITA
efetivos,Nenhum,Nacional,1,1,0.91,0.91,0,CONCORDANCIA_PERFEITA
efetivos,Nenhum,Eleitoral,0,0,0.0,0.0,0,CONCORDANCIA_PERFEITA
efetivos,Nenhum,Estadual,0,0,0.0,0.0,0,CONCORDANCIA_PERFEITA
efetivos,Nenhum,Trabalho,0,0,0.0,0.0,0,CONCORDANCIA_PERFEITA
efetivos,Nenhum,Federal,0,0,0.0,0.0,0,CONCORDANCIA_PERFEITA
efetivos,Nenhum,Militar,1,1,20.0,20.0,0,CONCORDANCIA_PERFEITA
efetivos,Nenhum,Superior/Conselho,0,0,0.0,0.0,0,CONCORDANCIA_PERFEITA
efetivos,1 a 3,Nacional,23,23,20.91,20.91,0,CONCORDANCIA_PERFEITA
efetivos,1 a 3,Eleitoral,14,14,35.9,35.9,0,CONCORDANCIA_PERFEITA
efetivos,1 a 3,Estadual,5,5,17.24,17.24,0,CONCORDANCIA_PERFEITA
efetivos,1 a 3,Trabalho,1,1,3.85,3.85,0,CONCORDANCIA_PERFEITA
efetivos,1 a 3,Federal,1,1,12.5,12.5,0,CONCORDANCIA_PERFEITA
efetivos,1 a 3,Militar,2,2,40.0,40.0,0,CONCORDANCIA_PERFEITA
efetivos,1 a 3,Superior/Conselho,0,0,0.0,0.0,0,CONCORDANCIA_PERFEITA
efetivos,4 a 10,Nacional,45,45,40.91,40.91,0,CONCORDANCIA_PERFEITA
efetivos,4 a 10,Eleitoral,19,19,48.72,48.72,0,CONCORDANCIA_PERFEITA
efetivos,4 a 10,Estadual,6,6,20.69,20.69,0,CONCORDANCIA_PERFEITA
efetivos,4 a 10,Trabalho,13,13,50.0,50.0,0,CONCORDANCIA_PERFEITA
efetivos,4 a 10,Federal,6,6,75.0,75.0,0,CONCORDANCIA_PERFEITA
efetivos,4 a 10,Militar,0,0,0.0,0.0,0,CONCORDANCIA_PERFEITA
efetivos,4 a 10,Superior/Conselho,1,1,33.33,33.33,0,CONCORDANCIA_PERFEITA
efetivos,Mais de 10,Nacional,41,41,37.27,37.27,0,CONCORDANCIA_PERFEITA
efetivos,Mais de 10,Eleitoral,6,6,15.38,15.38,0,CONCORDANCIA_PERFEITA
efetivos,Mais de 10,Estadual,18,18,62.07,62.07,0,CONCORDANCIA_PERFEITA
efetivos,Mais de 10,Trabalho,12,12,46.15,46.15,0,CONCORDANCIA_PERFEITA
efetivos,Mais de 10,Federal,1,1,12.5,12.5,0,CONCORDANCIA_PERFEITA
efetivos,Mais de 10,Militar,2,2,40.0,40.0,0,CONCORDANCIA_PERFEITA
efetivos,Mais de 10,Superior/Conselho,2,2,66.67,66.67,0,CONCORDANCIA_PERFEITA
comissionados,Nenhum,Nacional,1,1,0.91,0.91,0,CONCORDANCIA_PERFEITA
comissionados,Nenhum,Eleitoral,0,0,0.0,0.0,0,CONCORDANCIA_PERFEITA
comissionados,Nenhum,Estadual,0,0,0.0,0.0,0,CONCORDANCIA_PERFEITA
comissionados,Nenhum,Trabalho,1,1,3.85,3.85,0,CONCORDANCIA_PERFEITA
comissionados,Nenhum,Federal,0,0,0.0,0.0,0,CONCORDANCIA_PERFEITA
comissionados,Nenhum,Militar,0,0,0.0,0.0,0,CONCORDANCIA_PERFEITA
comissionados,Nenhum,Superior/Conselho,0,0,0.0,0.0,0,CONCORDANCIA_PERFEITA
comissionados,1 a 3,Nacional,37,37,33.64,33.64,0,CONCORDANCIA_PERFEITA
comissionados,1 a 3,Eleitoral,22,22,56.41,56.41,0,CONCORDANCIA_PERFEITA
comissionados,1 a 3,Estadual,3,3,10.34,10.34,0,CONCORDANCIA_PERFEITA
comissionados,1 a 3,Trabalho,7,7,26.92,26.92,0,CONCORDANCIA_PERFEITA
comissionados,1 a 3,Federal,2,2,25.0,25.0,0,CONCORDANCIA_PERFEITA
comissionados,1 a 3,Militar,3,3,60.0,60.0,0,CONCORDANCIA_PERFEITA
comissionados,1 a 3,Superior/Conselho,0,0,0.0,0.0,0,CONCORDANCIA_PERFEITA
comissionados,4 a 10,Nacional,47,47,42.73,42.73,0,CONCORDANCIA_PERFEITA
comissionados,4 a 10,Eleitoral,13,13,33.33,33.33,0,CONCORDANCIA_PERFEITA
comissionados,4 a 10,Estadual,12,12,41.38,41.38,0,CONCORDANCIA_PERFEITA
comissionados,4 a 10,Trabalho,14,14,53.85,53.85,0,CONCORDANCIA_PERFEITA
comissionados,4 a 10,Federal,6,6,75.0,75.0,0,CONCORDANCIA_PERFEITA
comissionados,4 a 10,Militar,0,0,0.0,0.0,0,CONCORDANCIA_PERFEITA
comissionados,4 a 10,Superior/Conselho,2,2,66.67,66.67,0,CONCORDANCIA_PERFEITA
comissionados,Mais de 10,Nacional,22,22,20.0,20.0,0,CONCORDANCIA_PERFEITA
comissionados,Mais de 10,Eleitoral,1,1,2.56,2.56,0,CONCORDANCIA_PERFEITA
comissionados,Mais de 10,Estadual,14,14,48.28,48.28,0,CONCORDANCIA_PERFEITA
comissionados,Mais de 10,Trabalho,4,4,15.38,15.38,0,CONCORDANCIA_PERFEITA
comissionados,Mais de 10,Federal,0,0,0.0,0.0,0,CONCORDANCIA_PERFEITA
comissionados,Mais de 10,Militar,2,2,40.0,40.0,0,CONCORDANCIA_PERFEITA
comissionados,Mais de 10,Superior/Conselho,1,1,33.33,33.33,0,CONCORDANCIA_PERFEITA
comissionados,(sem resposta),Nacional,3,3,2.73,2.73,0,CONCORDANCIA_PERFEITA
comissionados,(sem resposta),Eleitoral,3,3,7.69,7.69,0,CONCORDANCIA_PERFEITA
comissionados,(sem resposta),Estadual,0,0,0.0,0.0,0,CONCORDANCIA_PERFEITA
comissionados,(sem resposta),Trabalho,0,0,0.0,0.0,0,CONCORDANCIA_PERFEITA
comissionados,(sem resposta),Federal,0,0,0.0,0.0,0,CONCORDANCIA_PERFEITA
comissionados,(sem resposta),Militar,0,0,0.0,0.0,0,CONCORDANCIA_PERFEITA
comissionados,(sem resposta),Superior/Conselho,0,0,0.0,0.0,0,CONCORDANCIA_PERFEITA
magistrados_gestao,Nenhum,Nacional,24,24,21.82,21.82,0,CONCORDANCIA_PERFEITA
magistrados_gestao,Nenhum,Eleitoral,11,11,28.21,28.21,0,CONCORDANCIA_PERFEITA
magistrados_gestao,Nenhum,Estadual,5,5,17.24,17.24,0,CONCORDANCIA_PERFEITA
magistrados_gestao,Nenhum,Trabalho,2,2,7.69,7.69,0,CONCORDANCIA_PERFEITA
magistrados_gestao,Nenhum,Federal,3,3,37.5,37.5,0,CONCORDANCIA_PERFEITA
magistrados_gestao,Nenhum,Militar,1,1,20.0,20.0,0,CONCORDANCIA_PERFEITA
magistrados_gestao,Nenhum,Superior/Conselho,2,2,66.67,66.67,0,CONCORDANCIA_PERFEITA
magistrados_gestao,1 a 3,Nacional,70,70,63.64,63.64,0,CONCORDANCIA_PERFEITA
magistrados_gestao,1 a 3,Eleitoral,24,24,61.54,61.54,0,CONCORDANCIA_PERFEITA
magistrados_gestao,1 a 3,Estadual,17,17,58.62,58.62,0,CONCORDANCIA_PERFEITA
magistrados_gestao,1 a 3,Trabalho,20,20,76.92,76.92,0,CONCORDANCIA_PERFEITA
magistrados_gestao,1 a 3,Federal,4,4,50.0,50.0,0,CONCORDANCIA_PERFEITA
magistrados_gestao,1 a 3,Militar,4,4,80.0,80.0,0,CONCORDANCIA_PERFEITA
magistrados_gestao,1 a 3,Superior/Conselho,1,1,33.33,33.33,0,CONCORDANCIA_PERFEITA
magistrados_gestao,4 a 10,Nacional,9,9,8.18,8.18,0,CONCORDANCIA_PERFEITA
magistrados_gestao,4 a 10,Eleitoral,1,1,2.56,2.56,0,CONCORDANCIA_PERFEITA
magistrados_gestao,4 a 10,Estadual,4,4,13.79,13.79,0,CONCORDANCIA_PERFEITA
magistrados_gestao,4 a 10,Trabalho,4,4,15.38,15.38,0,CONCORDANCIA_PERFEITA
magistrados_gestao,4 a 10,Federal,0,0,0.0,0.0,0,CONCORDANCIA_PERFEITA
magistrados_gestao,4 a 10,Militar,0,0,0.0,0.0,0,CONCORDANCIA_PERFEITA
magistrados_gestao,4 a 10,Superior/Conselho,0,0,0.0,0.0,0,CONCORDANCIA_PERFEITA
magistrados_gestao,Mais de 10,Nacional,2,2,1.82,1.82,0,CONCORDANCIA_PERFEITA
magistrados_gestao,Mais de 10,Eleitoral,0,0,0.0,0.0,0,CONCORDANCIA_PERFEITA
magistrados_gestao,Mais de 10,Estadual,2,2,6.9,6.9,0,CONCORDANCIA_PERFEITA
magistrados_gestao,Mais de 10,Trabalho,0,0,0.0,0.0,0,CONCORDANCIA_PERFEITA
magistrados_gestao,Mais de 10,Federal,0,0,0.0,0.0,0,CONCORDANCIA_PERFEITA
magistrados_gestao,Mais de 10,Militar,0,0,0.0,0.0,0,CONCORDANCIA_PERFEITA
magistrados_gestao,Mais de 10,Superior/Conselho,0,0,0.0,0.0,0,CONCORDANCIA_PERFEITA
magistrados_gestao,(sem resposta),Nacional,5,5,4.55,4.55,0,CONCORDANCIA_PERFEITA
magistrados_gestao,(sem resposta),Eleitoral,3,3,7.69,7.69,0,CONCORDANCIA_PERFEITA
magistrados_gestao,(sem resposta),Estadual,1,1,3.45,3.45,0,CONCORDANCIA_PERFEITA
magistrados_gestao,(sem resposta),Trabalho,0,0,0.0,0.0,0,CONCORDANCIA_PERFEITA
magistrados_gestao,(sem resposta),Federal,1,1,12.5,12.5,0,CONCORDANCIA_PERFEITA
magistrados_gestao,(sem resposta),Militar,0,0,0.0,0.0,0,CONCORDANCIA_PERFEITA
magistrados_gestao,(sem resposta),Superior/Conselho,0,0,0.0,0.0,0,CONCORDANCIA_PERFEITA
ava,AVA próprio,Nacional,74,74,67.27,67.27,0,CONCORDANCIA_PERFEITA
ava,AVA próprio,Eleitoral,14,14,35.9,35.9,0,CONCORDANCIA_PERFEITA
ava,AVA próprio,Estadual,25,25,86.21,86.21,0,CONCORDANCIA_PERFEITA
ava,AVA próprio,Trabalho,23,23,88.46,88.46,0,CONCORDANCIA_PERFEITA
ava,AVA próprio,Federal,5,5,62.5,62.5,0,CONCORDANCIA_PERFEITA
ava,AVA próprio,Militar,4,4,80.0,80.0,0,CONCORDANCIA_PERFEITA
ava,AVA próprio,Superior/Conselho,3,3,100.0,100.0,0,CONCORDANCIA_PERFEITA
ava,AVA compartilhado com o tribunal,Nacional,26,26,23.64,23.64,0,CONCORDANCIA_PERFEITA
ava,AVA compartilhado com o tribunal,Eleitoral,17,17,43.59,43.59,0,CONCORDANCIA_PERFEITA
ava,AVA compartilhado com o tribunal,Estadual,4,4,13.79,13.79,0,CONCORDANCIA_PERFEITA
ava,AVA compartilhado com o tribunal,Trabalho,3,3,11.54,11.54,0,CONCORDANCIA_PERFEITA
ava,AVA compartilhado com o tribunal,Federal,2,2,25.0,25.0,0,CONCORDANCIA_PERFEITA
ava,AVA compartilhado com o tribunal,Militar,0,0,0.0,0.0,0,CONCORDANCIA_PERFEITA
ava,AVA compartilhado com o tribunal,Superior/Conselho,0,0,0.0,0.0,0,CONCORDANCIA_PERFEITA
ava,AVA de outra instituição (ENFAM/ENAJU/outra),Nacional,1,1,0.91,0.91,0,CONCORDANCIA_PERFEITA
ava,AVA de outra instituição (ENFAM/ENAJU/outra),Eleitoral,1,1,2.56,2.56,0,CONCORDANCIA_PERFEITA
ava,AVA de outra instituição (ENFAM/ENAJU/outra),Estadual,0,0,0.0,0.0,0,CONCORDANCIA_PERFEITA
ava,AVA de outra instituição (ENFAM/ENAJU/outra),Trabalho,0,0,0.0,0.0,0,CONCORDANCIA_PERFEITA
ava,AVA de outra instituição (ENFAM/ENAJU/outra),Federal,0,0,0.0,0.0,0,CONCORDANCIA_PERFEITA
ava,AVA de outra instituição (ENFAM/ENAJU/outra),Militar,0,0,0.0,0.0,0,CONCORDANCIA_PERFEITA
ava,AVA de outra instituição (ENFAM/ENAJU/outra),Superior/Conselho,0,0,0.0,0.0,0,CONCORDANCIA_PERFEITA
ava,Sem AVA,Nacional,9,9,8.18,8.18,0,CONCORDANCIA_PERFEITA
ava,Sem AVA,Eleitoral,7,7,17.95,17.95,0,CONCORDANCIA_PERFEITA
ava,Sem AVA,Estadual,0,0,0.0,0.0,0,CONCORDANCIA_PERFEITA
ava,Sem AVA,Trabalho,0,0,0.0,0.0,0,CONCORDANCIA_PERFEITA
ava,Sem AVA,Federal,1,1,12.5,12.5,0,CONCORDANCIA_PERFEITA
ava,Sem AVA,Militar,1,1,20.0,20.0,0,CONCORDANCIA_PERFEITA
ava,Sem AVA,Superior/Conselho,0,0,0.0,0.0,0,CONCORDANCIA_PERFEITA
capacidade_ead,"Equipe multidisciplinar dedicada, com designer instrucional, audiovisual e TI",Nacional,27,27,24.55,24.55,0,CONCORDANCIA_PERFEITA
capacidade_ead,"Equipe multidisciplinar dedicada, com designer instrucional, audiovisual e TI",Eleitoral,5,5,12.82,12.82,0,CONCORDANCIA_PERFEITA
capacidade_ead,"Equipe multidisciplinar dedicada, com designer instrucional, audiovisual e TI",Estadual,14,14,48.28,48.28,0,CONCORDANCIA_PERFEITA
capacidade_ead,"Equipe multidisciplinar dedicada, com designer instrucional, audiovisual e TI",Trabalho,4,4,15.38,15.38,0,CONCORDANCIA_PERFEITA
capacidade_ead,"Equipe multidisciplinar dedicada, com designer instrucional, audiovisual e TI",Federal,2,2,25.0,25.0,0,CONCORDANCIA_PERFEITA
capacidade_ead,"Equipe multidisciplinar dedicada, com designer instrucional, audiovisual e TI",Militar,1,1,20.0,20.0,0,CONCORDANCIA_PERFEITA
capacidade_ead,"Equipe multidisciplinar dedicada, com designer instrucional, audiovisual e TI",Superior/Conselho,1,1,33.33,33.33,0,CONCORDANCIA_PERFEITA
capacidade_ead,"Produção parcial, com apoio pontual de outras áreas",Nacional,49,49,44.55,44.55,0,CONCORDANCIA_PERFEITA
capacidade_ead,"Produção parcial, com apoio pontual de outras áreas",Eleitoral,17,17,43.59,43.59,0,CONCORDANCIA_PERFEITA
capacidade_ead,"Produção parcial, com apoio pontual de outras áreas",Estadual,11,11,37.93,37.93,0,CONCORDANCIA_PERFEITA
capacidade_ead,"Produção parcial, com apoio pontual de outras áreas",Trabalho,12,12,46.15,46.15,0,CONCORDANCIA_PERFEITA
capacidade_ead,"Produção parcial, com apoio pontual de outras áreas",Federal,5,5,62.5,62.5,0,CONCORDANCIA_PERFEITA
capacidade_ead,"Produção parcial, com apoio pontual de outras áreas",Militar,2,2,40.0,40.0,0,CONCORDANCIA_PERFEITA
capacidade_ead,"Produção parcial, com apoio pontual de outras áreas",Superior/Conselho,2,2,66.67,66.67,0,CONCORDANCIA_PERFEITA
capacidade_ead,Não há capacidade própria de produção,Nacional,34,34,30.91,30.91,0,CONCORDANCIA_PERFEITA
capacidade_ead,Não há capacidade própria de produção,Eleitoral,17,17,43.59,43.59,0,CONCORDANCIA_PERFEITA
capacidade_ead,Não há capacidade própria de produção,Estadual,4,4,13.79,13.79,0,CONCORDANCIA_PERFEITA
capacidade_ead,Não há capacidade própria de produção,Trabalho,10,10,38.46,38.46,0,CONCORDANCIA_PERFEITA
capacidade_ead,Não há capacidade própria de produção,Federal,1,1,12.5,12.5,0,CONCORDANCIA_PERFEITA
capacidade_ead,Não há capacidade própria de produção,Militar,2,2,40.0,40.0,0,CONCORDANCIA_PERFEITA
capacidade_ead,Não há capacidade própria de produção,Superior/Conselho,0,0,0.0,0.0,0,CONCORDANCIA_PERFEITA
plano_2026,Sim,Nacional,105,105,95.45,95.45,0,CONCORDANCIA_PERFEITA
plano_2026,Sim,Eleitoral,39,39,100.0,100.0,0,CONCORDANCIA_PERFEITA
plano_2026,Sim,Estadual,26,26,89.66,89.66,0,CONCORDANCIA_PERFEITA
plano_2026,Sim,Trabalho,25,25,96.15,96.15,0,CONCORDANCIA_PERFEITA
plano_2026,Sim,Federal,8,8,100.0,100.0,0,CONCORDANCIA_PERFEITA
plano_2026,Sim,Militar,5,5,100.0,100.0,0,CONCORDANCIA_PERFEITA
plano_2026,Sim,Superior/Conselho,2,2,66.67,66.67,0,CONCORDANCIA_PERFEITA
plano_2026,Em elaboração,Nacional,5,5,4.55,4.55,0,CONCORDANCIA_PERFEITA
plano_2026,Em elaboração,Eleitoral,0,0,0.0,0.0,0,CONCORDANCIA_PERFEITA
plano_2026,Em elaboração,Estadual,3,3,10.34,10.34,0,CONCORDANCIA_PERFEITA
plano_2026,Em elaboração,Trabalho,1,1,3.85,3.85,0,CONCORDANCIA_PERFEITA
plano_2026,Em elaboração,Federal,0,0,0.0,0.0,0,CONCORDANCIA_PERFEITA
plano_2026,Em elaboração,Militar,0,0,0.0,0.0,0,CONCORDANCIA_PERFEITA
plano_2026,Em elaboração,Superior/Conselho,1,1,33.33,33.33,0,CONCORDANCIA_PERFEITA
cadastro_formadores,Sim,Nacional,97,97,88.18,88.18,0,CONCORDANCIA_PERFEITA
cadastro_formadores,Sim,Eleitoral,30,30,76.92,76.92,0,CONCORDANCIA_PERFEITA
cadastro_formadores,Sim,Estadual,29,29,100.0,100.0,0,CONCORDANCIA_PERFEITA
cadastro_formadores,Sim,Trabalho,24,24,92.31,92.31,0,CONCORDANCIA_PERFEITA
cadastro_formadores,Sim,Federal,6,6,75.0,75.0,0,CONCORDANCIA_PERFEITA
cadastro_formadores,Sim,Militar,5,5,100.0,100.0,0,CONCORDANCIA_PERFEITA
cadastro_formadores,Sim,Superior/Conselho,3,3,100.0,100.0,0,CONCORDANCIA_PERFEITA
cadastro_formadores,Não,Nacional,13,13,11.82,11.82,0,CONCORDANCIA_PERFEITA
cadastro_formadores,Não,Eleitoral,9,9,23.08,23.08,0,CONCORDANCIA_PERFEITA
cadastro_formadores,Não,Estadual,0,0,0.0,0.0,0,CONCORDANCIA_PERFEITA
cadastro_formadores,Não,Trabalho,2,2,7.69,7.69,0,CONCORDANCIA_PERFEITA
cadastro_formadores,Não,Federal,2,2,25.0,25.0,0,CONCORDANCIA_PERFEITA
cadastro_formadores,Não,Militar,0,0,0.0,0.0,0,CONCORDANCIA_PERFEITA
cadastro_formadores,Não,Superior/Conselho,0,0,0.0,0.0,0,CONCORDANCIA_PERFEITA
formacao_formadores,Programa permanente com certificação,Nacional,18,18,16.36,16.36,0,CONCORDANCIA_PERFEITA
formacao_formadores,Programa permanente com certificação,Eleitoral,0,0,0.0,0.0,0,CONCORDANCIA_PERFEITA
formacao_formadores,Programa permanente com certificação,Estadual,15,15,51.72,51.72,0,CONCORDANCIA_PERFEITA
formacao_formadores,Programa permanente com certificação,Trabalho,2,2,7.69,7.69,0,CONCORDANCIA_PERFEITA
formacao_formadores,Programa permanente com certificação,Federal,0,0,0.0,0.0,0,CONCORDANCIA_PERFEITA
formacao_formadores,Programa permanente com certificação,Militar,1,1,20.0,20.0,0,CONCORDANCIA_PERFEITA
formacao_formadores,Programa permanente com certificação,Superior/Conselho,0,0,0.0,0.0,0,CONCORDANCIA_PERFEITA
formacao_formadores,Ações pontuais,Nacional,35,35,31.82,31.82,0,CONCORDANCIA_PERFEITA
formacao_formadores,Ações pontuais,Eleitoral,9,9,23.08,23.08,0,CONCORDANCIA_PERFEITA
formacao_formadores,Ações pontuais,Estadual,8,8,27.59,27.59,0,CONCORDANCIA_PERFEITA
formacao_formadores,Ações pontuais,Trabalho,13,13,50.0,50.0,0,CONCORDANCIA_PERFEITA
formacao_formadores,Ações pontuais,Federal,3,3,37.5,37.5,0,CONCORDANCIA_PERFEITA
formacao_formadores,Ações pontuais,Militar,1,1,20.0,20.0,0,CONCORDANCIA_PERFEITA
formacao_formadores,Ações pontuais,Superior/Conselho,1,1,33.33,33.33,0,CONCORDANCIA_PERFEITA
formacao_formadores,Não desenvolve,Nacional,51,51,46.36,46.36,0,CONCORDANCIA_PERFEITA
formacao_formadores,Não desenvolve,Eleitoral,27,27,69.23,69.23,0,CONCORDANCIA_PERFEITA
formacao_formadores,Não desenvolve,Estadual,5,5,17.24,17.24,0,CONCORDANCIA_PERFEITA
formacao_formadores,Não desenvolve,Trabalho,11,11,42.31,42.31,0,CONCORDANCIA_PERFEITA
formacao_formadores,Não desenvolve,Federal,4,4,50.0,50.0,0,CONCORDANCIA_PERFEITA
formacao_formadores,Não desenvolve,Militar,2,2,40.0,40.0,0,CONCORDANCIA_PERFEITA
formacao_formadores,Não desenvolve,Superior/Conselho,2,2,66.67,66.67,0,CONCORDANCIA_PERFEITA
formacao_formadores,Participação em programa/eventos externos (texto livre),Nacional,4,4,3.64,3.64,0,CONCORDANCIA_PERFEITA
formacao_formadores,Participação em programa/eventos externos (texto livre),Eleitoral,1,1,2.56,2.56,0,CONCORDANCIA_PERFEITA
formacao_formadores,Participação em programa/eventos externos (texto livre),Estadual,1,1,3.45,3.45,0,CONCORDANCIA_PERFEITA
formacao_formadores,Participação em programa/eventos externos (texto livre),Trabalho,0,0,0.0,0.0,0,CONCORDANCIA_PERFEITA
formacao_formadores,Participação em programa/eventos externos (texto livre),Federal,1,1,12.5,12.5,0,CONCORDANCIA_PERFEITA
formacao_formadores,Participação em programa/eventos externos (texto livre),Militar,1,1,20.0,20.0,0,CONCORDANCIA_PERFEITA
formacao_formadores,Participação em programa/eventos externos (texto livre),Superior/Conselho,0,0,0.0,0.0,0,CONCORDANCIA_PERFEITA
formacao_formadores,"Outro texto livre, não classificável",Nacional,1,1,0.91,0.91,0,CONCORDANCIA_PERFEITA
formacao_formadores,"Outro texto livre, não classificável",Eleitoral,1,1,2.56,2.56,0,CONCORDANCIA_PERFEITA
formacao_formadores,"Outro texto livre, não classificável",Estadual,0,0,0.0,0.0,0,CONCORDANCIA_PERFEITA
formacao_formadores,"Outro texto livre, não classificável",Trabalho,0,0,0.0,0.0,0,CONCORDANCIA_PERFEITA
formacao_formadores,"Outro texto livre, não classificável",Federal,0,0,0.0,0.0,0,CONCORDANCIA_PERFEITA
formacao_formadores,"Outro texto livre, não classificável",Militar,0,0,0.0,0.0,0,CONCORDANCIA_PERFEITA
formacao_formadores,"Outro texto livre, não classificável",Superior/Conselho,0,0,0.0,0.0,0,CONCORDANCIA_PERFEITA
formacao_formadores,Não se aplica (texto livre),Nacional,1,1,0.91,0.91,0,CONCORDANCIA_PERFEITA
formacao_formadores,Não se aplica (texto livre),Eleitoral,1,1,2.56,2.56,0,CONCORDANCIA_PERFEITA
formacao_formadores,Não se aplica (texto livre),Estadual,0,0,0.0,0.0,0,CONCORDANCIA_PERFEITA
formacao_formadores,Não se aplica (texto livre),Trabalho,0,0,0.0,0.0,0,CONCORDANCIA_PERFEITA
formacao_formadores,Não se aplica (texto livre),Federal,0,0,0.0,0.0,0,CONCORDANCIA_PERFEITA
formacao_formadores,Não se aplica (texto livre),Militar,0,0,0.0,0.0,0,CONCORDANCIA_PERFEITA
formacao_formadores,Não se aplica (texto livre),Superior/Conselho,0,0,0.0,0.0,0,CONCORDANCIA_PERFEITA
relacao_cursos,Sim,Nacional,96,96,87.27,87.27,0,CONCORDANCIA_PERFEITA
relacao_cursos,Sim,Eleitoral,31,31,79.49,79.49,0,CONCORDANCIA_PERFEITA
relacao_cursos,Sim,Estadual,28,28,96.55,96.55,0,CONCORDANCIA_PERFEITA
relacao_cursos,Sim,Trabalho,24,24,92.31,92.31,0,CONCORDANCIA_PERFEITA
relacao_cursos,Sim,Federal,7,7,87.5,87.5,0,CONCORDANCIA_PERFEITA
relacao_cursos,Sim,Militar,4,4,80.0,80.0,0,CONCORDANCIA_PERFEITA
relacao_cursos,Sim,Superior/Conselho,2,2,66.67,66.67,0,CONCORDANCIA_PERFEITA
relacao_cursos,Não,Nacional,14,14,12.73,12.73,0,CONCORDANCIA_PERFEITA
relacao_cursos,Não,Eleitoral,8,8,20.51,20.51,0,CONCORDANCIA_PERFEITA
relacao_cursos,Não,Estadual,1,1,3.45,3.45,0,CONCORDANCIA_PERFEITA
relacao_cursos,Não,Trabalho,2,2,7.69,7.69,0,CONCORDANCIA_PERFEITA
relacao_cursos,Não,Federal,1,1,12.5,12.5,0,CONCORDANCIA_PERFEITA
relacao_cursos,Não,Militar,1,1,20.0,20.0,0,CONCORDANCIA_PERFEITA
relacao_cursos,Não,Superior/Conselho,1,1,33.33,33.33,0,CONCORDANCIA_PERFEITA
egressos,"Sim, de forma sistemática",Nacional,10,10,9.09,9.09,0,CONCORDANCIA_PERFEITA
egressos,"Sim, de forma sistemática",Eleitoral,2,2,5.13,5.13,0,CONCORDANCIA_PERFEITA
egressos,"Sim, de forma sistemática",Estadual,4,4,13.79,13.79,0,CONCORDANCIA_PERFEITA
egressos,"Sim, de forma sistemática",Trabalho,2,2,7.69,7.69,0,CONCORDANCIA_PERFEITA
egressos,"Sim, de forma sistemática",Federal,1,1,12.5,12.5,0,CONCORDANCIA_PERFEITA
egressos,"Sim, de forma sistemática",Militar,0,0,0.0,0.0,0,CONCORDANCIA_PERFEITA
egressos,"Sim, de forma sistemática",Superior/Conselho,1,1,33.33,33.33,0,CONCORDANCIA_PERFEITA
egressos,"Sim, de forma pontual",Nacional,19,19,17.27,17.27,0,CONCORDANCIA_PERFEITA
egressos,"Sim, de forma pontual",Eleitoral,4,4,10.26,10.26,0,CONCORDANCIA_PERFEITA
egressos,"Sim, de forma pontual",Estadual,7,7,24.14,24.14,0,CONCORDANCIA_PERFEITA
egressos,"Sim, de forma pontual",Trabalho,5,5,19.23,19.23,0,CONCORDANCIA_PERFEITA
egressos,"Sim, de forma pontual",Federal,1,1,12.5,12.5,0,CONCORDANCIA_PERFEITA
egressos,"Sim, de forma pontual",Militar,2,2,40.0,40.0,0,CONCORDANCIA_PERFEITA
egressos,"Sim, de forma pontual",Superior/Conselho,0,0,0.0,0.0,0,CONCORDANCIA_PERFEITA
egressos,Não realiza,Nacional,81,81,73.64,73.64,0,CONCORDANCIA_PERFEITA
egressos,Não realiza,Eleitoral,33,33,84.62,84.62,0,CONCORDANCIA_PERFEITA
egressos,Não realiza,Estadual,18,18,62.07,62.07,0,CONCORDANCIA_PERFEITA
egressos,Não realiza,Trabalho,19,19,73.08,73.08,0,CONCORDANCIA_PERFEITA
egressos,Não realiza,Federal,6,6,75.0,75.0,0,CONCORDANCIA_PERFEITA
egressos,Não realiza,Militar,3,3,60.0,60.0,0,CONCORDANCIA_PERFEITA
egressos,Não realiza,Superior/Conselho,2,2,66.67,66.67,0,CONCORDANCIA_PERFEITA
parcerias,"Sim, com convênios/acordos vigentes",Nacional,94,94,85.45,85.45,0,CONCORDANCIA_PERFEITA
parcerias,"Sim, com convênios/acordos vigentes",Eleitoral,32,32,82.05,82.05,0,CONCORDANCIA_PERFEITA
parcerias,"Sim, com convênios/acordos vigentes",Estadual,27,27,93.1,93.1,0,CONCORDANCIA_PERFEITA
parcerias,"Sim, com convênios/acordos vigentes",Trabalho,22,22,84.62,84.62,0,CONCORDANCIA_PERFEITA
parcerias,"Sim, com convênios/acordos vigentes",Federal,5,5,62.5,62.5,0,CONCORDANCIA_PERFEITA
parcerias,"Sim, com convênios/acordos vigentes",Militar,5,5,100.0,100.0,0,CONCORDANCIA_PERFEITA
parcerias,"Sim, com convênios/acordos vigentes",Superior/Conselho,3,3,100.0,100.0,0,CONCORDANCIA_PERFEITA
parcerias,"Sim, com parcerias informais",Nacional,9,9,8.18,8.18,0,CONCORDANCIA_PERFEITA
parcerias,"Sim, com parcerias informais",Eleitoral,2,2,5.13,5.13,0,CONCORDANCIA_PERFEITA
parcerias,"Sim, com parcerias informais",Estadual,2,2,6.9,6.9,0,CONCORDANCIA_PERFEITA
parcerias,"Sim, com parcerias informais",Trabalho,2,2,7.69,7.69,0,CONCORDANCIA_PERFEITA
parcerias,"Sim, com parcerias informais",Federal,3,3,37.5,37.5,0,CONCORDANCIA_PERFEITA
parcerias,"Sim, com parcerias informais",Militar,0,0,0.0,0.0,0,CONCORDANCIA_PERFEITA
parcerias,"Sim, com parcerias informais",Superior/Conselho,0,0,0.0,0.0,0,CONCORDANCIA_PERFEITA
parcerias,Não mantém parcerias,Nacional,7,7,6.36,6.36,0,CONCORDANCIA_PERFEITA
parcerias,Não mantém parcerias,Eleitoral,5,5,12.82,12.82,0,CONCORDANCIA_PERFEITA
parcerias,Não mantém parcerias,Estadual,0,0,0.0,0.0,0,CONCORDANCIA_PERFEITA
parcerias,Não mantém parcerias,Trabalho,2,2,7.69,7.69,0,CONCORDANCIA_PERFEITA
parcerias,Não mantém parcerias,Federal,0,0,0.0,0.0,0,CONCORDANCIA_PERFEITA
parcerias,Não mantém parcerias,Militar,0,0,0.0,0.0,0,CONCORDANCIA_PERFEITA
parcerias,Não mantém parcerias,Superior/Conselho,0,0,0.0,0.0,0,CONCORDANCIA_PERFEITA
interesse,Alto,Nacional,58,58,52.73,52.73,0,CONCORDANCIA_PERFEITA
interesse,Alto,Eleitoral,19,19,48.72,48.72,0,CONCORDANCIA_PERFEITA
interesse,Alto,Estadual,22,22,75.86,75.86,0,CONCORDANCIA_PERFEITA
interesse,Alto,Trabalho,10,10,38.46,38.46,0,CONCORDANCIA_PERFEITA
interesse,Alto,Federal,3,3,37.5,37.5,0,CONCORDANCIA_PERFEITA
interesse,Alto,Militar,2,2,40.0,40.0,0,CONCORDANCIA_PERFEITA
interesse,Alto,Superior/Conselho,2,2,66.67,66.67,0,CONCORDANCIA_PERFEITA
interesse,Moderado,Nacional,47,47,42.73,42.73,0,CONCORDANCIA_PERFEITA
interesse,Moderado,Eleitoral,15,15,38.46,38.46,0,CONCORDANCIA_PERFEITA
interesse,Moderado,Estadual,7,7,24.14,24.14,0,CONCORDANCIA_PERFEITA
interesse,Moderado,Trabalho,16,16,61.54,61.54,0,CONCORDANCIA_PERFEITA
interesse,Moderado,Federal,5,5,62.5,62.5,0,CONCORDANCIA_PERFEITA
interesse,Moderado,Militar,3,3,60.0,60.0,0,CONCORDANCIA_PERFEITA
interesse,Moderado,Superior/Conselho,1,1,33.33,33.33,0,CONCORDANCIA_PERFEITA
interesse,Baixo,Nacional,5,5,4.55,4.55,0,CONCORDANCIA_PERFEITA
interesse,Baixo,Eleitoral,5,5,12.82,12.82,0,CONCORDANCIA_PERFEITA
interesse,Baixo,Estadual,0,0,0.0,0.0,0,CONCORDANCIA_PERFEITA
interesse,Baixo,Trabalho,0,0,0.0,0.0,0,CONCORDANCIA_PERFEITA
interesse,Baixo,Federal,0,0,0.0,0.0,0,CONCORDANCIA_PERFEITA
interesse,Baixo,Militar,0,0,0.0,0.0,0,CONCORDANCIA_PERFEITA
interesse,Baixo,Superior/Conselho,0,0,0.0,0.0,0,CONCORDANCIA_PERFEITA
n1,Na maioria das ações,Nacional,88,88,80.0,80.0,0,CONCORDANCIA_PERFEITA
n1,Na maioria das ações,Eleitoral,26,26,66.67,66.67,0,CONCORDANCIA_PERFEITA
n1,Na maioria das ações,Estadual,29,29,100.0,100.0,0,CONCORDANCIA_PERFEITA
n1,Na maioria das ações,Trabalho,22,22,84.62,84.62,0,CONCORDANCIA_PERFEITA
n1,Na maioria das ações,Federal,6,6,75.0,75.0,0,CONCORDANCIA_PERFEITA
n1,Na maioria das ações,Militar,3,3,60.0,60.0,0,CONCORDANCIA_PERFEITA
n1,Na maioria das ações,Superior/Conselho,2,2,66.67,66.67,0,CONCORDANCIA_PERFEITA
n1,Em parte das ações,Nacional,15,15,13.64,13.64,0,CONCORDANCIA_PERFEITA
n1,Em parte das ações,Eleitoral,8,8,20.51,20.51,0,CONCORDANCIA_PERFEITA
n1,Em parte das ações,Estadual,0,0,0.0,0.0,0,CONCORDANCIA_PERFEITA
n1,Em parte das ações,Trabalho,3,3,11.54,11.54,0,CONCORDANCIA_PERFEITA
n1,Em parte das ações,Federal,2,2,25.0,25.0,0,CONCORDANCIA_PERFEITA
n1,Em parte das ações,Militar,1,1,20.0,20.0,0,CONCORDANCIA_PERFEITA
n1,Em parte das ações,Superior/Conselho,1,1,33.33,33.33,0,CONCORDANCIA_PERFEITA
n1,Não aplica,Nacional,7,7,6.36,6.36,0,CONCORDANCIA_PERFEITA
n1,Não aplica,Eleitoral,5,5,12.82,12.82,0,CONCORDANCIA_PERFEITA
n1,Não aplica,Estadual,0,0,0.0,0.0,0,CONCORDANCIA_PERFEITA
n1,Não aplica,Trabalho,1,1,3.85,3.85,0,CONCORDANCIA_PERFEITA
n1,Não aplica,Federal,0,0,0.0,0.0,0,CONCORDANCIA_PERFEITA
n1,Não aplica,Militar,1,1,20.0,20.0,0,CONCORDANCIA_PERFEITA
n1,Não aplica,Superior/Conselho,0,0,0.0,0.0,0,CONCORDANCIA_PERFEITA
n2,Na maioria das ações,Nacional,32,32,29.09,29.09,0,CONCORDANCIA_PERFEITA
n2,Na maioria das ações,Eleitoral,8,8,20.51,20.51,0,CONCORDANCIA_PERFEITA
n2,Na maioria das ações,Estadual,13,13,44.83,44.83,0,CONCORDANCIA_PERFEITA
n2,Na maioria das ações,Trabalho,10,10,38.46,38.46,0,CONCORDANCIA_PERFEITA
n2,Na maioria das ações,Federal,1,1,12.5,12.5,0,CONCORDANCIA_PERFEITA
n2,Na maioria das ações,Militar,0,0,0.0,0.0,0,CONCORDANCIA_PERFEITA
n2,Na maioria das ações,Superior/Conselho,0,0,0.0,0.0,0,CONCORDANCIA_PERFEITA
n2,Em parte das ações,Nacional,42,42,38.18,38.18,0,CONCORDANCIA_PERFEITA
n2,Em parte das ações,Eleitoral,10,10,25.64,25.64,0,CONCORDANCIA_PERFEITA
n2,Em parte das ações,Estadual,12,12,41.38,41.38,0,CONCORDANCIA_PERFEITA
n2,Em parte das ações,Trabalho,12,12,46.15,46.15,0,CONCORDANCIA_PERFEITA
n2,Em parte das ações,Federal,2,2,25.0,25.0,0,CONCORDANCIA_PERFEITA
n2,Em parte das ações,Militar,3,3,60.0,60.0,0,CONCORDANCIA_PERFEITA
n2,Em parte das ações,Superior/Conselho,3,3,100.0,100.0,0,CONCORDANCIA_PERFEITA
n2,Não aplica,Nacional,36,36,32.73,32.73,0,CONCORDANCIA_PERFEITA
n2,Não aplica,Eleitoral,21,21,53.85,53.85,0,CONCORDANCIA_PERFEITA
n2,Não aplica,Estadual,4,4,13.79,13.79,0,CONCORDANCIA_PERFEITA
n2,Não aplica,Trabalho,4,4,15.38,15.38,0,CONCORDANCIA_PERFEITA
n2,Não aplica,Federal,5,5,62.5,62.5,0,CONCORDANCIA_PERFEITA
n2,Não aplica,Militar,2,2,40.0,40.0,0,CONCORDANCIA_PERFEITA
n2,Não aplica,Superior/Conselho,0,0,0.0,0.0,0,CONCORDANCIA_PERFEITA
n3,Na maioria das ações,Nacional,19,19,17.27,17.27,0,CONCORDANCIA_PERFEITA
n3,Na maioria das ações,Eleitoral,7,7,17.95,17.95,0,CONCORDANCIA_PERFEITA
n3,Na maioria das ações,Estadual,7,7,24.14,24.14,0,CONCORDANCIA_PERFEITA
n3,Na maioria das ações,Trabalho,4,4,15.38,15.38,0,CONCORDANCIA_PERFEITA
n3,Na maioria das ações,Federal,0,0,0.0,0.0,0,CONCORDANCIA_PERFEITA
n3,Na maioria das ações,Militar,1,1,20.0,20.0,0,CONCORDANCIA_PERFEITA
n3,Na maioria das ações,Superior/Conselho,0,0,0.0,0.0,0,CONCORDANCIA_PERFEITA
n3,Em parte das ações,Nacional,17,17,15.45,15.45,0,CONCORDANCIA_PERFEITA
n3,Em parte das ações,Eleitoral,3,3,7.69,7.69,0,CONCORDANCIA_PERFEITA
n3,Em parte das ações,Estadual,7,7,24.14,24.14,0,CONCORDANCIA_PERFEITA
n3,Em parte das ações,Trabalho,3,3,11.54,11.54,0,CONCORDANCIA_PERFEITA
n3,Em parte das ações,Federal,1,1,12.5,12.5,0,CONCORDANCIA_PERFEITA
n3,Em parte das ações,Militar,2,2,40.0,40.0,0,CONCORDANCIA_PERFEITA
n3,Em parte das ações,Superior/Conselho,1,1,33.33,33.33,0,CONCORDANCIA_PERFEITA
n3,Não aplica,Nacional,74,74,67.27,67.27,0,CONCORDANCIA_PERFEITA
n3,Não aplica,Eleitoral,29,29,74.36,74.36,0,CONCORDANCIA_PERFEITA
n3,Não aplica,Estadual,15,15,51.72,51.72,0,CONCORDANCIA_PERFEITA
n3,Não aplica,Trabalho,19,19,73.08,73.08,0,CONCORDANCIA_PERFEITA
n3,Não aplica,Federal,7,7,87.5,87.5,0,CONCORDANCIA_PERFEITA
n3,Não aplica,Militar,2,2,40.0,40.0,0,CONCORDANCIA_PERFEITA
n3,Não aplica,Superior/Conselho,2,2,66.67,66.67,0,CONCORDANCIA_PERFEITA
n4,Na maioria das ações,Nacional,12,12,10.91,10.91,0,CONCORDANCIA_PERFEITA
n4,Na maioria das ações,Eleitoral,4,4,10.26,10.26,0,CONCORDANCIA_PERFEITA
n4,Na maioria das ações,Estadual,3,3,10.34,10.34,0,CONCORDANCIA_PERFEITA
n4,Na maioria das ações,Trabalho,3,3,11.54,11.54,0,CONCORDANCIA_PERFEITA
n4,Na maioria das ações,Federal,1,1,12.5,12.5,0,CONCORDANCIA_PERFEITA
n4,Na maioria das ações,Militar,0,0,0.0,0.0,0,CONCORDANCIA_PERFEITA
n4,Na maioria das ações,Superior/Conselho,1,1,33.33,33.33,0,CONCORDANCIA_PERFEITA
n4,Em parte das ações,Nacional,20,20,18.18,18.18,0,CONCORDANCIA_PERFEITA
n4,Em parte das ações,Eleitoral,7,7,17.95,17.95,0,CONCORDANCIA_PERFEITA
n4,Em parte das ações,Estadual,7,7,24.14,24.14,0,CONCORDANCIA_PERFEITA
n4,Em parte das ações,Trabalho,2,2,7.69,7.69,0,CONCORDANCIA_PERFEITA
n4,Em parte das ações,Federal,1,1,12.5,12.5,0,CONCORDANCIA_PERFEITA
n4,Em parte das ações,Militar,2,2,40.0,40.0,0,CONCORDANCIA_PERFEITA
n4,Em parte das ações,Superior/Conselho,1,1,33.33,33.33,0,CONCORDANCIA_PERFEITA
n4,Não aplica,Nacional,78,78,70.91,70.91,0,CONCORDANCIA_PERFEITA
n4,Não aplica,Eleitoral,28,28,71.79,71.79,0,CONCORDANCIA_PERFEITA
n4,Não aplica,Estadual,19,19,65.52,65.52,0,CONCORDANCIA_PERFEITA
n4,Não aplica,Trabalho,21,21,80.77,80.77,0,CONCORDANCIA_PERFEITA
n4,Não aplica,Federal,6,6,75.0,75.0,0,CONCORDANCIA_PERFEITA
n4,Não aplica,Militar,3,3,60.0,60.0,0,CONCORDANCIA_PERFEITA
n4,Não aplica,Superior/Conselho,1,1,33.33,33.33,0,CONCORDANCIA_PERFEITA
mod_presencial,0%,Nacional,3,3,2.73,2.73,0,CONCORDANCIA_PERFEITA
mod_presencial,0%,Eleitoral,3,3,7.69,7.69,0,CONCORDANCIA_PERFEITA
mod_presencial,0%,Estadual,0,0,0.0,0.0,0,CONCORDANCIA_PERFEITA
mod_presencial,0%,Trabalho,0,0,0.0,0.0,0,CONCORDANCIA_PERFEITA
mod_presencial,0%,Federal,0,0,0.0,0.0,0,CONCORDANCIA_PERFEITA
mod_presencial,0%,Militar,0,0,0.0,0.0,0,CONCORDANCIA_PERFEITA
mod_presencial,0%,Superior/Conselho,0,0,0.0,0.0,0,CONCORDANCIA_PERFEITA
mod_presencial,Até 25%,Nacional,30,30,27.27,27.27,0,CONCORDANCIA_PERFEITA
mod_presencial,Até 25%,Eleitoral,15,15,38.46,38.46,0,CONCORDANCIA_PERFEITA
mod_presencial,Até 25%,Estadual,7,7,24.14,24.14,0,CONCORDANCIA_PERFEITA
mod_presencial,Até 25%,Trabalho,5,5,19.23,19.23,0,CONCORDANCIA_PERFEITA
mod_presencial,Até 25%,Federal,1,1,12.5,12.5,0,CONCORDANCIA_PERFEITA
mod_presencial,Até 25%,Militar,2,2,40.0,40.0,0,CONCORDANCIA_PERFEITA
mod_presencial,Até 25%,Superior/Conselho,0,0,0.0,0.0,0,CONCORDANCIA_PERFEITA
mod_presencial,26% a 50%,Nacional,40,40,36.36,36.36,0,CONCORDANCIA_PERFEITA
mod_presencial,26% a 50%,Eleitoral,14,14,35.9,35.9,0,CONCORDANCIA_PERFEITA
mod_presencial,26% a 50%,Estadual,12,12,41.38,41.38,0,CONCORDANCIA_PERFEITA
mod_presencial,26% a 50%,Trabalho,8,8,30.77,30.77,0,CONCORDANCIA_PERFEITA
mod_presencial,26% a 50%,Federal,2,2,25.0,25.0,0,CONCORDANCIA_PERFEITA
mod_presencial,26% a 50%,Militar,2,2,40.0,40.0,0,CONCORDANCIA_PERFEITA
mod_presencial,26% a 50%,Superior/Conselho,2,2,66.67,66.67,0,CONCORDANCIA_PERFEITA
mod_presencial,Acima de 50%,Nacional,37,37,33.64,33.64,0,CONCORDANCIA_PERFEITA
mod_presencial,Acima de 50%,Eleitoral,7,7,17.95,17.95,0,CONCORDANCIA_PERFEITA
mod_presencial,Acima de 50%,Estadual,10,10,34.48,34.48,0,CONCORDANCIA_PERFEITA
mod_presencial,Acima de 50%,Trabalho,13,13,50.0,50.0,0,CONCORDANCIA_PERFEITA
mod_presencial,Acima de 50%,Federal,5,5,62.5,62.5,0,CONCORDANCIA_PERFEITA
mod_presencial,Acima de 50%,Militar,1,1,20.0,20.0,0,CONCORDANCIA_PERFEITA
mod_presencial,Acima de 50%,Superior/Conselho,1,1,33.33,33.33,0,CONCORDANCIA_PERFEITA
mod_ead_autoinstrucional,0%,Nacional,18,18,16.36,16.36,0,CONCORDANCIA_PERFEITA
mod_ead_autoinstrucional,0%,Eleitoral,14,14,35.9,35.9,0,CONCORDANCIA_PERFEITA
mod_ead_autoinstrucional,0%,Estadual,1,1,3.45,3.45,0,CONCORDANCIA_PERFEITA
mod_ead_autoinstrucional,0%,Trabalho,1,1,3.85,3.85,0,CONCORDANCIA_PERFEITA
mod_ead_autoinstrucional,0%,Federal,2,2,25.0,25.0,0,CONCORDANCIA_PERFEITA
mod_ead_autoinstrucional,0%,Militar,0,0,0.0,0.0,0,CONCORDANCIA_PERFEITA
mod_ead_autoinstrucional,0%,Superior/Conselho,0,0,0.0,0.0,0,CONCORDANCIA_PERFEITA
mod_ead_autoinstrucional,Até 25%,Nacional,47,47,42.73,42.73,0,CONCORDANCIA_PERFEITA
mod_ead_autoinstrucional,Até 25%,Eleitoral,12,12,30.77,30.77,0,CONCORDANCIA_PERFEITA
mod_ead_autoinstrucional,Até 25%,Estadual,10,10,34.48,34.48,0,CONCORDANCIA_PERFEITA
mod_ead_autoinstrucional,Até 25%,Trabalho,17,17,65.38,65.38,0,CONCORDANCIA_PERFEITA
mod_ead_autoinstrucional,Até 25%,Federal,4,4,50.0,50.0,0,CONCORDANCIA_PERFEITA
mod_ead_autoinstrucional,Até 25%,Militar,2,2,40.0,40.0,0,CONCORDANCIA_PERFEITA
mod_ead_autoinstrucional,Até 25%,Superior/Conselho,2,2,66.67,66.67,0,CONCORDANCIA_PERFEITA
mod_ead_autoinstrucional,26% a 50%,Nacional,24,24,21.82,21.82,0,CONCORDANCIA_PERFEITA
mod_ead_autoinstrucional,26% a 50%,Eleitoral,7,7,17.95,17.95,0,CONCORDANCIA_PERFEITA
mod_ead_autoinstrucional,26% a 50%,Estadual,10,10,34.48,34.48,0,CONCORDANCIA_PERFEITA
mod_ead_autoinstrucional,26% a 50%,Trabalho,3,3,11.54,11.54,0,CONCORDANCIA_PERFEITA
mod_ead_autoinstrucional,26% a 50%,Federal,2,2,25.0,25.0,0,CONCORDANCIA_PERFEITA
mod_ead_autoinstrucional,26% a 50%,Militar,2,2,40.0,40.0,0,CONCORDANCIA_PERFEITA
mod_ead_autoinstrucional,26% a 50%,Superior/Conselho,0,0,0.0,0.0,0,CONCORDANCIA_PERFEITA
mod_ead_autoinstrucional,Acima de 50%,Nacional,21,21,19.09,19.09,0,CONCORDANCIA_PERFEITA
mod_ead_autoinstrucional,Acima de 50%,Eleitoral,6,6,15.38,15.38,0,CONCORDANCIA_PERFEITA
mod_ead_autoinstrucional,Acima de 50%,Estadual,8,8,27.59,27.59,0,CONCORDANCIA_PERFEITA
mod_ead_autoinstrucional,Acima de 50%,Trabalho,5,5,19.23,19.23,0,CONCORDANCIA_PERFEITA
mod_ead_autoinstrucional,Acima de 50%,Federal,0,0,0.0,0.0,0,CONCORDANCIA_PERFEITA
mod_ead_autoinstrucional,Acima de 50%,Militar,1,1,20.0,20.0,0,CONCORDANCIA_PERFEITA
mod_ead_autoinstrucional,Acima de 50%,Superior/Conselho,1,1,33.33,33.33,0,CONCORDANCIA_PERFEITA
mod_ead_tutoria,0%,Nacional,13,13,11.82,11.82,0,CONCORDANCIA_PERFEITA
mod_ead_tutoria,0%,Eleitoral,5,5,12.82,12.82,0,CONCORDANCIA_PERFEITA
mod_ead_tutoria,0%,Estadual,2,2,6.9,6.9,0,CONCORDANCIA_PERFEITA
mod_ead_tutoria,0%,Trabalho,4,4,15.38,15.38,0,CONCORDANCIA_PERFEITA
mod_ead_tutoria,0%,Federal,1,1,12.5,12.5,0,CONCORDANCIA_PERFEITA
mod_ead_tutoria,0%,Militar,1,1,20.0,20.0,0,CONCORDANCIA_PERFEITA
mod_ead_tutoria,0%,Superior/Conselho,0,0,0.0,0.0,0,CONCORDANCIA_PERFEITA
mod_ead_tutoria,Até 25%,Nacional,56,56,50.91,50.91,0,CONCORDANCIA_PERFEITA
mod_ead_tutoria,Até 25%,Eleitoral,14,14,35.9,35.9,0,CONCORDANCIA_PERFEITA
mod_ead_tutoria,Até 25%,Estadual,16,16,55.17,55.17,0,CONCORDANCIA_PERFEITA
mod_ead_tutoria,Até 25%,Trabalho,19,19,73.08,73.08,0,CONCORDANCIA_PERFEITA
mod_ead_tutoria,Até 25%,Federal,3,3,37.5,37.5,0,CONCORDANCIA_PERFEITA
mod_ead_tutoria,Até 25%,Militar,3,3,60.0,60.0,0,CONCORDANCIA_PERFEITA
mod_ead_tutoria,Até 25%,Superior/Conselho,1,1,33.33,33.33,0,CONCORDANCIA_PERFEITA
mod_ead_tutoria,26% a 50%,Nacional,25,25,22.73,22.73,0,CONCORDANCIA_PERFEITA
mod_ead_tutoria,26% a 50%,Eleitoral,11,11,28.21,28.21,0,CONCORDANCIA_PERFEITA
mod_ead_tutoria,26% a 50%,Estadual,6,6,20.69,20.69,0,CONCORDANCIA_PERFEITA
mod_ead_tutoria,26% a 50%,Trabalho,2,2,7.69,7.69,0,CONCORDANCIA_PERFEITA
mod_ead_tutoria,26% a 50%,Federal,4,4,50.0,50.0,0,CONCORDANCIA_PERFEITA
mod_ead_tutoria,26% a 50%,Militar,1,1,20.0,20.0,0,CONCORDANCIA_PERFEITA
mod_ead_tutoria,26% a 50%,Superior/Conselho,1,1,33.33,33.33,0,CONCORDANCIA_PERFEITA
mod_ead_tutoria,Acima de 50%,Nacional,16,16,14.55,14.55,0,CONCORDANCIA_PERFEITA
mod_ead_tutoria,Acima de 50%,Eleitoral,9,9,23.08,23.08,0,CONCORDANCIA_PERFEITA
mod_ead_tutoria,Acima de 50%,Estadual,5,5,17.24,17.24,0,CONCORDANCIA_PERFEITA
mod_ead_tutoria,Acima de 50%,Trabalho,1,1,3.85,3.85,0,CONCORDANCIA_PERFEITA
mod_ead_tutoria,Acima de 50%,Federal,0,0,0.0,0.0,0,CONCORDANCIA_PERFEITA
mod_ead_tutoria,Acima de 50%,Militar,0,0,0.0,0.0,0,CONCORDANCIA_PERFEITA
mod_ead_tutoria,Acima de 50%,Superior/Conselho,1,1,33.33,33.33,0,CONCORDANCIA_PERFEITA
mod_hibrida,0%,Nacional,10,10,9.09,9.09,0,CONCORDANCIA_PERFEITA
mod_hibrida,0%,Eleitoral,9,9,23.08,23.08,0,CONCORDANCIA_PERFEITA
mod_hibrida,0%,Estadual,0,0,0.0,0.0,0,CONCORDANCIA_PERFEITA
mod_hibrida,0%,Trabalho,0,0,0.0,0.0,0,CONCORDANCIA_PERFEITA
mod_hibrida,0%,Federal,1,1,12.5,12.5,0,CONCORDANCIA_PERFEITA
mod_hibrida,0%,Militar,0,0,0.0,0.0,0,CONCORDANCIA_PERFEITA
mod_hibrida,0%,Superior/Conselho,0,0,0.0,0.0,0,CONCORDANCIA_PERFEITA
mod_hibrida,Até 25%,Nacional,69,69,62.73,62.73,0,CONCORDANCIA_PERFEITA
mod_hibrida,Até 25%,Eleitoral,19,19,48.72,48.72,0,CONCORDANCIA_PERFEITA
mod_hibrida,Até 25%,Estadual,22,22,75.86,75.86,0,CONCORDANCIA_PERFEITA
mod_hibrida,Até 25%,Trabalho,17,17,65.38,65.38,0,CONCORDANCIA_PERFEITA
mod_hibrida,Até 25%,Federal,5,5,62.5,62.5,0,CONCORDANCIA_PERFEITA
mod_hibrida,Até 25%,Militar,4,4,80.0,80.0,0,CONCORDANCIA_PERFEITA
mod_hibrida,Até 25%,Superior/Conselho,2,2,66.67,66.67,0,CONCORDANCIA_PERFEITA
mod_hibrida,26% a 50%,Nacional,18,18,16.36,16.36,0,CONCORDANCIA_PERFEITA
mod_hibrida,26% a 50%,Eleitoral,8,8,20.51,20.51,0,CONCORDANCIA_PERFEITA
mod_hibrida,26% a 50%,Estadual,5,5,17.24,17.24,0,CONCORDANCIA_PERFEITA
mod_hibrida,26% a 50%,Trabalho,2,2,7.69,7.69,0,CONCORDANCIA_PERFEITA
mod_hibrida,26% a 50%,Federal,1,1,12.5,12.5,0,CONCORDANCIA_PERFEITA
mod_hibrida,26% a 50%,Militar,1,1,20.0,20.0,0,CONCORDANCIA_PERFEITA
mod_hibrida,26% a 50%,Superior/Conselho,1,1,33.33,33.33,0,CONCORDANCIA_PERFEITA
mod_hibrida,Acima de 50%,Nacional,13,13,11.82,11.82,0,CONCORDANCIA_PERFEITA
mod_hibrida,Acima de 50%,Eleitoral,3,3,7.69,7.69,0,CONCORDANCIA_PERFEITA
mod_hibrida,Acima de 50%,Estadual,2,2,6.9,6.9,0,CONCORDANCIA_PERFEITA
mod_hibrida,Acima de 50%,Trabalho,7,7,26.92,26.92,0,CONCORDANCIA_PERFEITA
mod_hibrida,Acima de 50%,Federal,1,1,12.5,12.5,0,CONCORDANCIA_PERFEITA
mod_hibrida,Acima de 50%,Militar,0,0,0.0,0.0,0,CONCORDANCIA_PERFEITA
mod_hibrida,Acima de 50%,Superior/Conselho,0,0,0.0,0.0,0,CONCORDANCIA_PERFEITA
plan_A,Indicador A — planejamento próprio vigente e formalizado,Nacional,52,52,47.27,47.27,0,CONCORDANCIA_PERFEITA
plan_A,Indicador A — planejamento próprio vigente e formalizado,Eleitoral,11,11,28.21,28.21,0,CONCORDANCIA_PERFEITA
plan_A,Indicador A — planejamento próprio vigente e formalizado,Estadual,16,16,55.17,55.17,0,CONCORDANCIA_PERFEITA
plan_A,Indicador A — planejamento próprio vigente e formalizado,Trabalho,16,16,61.54,61.54,0,CONCORDANCIA_PERFEITA
plan_A,Indicador A — planejamento próprio vigente e formalizado,Federal,5,5,62.5,62.5,0,CONCORDANCIA_PERFEITA
plan_A,Indicador A — planejamento próprio vigente e formalizado,Militar,3,3,60.0,60.0,0,CONCORDANCIA_PERFEITA
plan_A,Indicador A — planejamento próprio vigente e formalizado,Superior/Conselho,1,1,33.33,33.33,0,CONCORDANCIA_PERFEITA
plan_B,Indicador B — referência estratégica existente,Nacional,75,75,68.18,68.18,0,CONCORDANCIA_PERFEITA
plan_B,Indicador B — referência estratégica existente,Eleitoral,18,18,46.15,46.15,0,CONCORDANCIA_PERFEITA
plan_B,Indicador B — referência estratégica existente,Estadual,26,26,89.66,89.66,0,CONCORDANCIA_PERFEITA
plan_B,Indicador B — referência estratégica existente,Trabalho,18,18,69.23,69.23,0,CONCORDANCIA_PERFEITA
plan_B,Indicador B — referência estratégica existente,Federal,6,6,75.0,75.0,0,CONCORDANCIA_PERFEITA
plan_B,Indicador B — referência estratégica existente,Militar,5,5,100.0,100.0,0,CONCORDANCIA_PERFEITA
plan_B,Indicador B — referência estratégica existente,Superior/Conselho,2,2,66.67,66.67,0,CONCORDANCIA_PERFEITA
ava_algum,Dispõe de algum AVA,Nacional,101,101,91.82,91.82,0,CONCORDANCIA_PERFEITA
ava_algum,Dispõe de algum AVA,Eleitoral,32,32,82.05,82.05,0,CONCORDANCIA_PERFEITA
ava_algum,Dispõe de algum AVA,Estadual,29,29,100.0,100.0,0,CONCORDANCIA_PERFEITA
ava_algum,Dispõe de algum AVA,Trabalho,26,26,100.0,100.0,0,CONCORDANCIA_PERFEITA
ava_algum,Dispõe de algum AVA,Federal,7,7,87.5,87.5,0,CONCORDANCIA_PERFEITA
ava_algum,Dispõe de algum AVA,Militar,4,4,80.0,80.0,0,CONCORDANCIA_PERFEITA
ava_algum,Dispõe de algum AVA,Superior/Conselho,3,3,100.0,100.0,0,CONCORDANCIA_PERFEITA
interesse_aberto,Interesse alto ou moderado,Nacional,105,105,95.45,95.45,0,CONCORDANCIA_PERFEITA
interesse_aberto,Interesse alto ou moderado,Eleitoral,34,34,87.18,87.18,0,CONCORDANCIA_PERFEITA
interesse_aberto,Interesse alto ou moderado,Estadual,29,29,100.0,100.0,0,CONCORDANCIA_PERFEITA
interesse_aberto,Interesse alto ou moderado,Trabalho,26,26,100.0,100.0,0,CONCORDANCIA_PERFEITA
interesse_aberto,Interesse alto ou moderado,Federal,8,8,100.0,100.0,0,CONCORDANCIA_PERFEITA
interesse_aberto,Interesse alto ou moderado,Militar,5,5,100.0,100.0,0,CONCORDANCIA_PERFEITA
interesse_aberto,Interesse alto ou moderado,Superior/Conselho,3,3,100.0,100.0,0,CONCORDANCIA_PERFEITA
n1_aplica,"Nível 1 (reação) aplicado, em parte ou na maioria das ações",Nacional,103,103,93.64,93.64,0,CONCORDANCIA_PERFEITA
n1_aplica,"Nível 1 (reação) aplicado, em parte ou na maioria das ações",Eleitoral,34,34,87.18,87.18,0,CONCORDANCIA_PERFEITA
n1_aplica,"Nível 1 (reação) aplicado, em parte ou na maioria das ações",Estadual,29,29,100.0,100.0,0,CONCORDANCIA_PERFEITA
n1_aplica,"Nível 1 (reação) aplicado, em parte ou na maioria das ações",Trabalho,25,25,96.15,96.15,0,CONCORDANCIA_PERFEITA
n1_aplica,"Nível 1 (reação) aplicado, em parte ou na maioria das ações",Federal,8,8,100.0,100.0,0,CONCORDANCIA_PERFEITA
n1_aplica,"Nível 1 (reação) aplicado, em parte ou na maioria das ações",Militar,4,4,80.0,80.0,0,CONCORDANCIA_PERFEITA
n1_aplica,"Nível 1 (reação) aplicado, em parte ou na maioria das ações",Superior/Conselho,3,3,100.0,100.0,0,CONCORDANCIA_PERFEITA
n2_aplica,"Nível 2 (aprendizagem) aplicado, em parte ou na maioria das ações",Nacional,74,74,67.27,67.27,0,CONCORDANCIA_PERFEITA
n2_aplica,"Nível 2 (aprendizagem) aplicado, em parte ou na maioria das ações",Eleitoral,18,18,46.15,46.15,0,CONCORDANCIA_PERFEITA
n2_aplica,"Nível 2 (aprendizagem) aplicado, em parte ou na maioria das ações",Estadual,25,25,86.21,86.21,0,CONCORDANCIA_PERFEITA
n2_aplica,"Nível 2 (aprendizagem) aplicado, em parte ou na maioria das ações",Trabalho,22,22,84.62,84.62,0,CONCORDANCIA_PERFEITA
n2_aplica,"Nível 2 (aprendizagem) aplicado, em parte ou na maioria das ações",Federal,3,3,37.5,37.5,0,CONCORDANCIA_PERFEITA
n2_aplica,"Nível 2 (aprendizagem) aplicado, em parte ou na maioria das ações",Militar,3,3,60.0,60.0,0,CONCORDANCIA_PERFEITA
n2_aplica,"Nível 2 (aprendizagem) aplicado, em parte ou na maioria das ações",Superior/Conselho,3,3,100.0,100.0,0,CONCORDANCIA_PERFEITA
n3_aplica,"Nível 3 (transferência) aplicado, em parte ou na maioria das ações",Nacional,36,36,32.73,32.73,0,CONCORDANCIA_PERFEITA
n3_aplica,"Nível 3 (transferência) aplicado, em parte ou na maioria das ações",Eleitoral,10,10,25.64,25.64,0,CONCORDANCIA_PERFEITA
n3_aplica,"Nível 3 (transferência) aplicado, em parte ou na maioria das ações",Estadual,14,14,48.28,48.28,0,CONCORDANCIA_PERFEITA
n3_aplica,"Nível 3 (transferência) aplicado, em parte ou na maioria das ações",Trabalho,7,7,26.92,26.92,0,CONCORDANCIA_PERFEITA
n3_aplica,"Nível 3 (transferência) aplicado, em parte ou na maioria das ações",Federal,1,1,12.5,12.5,0,CONCORDANCIA_PERFEITA
n3_aplica,"Nível 3 (transferência) aplicado, em parte ou na maioria das ações",Militar,3,3,60.0,60.0,0,CONCORDANCIA_PERFEITA
n3_aplica,"Nível 3 (transferência) aplicado, em parte ou na maioria das ações",Superior/Conselho,1,1,33.33,33.33,0,CONCORDANCIA_PERFEITA
n4_aplica,"Nível 4 (impacto) aplicado, em parte ou na maioria das ações",Nacional,32,32,29.09,29.09,0,CONCORDANCIA_PERFEITA
n4_aplica,"Nível 4 (impacto) aplicado, em parte ou na maioria das ações",Eleitoral,11,11,28.21,28.21,0,CONCORDANCIA_PERFEITA
n4_aplica,"Nível 4 (impacto) aplicado, em parte ou na maioria das ações",Estadual,10,10,34.48,34.48,0,CONCORDANCIA_PERFEITA
n4_aplica,"Nível 4 (impacto) aplicado, em parte ou na maioria das ações",Trabalho,5,5,19.23,19.23,0,CONCORDANCIA_PERFEITA
n4_aplica,"Nível 4 (impacto) aplicado, em parte ou na maioria das ações",Federal,2,2,25.0,25.0,0,CONCORDANCIA_PERFEITA
n4_aplica,"Nível 4 (impacto) aplicado, em parte ou na maioria das ações",Militar,2,2,40.0,40.0,0,CONCORDANCIA_PERFEITA
n4_aplica,"Nível 4 (impacto) aplicado, em parte ou na maioria das ações",Superior/Conselho,2,2,66.67,66.67,0,CONCORDANCIA_PERFEITA
est_sem_marcacao_sede,Sem marcação de sede própria nem de uso da estrutura do tribunal,Nacional,12,12,10.91,10.91,0,CONCORDANCIA_PERFEITA
est_sem_marcacao_sede,Sem marcação de sede própria nem de uso da estrutura do tribunal,Eleitoral,7,7,17.95,17.95,0,CONCORDANCIA_PERFEITA
est_sem_marcacao_sede,Sem marcação de sede própria nem de uso da estrutura do tribunal,Estadual,2,2,6.9,6.9,0,CONCORDANCIA_PERFEITA
est_sem_marcacao_sede,Sem marcação de sede própria nem de uso da estrutura do tribunal,Trabalho,0,0,0.0,0.0,0,CONCORDANCIA_PERFEITA
est_sem_marcacao_sede,Sem marcação de sede própria nem de uso da estrutura do tribunal,Federal,3,3,37.5,37.5,0,CONCORDANCIA_PERFEITA
est_sem_marcacao_sede,Sem marcação de sede própria nem de uso da estrutura do tribunal,Militar,0,0,0.0,0.0,0,CONCORDANCIA_PERFEITA
est_sem_marcacao_sede,Sem marcação de sede própria nem de uso da estrutura do tribunal,Superior/Conselho,0,0,0.0,0.0,0,CONCORDANCIA_PERFEITA
moodle,Cita o Moodle como plataforma de AVA,Nacional,97,97,88.18,88.18,0,CONCORDANCIA_PERFEITA
moodle,Cita o Moodle como plataforma de AVA,Eleitoral,31,31,79.49,79.49,0,CONCORDANCIA_PERFEITA
moodle,Cita o Moodle como plataforma de AVA,Estadual,26,26,89.66,89.66,0,CONCORDANCIA_PERFEITA
moodle,Cita o Moodle como plataforma de AVA,Trabalho,26,26,100.0,100.0,0,CONCORDANCIA_PERFEITA
moodle,Cita o Moodle como plataforma de AVA,Federal,7,7,87.5,87.5,0,CONCORDANCIA_PERFEITA
moodle,Cita o Moodle como plataforma de AVA,Militar,4,4,80.0,80.0,0,CONCORDANCIA_PERFEITA
moodle,Cita o Moodle como plataforma de AVA,Superior/Conselho,3,3,100.0,100.0,0,CONCORDANCIA_PERFEITA
n4_sem_n3,Aplica impacto (N4) sem aplicar transferência (N3),Nacional,10,10,9.09,9.09,0,CONCORDANCIA_PERFEITA
n4_sem_n3,Aplica impacto (N4) sem aplicar transferência (N3),Eleitoral,4,4,10.26,10.26,0,CONCORDANCIA_PERFEITA
n4_sem_n3,Aplica impacto (N4) sem aplicar transferência (N3),Estadual,1,1,3.45,3.45,0,CONCORDANCIA_PERFEITA
n4_sem_n3,Aplica impacto (N4) sem aplicar transferência (N3),Trabalho,2,2,7.69,7.69,0,CONCORDANCIA_PERFEITA
n4_sem_n3,Aplica impacto (N4) sem aplicar transferência (N3),Federal,2,2,25.0,25.0,0,CONCORDANCIA_PERFEITA
n4_sem_n3,Aplica impacto (N4) sem aplicar transferência (N3),Militar,0,0,0.0,0.0,0,CONCORDANCIA_PERFEITA
n4_sem_n3,Aplica impacto (N4) sem aplicar transferência (N3),Superior/Conselho,1,1,33.33,33.33,0,CONCORDANCIA_PERFEITA
instrumentos_governanca,Plano anual de capacitação (PAC) aprovado,Nacional,93,93,84.55,84.55,0,CONCORDANCIA_PERFEITA
instrumentos_governanca,Plano anual de capacitação (PAC) aprovado,Eleitoral,34,34,87.18,87.18,0,CONCORDANCIA_PERFEITA
instrumentos_governanca,Plano anual de capacitação (PAC) aprovado,Estadual,20,20,68.97,68.97,0,CONCORDANCIA_PERFEITA
instrumentos_governanca,Plano anual de capacitação (PAC) aprovado,Trabalho,25,25,96.15,96.15,0,CONCORDANCIA_PERFEITA
instrumentos_governanca,Plano anual de capacitação (PAC) aprovado,Federal,7,7,87.5,87.5,0,CONCORDANCIA_PERFEITA
instrumentos_governanca,Plano anual de capacitação (PAC) aprovado,Militar,5,5,100.0,100.0,0,CONCORDANCIA_PERFEITA
instrumentos_governanca,Plano anual de capacitação (PAC) aprovado,Superior/Conselho,2,2,66.67,66.67,0,CONCORDANCIA_PERFEITA
instrumentos_governanca,Ato normativo / regimento interno próprio,Nacional,82,82,74.55,74.55,0,CONCORDANCIA_PERFEITA
instrumentos_governanca,Ato normativo / regimento interno próprio,Eleitoral,26,26,66.67,66.67,0,CONCORDANCIA_PERFEITA
instrumentos_governanca,Ato normativo / regimento interno próprio,Estadual,27,27,93.1,93.1,0,CONCORDANCIA_PERFEITA
instrumentos_governanca,Ato normativo / regimento interno próprio,Trabalho,21,21,80.77,80.77,0,CONCORDANCIA_PERFEITA
instrumentos_governanca,Ato normativo / regimento interno próprio,Federal,2,2,25.0,25.0,0,CONCORDANCIA_PERFEITA
instrumentos_governanca,Ato normativo / regimento interno próprio,Militar,4,4,80.0,80.0,0,CONCORDANCIA_PERFEITA
instrumentos_governanca,Ato normativo / regimento interno próprio,Superior/Conselho,2,2,66.67,66.67,0,CONCORDANCIA_PERFEITA
instrumentos_governanca,Projeto pedagógico institucional / político-pedagógico,Nacional,57,57,51.82,51.82,0,CONCORDANCIA_PERFEITA
instrumentos_governanca,Projeto pedagógico institucional / político-pedagógico,Eleitoral,8,8,20.51,20.51,0,CONCORDANCIA_PERFEITA
instrumentos_governanca,Projeto pedagógico institucional / político-pedagógico,Estadual,20,20,68.97,68.97,0,CONCORDANCIA_PERFEITA
instrumentos_governanca,Projeto pedagógico institucional / político-pedagógico,Trabalho,21,21,80.77,80.77,0,CONCORDANCIA_PERFEITA
instrumentos_governanca,Projeto pedagógico institucional / político-pedagógico,Federal,3,3,37.5,37.5,0,CONCORDANCIA_PERFEITA
instrumentos_governanca,Projeto pedagógico institucional / político-pedagógico,Militar,3,3,60.0,60.0,0,CONCORDANCIA_PERFEITA
instrumentos_governanca,Projeto pedagógico institucional / político-pedagógico,Superior/Conselho,2,2,66.67,66.67,0,CONCORDANCIA_PERFEITA
instrumentos_governanca,Conselho ou colegiado pedagógico / acadêmico,Nacional,54,54,49.09,49.09,0,CONCORDANCIA_PERFEITA
instrumentos_governanca,Conselho ou colegiado pedagógico / acadêmico,Eleitoral,6,6,15.38,15.38,0,CONCORDANCIA_PERFEITA
instrumentos_governanca,Conselho ou colegiado pedagógico / acadêmico,Estadual,22,22,75.86,75.86,0,CONCORDANCIA_PERFEITA
instrumentos_governanca,Conselho ou colegiado pedagógico / acadêmico,Trabalho,23,23,88.46,88.46,0,CONCORDANCIA_PERFEITA
instrumentos_governanca,Conselho ou colegiado pedagógico / acadêmico,Federal,0,0,0.0,0.0,0,CONCORDANCIA_PERFEITA
instrumentos_governanca,Conselho ou colegiado pedagógico / acadêmico,Militar,2,2,40.0,40.0,0,CONCORDANCIA_PERFEITA
instrumentos_governanca,Conselho ou colegiado pedagógico / acadêmico,Superior/Conselho,1,1,33.33,33.33,0,CONCORDANCIA_PERFEITA
instrumentos_governanca,Outro (texto livre),Nacional,9,9,8.18,8.18,0,CONCORDANCIA_PERFEITA
instrumentos_governanca,Outro (texto livre),Eleitoral,3,3,7.69,7.69,0,CONCORDANCIA_PERFEITA
instrumentos_governanca,Outro (texto livre),Estadual,3,3,10.34,10.34,0,CONCORDANCIA_PERFEITA
instrumentos_governanca,Outro (texto livre),Trabalho,3,3,11.54,11.54,0,CONCORDANCIA_PERFEITA
instrumentos_governanca,Outro (texto livre),Federal,0,0,0.0,0.0,0,CONCORDANCIA_PERFEITA
instrumentos_governanca,Outro (texto livre),Militar,0,0,0.0,0.0,0,CONCORDANCIA_PERFEITA
instrumentos_governanca,Outro (texto livre),Superior/Conselho,0,0,0.0,0.0,0,CONCORDANCIA_PERFEITA
fontes_financiamento,Orçamento ordinário do tribunal,Nacional,109,109,99.09,99.09,0,CONCORDANCIA_PERFEITA
fontes_financiamento,Orçamento ordinário do tribunal,Eleitoral,38,38,97.44,97.44,0,CONCORDANCIA_PERFEITA
fontes_financiamento,Orçamento ordinário do tribunal,Estadual,29,29,100.0,100.0,0,CONCORDANCIA_PERFEITA
fontes_financiamento,Orçamento ordinário do tribunal,Trabalho,26,26,100.0,100.0,0,CONCORDANCIA_PERFEITA
fontes_financiamento,Orçamento ordinário do tribunal,Federal,8,8,100.0,100.0,0,CONCORDANCIA_PERFEITA
fontes_financiamento,Orçamento ordinário do tribunal,Militar,5,5,100.0,100.0,0,CONCORDANCIA_PERFEITA
fontes_financiamento,Orçamento ordinário do tribunal,Superior/Conselho,3,3,100.0,100.0,0,CONCORDANCIA_PERFEITA
fontes_financiamento,Recursos de convênios / parcerias institucionais,Nacional,22,22,20.0,20.0,0,CONCORDANCIA_PERFEITA
fontes_financiamento,Recursos de convênios / parcerias institucionais,Eleitoral,7,7,17.95,17.95,0,CONCORDANCIA_PERFEITA
fontes_financiamento,Recursos de convênios / parcerias institucionais,Estadual,3,3,10.34,10.34,0,CONCORDANCIA_PERFEITA
fontes_financiamento,Recursos de convênios / parcerias institucionais,Trabalho,6,6,23.08,23.08,0,CONCORDANCIA_PERFEITA
fontes_financiamento,Recursos de convênios / parcerias institucionais,Federal,3,3,37.5,37.5,0,CONCORDANCIA_PERFEITA
fontes_financiamento,Recursos de convênios / parcerias institucionais,Militar,1,1,20.0,20.0,0,CONCORDANCIA_PERFEITA
fontes_financiamento,Recursos de convênios / parcerias institucionais,Superior/Conselho,2,2,66.67,66.67,0,CONCORDANCIA_PERFEITA
fontes_financiamento,Outro (texto livre),Nacional,5,5,4.55,4.55,0,CONCORDANCIA_PERFEITA
fontes_financiamento,Outro (texto livre),Eleitoral,2,2,5.13,5.13,0,CONCORDANCIA_PERFEITA
fontes_financiamento,Outro (texto livre),Estadual,1,1,3.45,3.45,0,CONCORDANCIA_PERFEITA
fontes_financiamento,Outro (texto livre),Trabalho,2,2,7.69,7.69,0,CONCORDANCIA_PERFEITA
fontes_financiamento,Outro (texto livre),Federal,0,0,0.0,0.0,0,CONCORDANCIA_PERFEITA
fontes_financiamento,Outro (texto livre),Militar,0,0,0.0,0.0,0,CONCORDANCIA_PERFEITA
fontes_financiamento,Outro (texto livre),Superior/Conselho,0,0,0.0,0.0,0,CONCORDANCIA_PERFEITA
estrutura_fisica,Sede / espaço físico próprio e exclusivo,Nacional,70,70,63.64,63.64,0,CONCORDANCIA_PERFEITA
estrutura_fisica,Sede / espaço físico próprio e exclusivo,Eleitoral,17,17,43.59,43.59,0,CONCORDANCIA_PERFEITA
estrutura_fisica,Sede / espaço físico próprio e exclusivo,Estadual,23,23,79.31,79.31,0,CONCORDANCIA_PERFEITA
estrutura_fisica,Sede / espaço físico próprio e exclusivo,Trabalho,23,23,88.46,88.46,0,CONCORDANCIA_PERFEITA
estrutura_fisica,Sede / espaço físico próprio e exclusivo,Federal,2,2,25.0,25.0,0,CONCORDANCIA_PERFEITA
estrutura_fisica,Sede / espaço físico próprio e exclusivo,Militar,3,3,60.0,60.0,0,CONCORDANCIA_PERFEITA
estrutura_fisica,Sede / espaço físico próprio e exclusivo,Superior/Conselho,2,2,66.67,66.67,0,CONCORDANCIA_PERFEITA
estrutura_fisica,Salas de aula / treinamento,Nacional,85,85,77.27,77.27,0,CONCORDANCIA_PERFEITA
estrutura_fisica,Salas de aula / treinamento,Eleitoral,22,22,56.41,56.41,0,CONCORDANCIA_PERFEITA
estrutura_fisica,Salas de aula / treinamento,Estadual,28,28,96.55,96.55,0,CONCORDANCIA_PERFEITA
estrutura_fisica,Salas de aula / treinamento,Trabalho,24,24,92.31,92.31,0,CONCORDANCIA_PERFEITA
estrutura_fisica,Salas de aula / treinamento,Federal,6,6,75.0,75.0,0,CONCORDANCIA_PERFEITA
estrutura_fisica,Salas de aula / treinamento,Militar,3,3,60.0,60.0,0,CONCORDANCIA_PERFEITA
estrutura_fisica,Salas de aula / treinamento,Superior/Conselho,2,2,66.67,66.67,0,CONCORDANCIA_PERFEITA
estrutura_fisica,Auditório,Nacional,66,66,60.0,60.0,0,CONCORDANCIA_PERFEITA
estrutura_fisica,Auditório,Eleitoral,16,16,41.03,41.03,0,CONCORDANCIA_PERFEITA
estrutura_fisica,Auditório,Estadual,21,21,72.41,72.41,0,CONCORDANCIA_PERFEITA
estrutura_fisica,Auditório,Trabalho,21,21,80.77,80.77,0,CONCORDANCIA_PERFEITA
estrutura_fisica,Auditório,Federal,3,3,37.5,37.5,0,CONCORDANCIA_PERFEITA
estrutura_fisica,Auditório,Militar,3,3,60.0,60.0,0,CONCORDANCIA_PERFEITA
estrutura_fisica,Auditório,Superior/Conselho,2,2,66.67,66.67,0,CONCORDANCIA_PERFEITA
estrutura_fisica,Laboratório de informática,Nacional,60,60,54.55,54.55,0,CONCORDANCIA_PERFEITA
estrutura_fisica,Laboratório de informática,Eleitoral,6,6,15.38,15.38,0,CONCORDANCIA_PERFEITA
estrutura_fisica,Laboratório de informática,Estadual,21,21,72.41,72.41,0,CONCORDANCIA_PERFEITA
estrutura_fisica,Laboratório de informática,Trabalho,25,25,96.15,96.15,0,CONCORDANCIA_PERFEITA
estrutura_fisica,Laboratório de informática,Federal,5,5,62.5,62.5,0,CONCORDANCIA_PERFEITA
estrutura_fisica,Laboratório de informática,Militar,1,1,20.0,20.0,0,CONCORDANCIA_PERFEITA
estrutura_fisica,Laboratório de informática,Superior/Conselho,2,2,66.67,66.67,0,CONCORDANCIA_PERFEITA
estrutura_fisica,Biblioteca / centro de memória,Nacional,43,43,39.09,39.09,0,CONCORDANCIA_PERFEITA
estrutura_fisica,Biblioteca / centro de memória,Eleitoral,8,8,20.51,20.51,0,CONCORDANCIA_PERFEITA
estrutura_fisica,Biblioteca / centro de memória,Estadual,17,17,58.62,58.62,0,CONCORDANCIA_PERFEITA
estrutura_fisica,Biblioteca / centro de memória,Trabalho,12,12,46.15,46.15,0,CONCORDANCIA_PERFEITA
estrutura_fisica,Biblioteca / centro de memória,Federal,1,1,12.5,12.5,0,CONCORDANCIA_PERFEITA
estrutura_fisica,Biblioteca / centro de memória,Militar,4,4,80.0,80.0,0,CONCORDANCIA_PERFEITA
estrutura_fisica,Biblioteca / centro de memória,Superior/Conselho,1,1,33.33,33.33,0,CONCORDANCIA_PERFEITA
estrutura_fisica,Estúdio de gravação / produção audiovisual (EaD),Nacional,26,26,23.64,23.64,0,CONCORDANCIA_PERFEITA
estrutura_fisica,Estúdio de gravação / produção audiovisual (EaD),Eleitoral,3,3,7.69,7.69,0,CONCORDANCIA_PERFEITA
estrutura_fisica,Estúdio de gravação / produção audiovisual (EaD),Estadual,17,17,58.62,58.62,0,CONCORDANCIA_PERFEITA
estrutura_fisica,Estúdio de gravação / produção audiovisual (EaD),Trabalho,3,3,11.54,11.54,0,CONCORDANCIA_PERFEITA
estrutura_fisica,Estúdio de gravação / produção audiovisual (EaD),Federal,1,1,12.5,12.5,0,CONCORDANCIA_PERFEITA
estrutura_fisica,Estúdio de gravação / produção audiovisual (EaD),Militar,1,1,20.0,20.0,0,CONCORDANCIA_PERFEITA
estrutura_fisica,Estúdio de gravação / produção audiovisual (EaD),Superior/Conselho,1,1,33.33,33.33,0,CONCORDANCIA_PERFEITA
estrutura_fisica,"Não dispõe de espaço físico dedicado, utiliza estrutura do tribunal",Nacional,28,28,25.45,25.45,0,CONCORDANCIA_PERFEITA
estrutura_fisica,"Não dispõe de espaço físico dedicado, utiliza estrutura do tribunal",Eleitoral,15,15,38.46,38.46,0,CONCORDANCIA_PERFEITA
estrutura_fisica,"Não dispõe de espaço físico dedicado, utiliza estrutura do tribunal",Estadual,4,4,13.79,13.79,0,CONCORDANCIA_PERFEITA
estrutura_fisica,"Não dispõe de espaço físico dedicado, utiliza estrutura do tribunal",Trabalho,3,3,11.54,11.54,0,CONCORDANCIA_PERFEITA
estrutura_fisica,"Não dispõe de espaço físico dedicado, utiliza estrutura do tribunal",Federal,3,3,37.5,37.5,0,CONCORDANCIA_PERFEITA
estrutura_fisica,"Não dispõe de espaço físico dedicado, utiliza estrutura do tribunal",Militar,2,2,40.0,40.0,0,CONCORDANCIA_PERFEITA
estrutura_fisica,"Não dispõe de espaço físico dedicado, utiliza estrutura do tribunal",Superior/Conselho,1,1,33.33,33.33,0,CONCORDANCIA_PERFEITA
estrutura_fisica,Outro (texto livre),Nacional,0,0,0.0,0.0,0,CONCORDANCIA_PERFEITA
estrutura_fisica,Outro (texto livre),Eleitoral,0,0,0.0,0.0,0,CONCORDANCIA_PERFEITA
estrutura_fisica,Outro (texto livre),Estadual,0,0,0.0,0.0,0,CONCORDANCIA_PERFEITA
estrutura_fisica,Outro (texto livre),Trabalho,0,0,0.0,0.0,0,CONCORDANCIA_PERFEITA
estrutura_fisica,Outro (texto livre),Federal,0,0,0.0,0.0,0,CONCORDANCIA_PERFEITA
estrutura_fisica,Outro (texto livre),Militar,0,0,0.0,0.0,0,CONCORDANCIA_PERFEITA
estrutura_fisica,Outro (texto livre),Superior/Conselho,0,0,0.0,0.0,0,CONCORDANCIA_PERFEITA
publicos_2025,Servidores(as),Nacional,110,110,100.0,100.0,0,CONCORDANCIA_PERFEITA
publicos_2025,Servidores(as),Eleitoral,39,39,100.0,100.0,0,CONCORDANCIA_PERFEITA
publicos_2025,Servidores(as),Estadual,29,29,100.0,100.0,0,CONCORDANCIA_PERFEITA
publicos_2025,Servidores(as),Trabalho,26,26,100.0,100.0,0,CONCORDANCIA_PERFEITA
publicos_2025,Servidores(as),Federal,8,8,100.0,100.0,0,CONCORDANCIA_PERFEITA
publicos_2025,Servidores(as),Militar,5,5,100.0,100.0,0,CONCORDANCIA_PERFEITA
publicos_2025,Servidores(as),Superior/Conselho,3,3,100.0,100.0,0,CONCORDANCIA_PERFEITA
publicos_2025,Magistrados(as),Nacional,94,94,85.45,85.45,0,CONCORDANCIA_PERFEITA
publicos_2025,Magistrados(as),Eleitoral,30,30,76.92,76.92,0,CONCORDANCIA_PERFEITA
publicos_2025,Magistrados(as),Estadual,28,28,96.55,96.55,0,CONCORDANCIA_PERFEITA
publicos_2025,Magistrados(as),Trabalho,25,25,96.15,96.15,0,CONCORDANCIA_PERFEITA
publicos_2025,Magistrados(as),Federal,5,5,62.5,62.5,0,CONCORDANCIA_PERFEITA
publicos_2025,Magistrados(as),Militar,4,4,80.0,80.0,0,CONCORDANCIA_PERFEITA
publicos_2025,Magistrados(as),Superior/Conselho,2,2,66.67,66.67,0,CONCORDANCIA_PERFEITA
publicos_2025,Estagiários(as),Nacional,69,69,62.73,62.73,0,CONCORDANCIA_PERFEITA
publicos_2025,Estagiários(as),Eleitoral,20,20,51.28,51.28,0,CONCORDANCIA_PERFEITA
publicos_2025,Estagiários(as),Estadual,24,24,82.76,82.76,0,CONCORDANCIA_PERFEITA
publicos_2025,Estagiários(as),Trabalho,20,20,76.92,76.92,0,CONCORDANCIA_PERFEITA
publicos_2025,Estagiários(as),Federal,2,2,25.0,25.0,0,CONCORDANCIA_PERFEITA
publicos_2025,Estagiários(as),Militar,2,2,40.0,40.0,0,CONCORDANCIA_PERFEITA
publicos_2025,Estagiários(as),Superior/Conselho,1,1,33.33,33.33,0,CONCORDANCIA_PERFEITA
publicos_2025,Público externo / sociedade,Nacional,64,64,58.18,58.18,0,CONCORDANCIA_PERFEITA
publicos_2025,Público externo / sociedade,Eleitoral,15,15,38.46,38.46,0,CONCORDANCIA_PERFEITA
publicos_2025,Público externo / sociedade,Estadual,23,23,79.31,79.31,0,CONCORDANCIA_PERFEITA
publicos_2025,Público externo / sociedade,Trabalho,16,16,61.54,61.54,0,CONCORDANCIA_PERFEITA
publicos_2025,Público externo / sociedade,Federal,4,4,50.0,50.0,0,CONCORDANCIA_PERFEITA
publicos_2025,Público externo / sociedade,Militar,5,5,100.0,100.0,0,CONCORDANCIA_PERFEITA
publicos_2025,Público externo / sociedade,Superior/Conselho,1,1,33.33,33.33,0,CONCORDANCIA_PERFEITA
publicos_2025,Colaboradores terceirizados,Nacional,55,55,50.0,50.0,0,CONCORDANCIA_PERFEITA
publicos_2025,Colaboradores terceirizados,Eleitoral,16,16,41.03,41.03,0,CONCORDANCIA_PERFEITA
publicos_2025,Colaboradores terceirizados,Estadual,18,18,62.07,62.07,0,CONCORDANCIA_PERFEITA
publicos_2025,Colaboradores terceirizados,Trabalho,14,14,53.85,53.85,0,CONCORDANCIA_PERFEITA
publicos_2025,Colaboradores terceirizados,Federal,3,3,37.5,37.5,0,CONCORDANCIA_PERFEITA
publicos_2025,Colaboradores terceirizados,Militar,3,3,60.0,60.0,0,CONCORDANCIA_PERFEITA
publicos_2025,Colaboradores terceirizados,Superior/Conselho,1,1,33.33,33.33,0,CONCORDANCIA_PERFEITA
publicos_2025,Conciliadores / mediadores / juízes leigos,Nacional,36,36,32.73,32.73,0,CONCORDANCIA_PERFEITA
publicos_2025,Conciliadores / mediadores / juízes leigos,Eleitoral,0,0,0.0,0.0,0,CONCORDANCIA_PERFEITA
publicos_2025,Conciliadores / mediadores / juízes leigos,Estadual,20,20,68.97,68.97,0,CONCORDANCIA_PERFEITA
publicos_2025,Conciliadores / mediadores / juízes leigos,Trabalho,12,12,46.15,46.15,0,CONCORDANCIA_PERFEITA
publicos_2025,Conciliadores / mediadores / juízes leigos,Federal,2,2,25.0,25.0,0,CONCORDANCIA_PERFEITA
publicos_2025,Conciliadores / mediadores / juízes leigos,Militar,1,1,20.0,20.0,0,CONCORDANCIA_PERFEITA
publicos_2025,Conciliadores / mediadores / juízes leigos,Superior/Conselho,1,1,33.33,33.33,0,CONCORDANCIA_PERFEITA
publicos_2025,Outro (texto livre),Nacional,6,6,5.45,5.45,0,CONCORDANCIA_PERFEITA
publicos_2025,Outro (texto livre),Eleitoral,1,1,2.56,2.56,0,CONCORDANCIA_PERFEITA
publicos_2025,Outro (texto livre),Estadual,4,4,13.79,13.79,0,CONCORDANCIA_PERFEITA
publicos_2025,Outro (texto livre),Trabalho,0,0,0.0,0.0,0,CONCORDANCIA_PERFEITA
publicos_2025,Outro (texto livre),Federal,0,0,0.0,0.0,0,CONCORDANCIA_PERFEITA
publicos_2025,Outro (texto livre),Militar,1,1,20.0,20.0,0,CONCORDANCIA_PERFEITA
publicos_2025,Outro (texto livre),Superior/Conselho,0,0,0.0,0.0,0,CONCORDANCIA_PERFEITA
tematicas_2025,"Direitos humanos, cidadania e inclusão social",Nacional,98,98,89.09,89.09,0,CONCORDANCIA_PERFEITA
tematicas_2025,"Direitos humanos, cidadania e inclusão social",Eleitoral,34,34,87.18,87.18,0,CONCORDANCIA_PERFEITA
tematicas_2025,"Direitos humanos, cidadania e inclusão social",Estadual,27,27,93.1,93.1,0,CONCORDANCIA_PERFEITA
tematicas_2025,"Direitos humanos, cidadania e inclusão social",Trabalho,25,25,96.15,96.15,0,CONCORDANCIA_PERFEITA
tematicas_2025,"Direitos humanos, cidadania e inclusão social",Federal,6,6,75.0,75.0,0,CONCORDANCIA_PERFEITA
tematicas_2025,"Direitos humanos, cidadania e inclusão social",Militar,5,5,100.0,100.0,0,CONCORDANCIA_PERFEITA
tematicas_2025,"Direitos humanos, cidadania e inclusão social",Superior/Conselho,1,1,33.33,33.33,0,CONCORDANCIA_PERFEITA
tematicas_2025,"Diversidade, igualdade e não discriminação",Nacional,96,96,87.27,87.27,0,CONCORDANCIA_PERFEITA
tematicas_2025,"Diversidade, igualdade e não discriminação",Eleitoral,30,30,76.92,76.92,0,CONCORDANCIA_PERFEITA
tematicas_2025,"Diversidade, igualdade e não discriminação",Estadual,27,27,93.1,93.1,0,CONCORDANCIA_PERFEITA
tematicas_2025,"Diversidade, igualdade e não discriminação",Trabalho,26,26,100.0,100.0,0,CONCORDANCIA_PERFEITA
tematicas_2025,"Diversidade, igualdade e não discriminação",Federal,7,7,87.5,87.5,0,CONCORDANCIA_PERFEITA
tematicas_2025,"Diversidade, igualdade e não discriminação",Militar,4,4,80.0,80.0,0,CONCORDANCIA_PERFEITA
tematicas_2025,"Diversidade, igualdade e não discriminação",Superior/Conselho,2,2,66.67,66.67,0,CONCORDANCIA_PERFEITA
tematicas_2025,"Direito, processo e atuação jurisdicional",Nacional,93,93,84.55,84.55,0,CONCORDANCIA_PERFEITA
tematicas_2025,"Direito, processo e atuação jurisdicional",Eleitoral,30,30,76.92,76.92,0,CONCORDANCIA_PERFEITA
tematicas_2025,"Direito, processo e atuação jurisdicional",Estadual,24,24,82.76,82.76,0,CONCORDANCIA_PERFEITA
tematicas_2025,"Direito, processo e atuação jurisdicional",Trabalho,25,25,96.15,96.15,0,CONCORDANCIA_PERFEITA
tematicas_2025,"Direito, processo e atuação jurisdicional",Federal,7,7,87.5,87.5,0,CONCORDANCIA_PERFEITA
tematicas_2025,"Direito, processo e atuação jurisdicional",Militar,5,5,100.0,100.0,0,CONCORDANCIA_PERFEITA
tematicas_2025,"Direito, processo e atuação jurisdicional",Superior/Conselho,2,2,66.67,66.67,0,CONCORDANCIA_PERFEITA
tematicas_2025,"Tecnologia, governo digital e inovação no setor público",Nacional,91,91,82.73,82.73,0,CONCORDANCIA_PERFEITA
tematicas_2025,"Tecnologia, governo digital e inovação no setor público",Eleitoral,25,25,64.1,64.1,0,CONCORDANCIA_PERFEITA
tematicas_2025,"Tecnologia, governo digital e inovação no setor público",Estadual,26,26,89.66,89.66,0,CONCORDANCIA_PERFEITA
tematicas_2025,"Tecnologia, governo digital e inovação no setor público",Trabalho,25,25,96.15,96.15,0,CONCORDANCIA_PERFEITA
tematicas_2025,"Tecnologia, governo digital e inovação no setor público",Federal,8,8,100.0,100.0,0,CONCORDANCIA_PERFEITA
tematicas_2025,"Tecnologia, governo digital e inovação no setor público",Militar,4,4,80.0,80.0,0,CONCORDANCIA_PERFEITA
tematicas_2025,"Tecnologia, governo digital e inovação no setor público",Superior/Conselho,3,3,100.0,100.0,0,CONCORDANCIA_PERFEITA
tematicas_2025,"Gestão de pessoas, liderança e desenvolvimento de equipes",Nacional,72,72,65.45,65.45,0,CONCORDANCIA_PERFEITA
tematicas_2025,"Gestão de pessoas, liderança e desenvolvimento de equipes",Eleitoral,15,15,38.46,38.46,0,CONCORDANCIA_PERFEITA
tematicas_2025,"Gestão de pessoas, liderança e desenvolvimento de equipes",Estadual,23,23,79.31,79.31,0,CONCORDANCIA_PERFEITA
tematicas_2025,"Gestão de pessoas, liderança e desenvolvimento de equipes",Trabalho,21,21,80.77,80.77,0,CONCORDANCIA_PERFEITA
tematicas_2025,"Gestão de pessoas, liderança e desenvolvimento de equipes",Federal,7,7,87.5,87.5,0,CONCORDANCIA_PERFEITA
tematicas_2025,"Gestão de pessoas, liderança e desenvolvimento de equipes",Militar,3,3,60.0,60.0,0,CONCORDANCIA_PERFEITA
tematicas_2025,"Gestão de pessoas, liderança e desenvolvimento de equipes",Superior/Conselho,3,3,100.0,100.0,0,CONCORDANCIA_PERFEITA
tematicas_2025,"Sustentabilidade, meio ambiente e mudanças climáticas",Nacional,66,66,60.0,60.0,0,CONCORDANCIA_PERFEITA
tematicas_2025,"Sustentabilidade, meio ambiente e mudanças climáticas",Eleitoral,12,12,30.77,30.77,0,CONCORDANCIA_PERFEITA
tematicas_2025,"Sustentabilidade, meio ambiente e mudanças climáticas",Estadual,20,20,68.97,68.97,0,CONCORDANCIA_PERFEITA
tematicas_2025,"Sustentabilidade, meio ambiente e mudanças climáticas",Trabalho,23,23,88.46,88.46,0,CONCORDANCIA_PERFEITA
tematicas_2025,"Sustentabilidade, meio ambiente e mudanças climáticas",Federal,5,5,62.5,62.5,0,CONCORDANCIA_PERFEITA
tematicas_2025,"Sustentabilidade, meio ambiente e mudanças climáticas",Militar,4,4,80.0,80.0,0,CONCORDANCIA_PERFEITA
tematicas_2025,"Sustentabilidade, meio ambiente e mudanças climáticas",Superior/Conselho,2,2,66.67,66.67,0,CONCORDANCIA_PERFEITA
tematicas_2025,"Saúde, bem-estar e qualidade de vida no trabalho",Nacional,65,65,59.09,59.09,0,CONCORDANCIA_PERFEITA
tematicas_2025,"Saúde, bem-estar e qualidade de vida no trabalho",Eleitoral,11,11,28.21,28.21,0,CONCORDANCIA_PERFEITA
tematicas_2025,"Saúde, bem-estar e qualidade de vida no trabalho",Estadual,22,22,75.86,75.86,0,CONCORDANCIA_PERFEITA
tematicas_2025,"Saúde, bem-estar e qualidade de vida no trabalho",Trabalho,20,20,76.92,76.92,0,CONCORDANCIA_PERFEITA
tematicas_2025,"Saúde, bem-estar e qualidade de vida no trabalho",Federal,6,6,75.0,75.0,0,CONCORDANCIA_PERFEITA
tematicas_2025,"Saúde, bem-estar e qualidade de vida no trabalho",Militar,4,4,80.0,80.0,0,CONCORDANCIA_PERFEITA
tematicas_2025,"Saúde, bem-estar e qualidade de vida no trabalho",Superior/Conselho,2,2,66.67,66.67,0,CONCORDANCIA_PERFEITA
tematicas_2025,"Dados, informação, privacidade e proteção de dados pessoais",Nacional,58,58,52.73,52.73,0,CONCORDANCIA_PERFEITA
tematicas_2025,"Dados, informação, privacidade e proteção de dados pessoais",Eleitoral,18,18,46.15,46.15,0,CONCORDANCIA_PERFEITA
tematicas_2025,"Dados, informação, privacidade e proteção de dados pessoais",Estadual,13,13,44.83,44.83,0,CONCORDANCIA_PERFEITA
tematicas_2025,"Dados, informação, privacidade e proteção de dados pessoais",Trabalho,17,17,65.38,65.38,0,CONCORDANCIA_PERFEITA
tematicas_2025,"Dados, informação, privacidade e proteção de dados pessoais",Federal,4,4,50.0,50.0,0,CONCORDANCIA_PERFEITA
tematicas_2025,"Dados, informação, privacidade e proteção de dados pessoais",Militar,3,3,60.0,60.0,0,CONCORDANCIA_PERFEITA
tematicas_2025,"Dados, informação, privacidade e proteção de dados pessoais",Superior/Conselho,3,3,100.0,100.0,0,CONCORDANCIA_PERFEITA
tematicas_2025,"Governança pública, gestão estratégica e resultados",Nacional,53,53,48.18,48.18,0,CONCORDANCIA_PERFEITA
tematicas_2025,"Governança pública, gestão estratégica e resultados",Eleitoral,14,14,35.9,35.9,0,CONCORDANCIA_PERFEITA
tematicas_2025,"Governança pública, gestão estratégica e resultados",Estadual,13,13,44.83,44.83,0,CONCORDANCIA_PERFEITA
tematicas_2025,"Governança pública, gestão estratégica e resultados",Trabalho,16,16,61.54,61.54,0,CONCORDANCIA_PERFEITA
tematicas_2025,"Governança pública, gestão estratégica e resultados",Federal,5,5,62.5,62.5,0,CONCORDANCIA_PERFEITA
tematicas_2025,"Governança pública, gestão estratégica e resultados",Militar,3,3,60.0,60.0,0,CONCORDANCIA_PERFEITA
tematicas_2025,"Governança pública, gestão estratégica e resultados",Superior/Conselho,2,2,66.67,66.67,0,CONCORDANCIA_PERFEITA
tematicas_2025,"Comunicação institucional, linguagem clara e relacionamento com a sociedade",Nacional,52,52,47.27,47.27,0,CONCORDANCIA_PERFEITA
tematicas_2025,"Comunicação institucional, linguagem clara e relacionamento com a sociedade",Eleitoral,12,12,30.77,30.77,0,CONCORDANCIA_PERFEITA
tematicas_2025,"Comunicação institucional, linguagem clara e relacionamento com a sociedade",Estadual,17,17,58.62,58.62,0,CONCORDANCIA_PERFEITA
tematicas_2025,"Comunicação institucional, linguagem clara e relacionamento com a sociedade",Trabalho,15,15,57.69,57.69,0,CONCORDANCIA_PERFEITA
tematicas_2025,"Comunicação institucional, linguagem clara e relacionamento com a sociedade",Federal,4,4,50.0,50.0,0,CONCORDANCIA_PERFEITA
tematicas_2025,"Comunicação institucional, linguagem clara e relacionamento com a sociedade",Militar,3,3,60.0,60.0,0,CONCORDANCIA_PERFEITA
tematicas_2025,"Comunicação institucional, linguagem clara e relacionamento com a sociedade",Superior/Conselho,1,1,33.33,33.33,0,CONCORDANCIA_PERFEITA
tematicas_2025,"Acesso à justiça, atendimento ao público e humanização",Nacional,51,51,46.36,46.36,0,CONCORDANCIA_PERFEITA
tematicas_2025,"Acesso à justiça, atendimento ao público e humanização",Eleitoral,12,12,30.77,30.77,0,CONCORDANCIA_PERFEITA
tematicas_2025,"Acesso à justiça, atendimento ao público e humanização",Estadual,17,17,58.62,58.62,0,CONCORDANCIA_PERFEITA
tematicas_2025,"Acesso à justiça, atendimento ao público e humanização",Trabalho,17,17,65.38,65.38,0,CONCORDANCIA_PERFEITA
tematicas_2025,"Acesso à justiça, atendimento ao público e humanização",Federal,3,3,37.5,37.5,0,CONCORDANCIA_PERFEITA
tematicas_2025,"Acesso à justiça, atendimento ao público e humanização",Militar,1,1,20.0,20.0,0,CONCORDANCIA_PERFEITA
tematicas_2025,"Acesso à justiça, atendimento ao público e humanização",Superior/Conselho,1,1,33.33,33.33,0,CONCORDANCIA_PERFEITA
tematicas_2025,Meios consensuais de solução de conflitos e justiça restaurativa,Nacional,51,51,46.36,46.36,0,CONCORDANCIA_PERFEITA
tematicas_2025,Meios consensuais de solução de conflitos e justiça restaurativa,Eleitoral,4,4,10.26,10.26,0,CONCORDANCIA_PERFEITA
tematicas_2025,Meios consensuais de solução de conflitos e justiça restaurativa,Estadual,21,21,72.41,72.41,0,CONCORDANCIA_PERFEITA
tematicas_2025,Meios consensuais de solução de conflitos e justiça restaurativa,Trabalho,19,19,73.08,73.08,0,CONCORDANCIA_PERFEITA
tematicas_2025,Meios consensuais de solução de conflitos e justiça restaurativa,Federal,5,5,62.5,62.5,0,CONCORDANCIA_PERFEITA
tematicas_2025,Meios consensuais de solução de conflitos e justiça restaurativa,Militar,1,1,20.0,20.0,0,CONCORDANCIA_PERFEITA
tematicas_2025,Meios consensuais de solução de conflitos e justiça restaurativa,Superior/Conselho,1,1,33.33,33.33,0,CONCORDANCIA_PERFEITA
tematicas_2025,"Ética, integridade, transparência e controle social",Nacional,47,47,42.73,42.73,0,CONCORDANCIA_PERFEITA
tematicas_2025,"Ética, integridade, transparência e controle social",Eleitoral,12,12,30.77,30.77,0,CONCORDANCIA_PERFEITA
tematicas_2025,"Ética, integridade, transparência e controle social",Estadual,11,11,37.93,37.93,0,CONCORDANCIA_PERFEITA
tematicas_2025,"Ética, integridade, transparência e controle social",Trabalho,16,16,61.54,61.54,0,CONCORDANCIA_PERFEITA
tematicas_2025,"Ética, integridade, transparência e controle social",Federal,4,4,50.0,50.0,0,CONCORDANCIA_PERFEITA
tematicas_2025,"Ética, integridade, transparência e controle social",Militar,2,2,40.0,40.0,0,CONCORDANCIA_PERFEITA
tematicas_2025,"Ética, integridade, transparência e controle social",Superior/Conselho,2,2,66.67,66.67,0,CONCORDANCIA_PERFEITA
tematicas_2025,Competências comportamentais e socioemocionais,Nacional,46,46,41.82,41.82,0,CONCORDANCIA_PERFEITA
tematicas_2025,Competências comportamentais e socioemocionais,Eleitoral,7,7,17.95,17.95,0,CONCORDANCIA_PERFEITA
tematicas_2025,Competências comportamentais e socioemocionais,Estadual,16,16,55.17,55.17,0,CONCORDANCIA_PERFEITA
tematicas_2025,Competências comportamentais e socioemocionais,Trabalho,14,14,53.85,53.85,0,CONCORDANCIA_PERFEITA
tematicas_2025,Competências comportamentais e socioemocionais,Federal,5,5,62.5,62.5,0,CONCORDANCIA_PERFEITA
tematicas_2025,Competências comportamentais e socioemocionais,Militar,3,3,60.0,60.0,0,CONCORDANCIA_PERFEITA
tematicas_2025,Competências comportamentais e socioemocionais,Superior/Conselho,1,1,33.33,33.33,0,CONCORDANCIA_PERFEITA
tematicas_2025,"Educação, docência e formação de formadores",Nacional,44,44,40.0,40.0,0,CONCORDANCIA_PERFEITA
tematicas_2025,"Educação, docência e formação de formadores",Eleitoral,7,7,17.95,17.95,0,CONCORDANCIA_PERFEITA
tematicas_2025,"Educação, docência e formação de formadores",Estadual,21,21,72.41,72.41,0,CONCORDANCIA_PERFEITA
tematicas_2025,"Educação, docência e formação de formadores",Trabalho,10,10,38.46,38.46,0,CONCORDANCIA_PERFEITA
tematicas_2025,"Educação, docência e formação de formadores",Federal,3,3,37.5,37.5,0,CONCORDANCIA_PERFEITA
tematicas_2025,"Educação, docência e formação de formadores",Militar,2,2,40.0,40.0,0,CONCORDANCIA_PERFEITA
tematicas_2025,"Educação, docência e formação de formadores",Superior/Conselho,1,1,33.33,33.33,0,CONCORDANCIA_PERFEITA
tematicas_2025,"Gestão de projetos, processos e melhoria contínua",Nacional,40,40,36.36,36.36,0,CONCORDANCIA_PERFEITA
tematicas_2025,"Gestão de projetos, processos e melhoria contínua",Eleitoral,11,11,28.21,28.21,0,CONCORDANCIA_PERFEITA
tematicas_2025,"Gestão de projetos, processos e melhoria contínua",Estadual,16,16,55.17,55.17,0,CONCORDANCIA_PERFEITA
tematicas_2025,"Gestão de projetos, processos e melhoria contínua",Trabalho,9,9,34.62,34.62,0,CONCORDANCIA_PERFEITA
tematicas_2025,"Gestão de projetos, processos e melhoria contínua",Federal,3,3,37.5,37.5,0,CONCORDANCIA_PERFEITA
tematicas_2025,"Gestão de projetos, processos e melhoria contínua",Militar,0,0,0.0,0.0,0,CONCORDANCIA_PERFEITA
tematicas_2025,"Gestão de projetos, processos e melhoria contínua",Superior/Conselho,1,1,33.33,33.33,0,CONCORDANCIA_PERFEITA
tematicas_2025,"Políticas públicas, planejamento e avaliação",Nacional,23,23,20.91,20.91,0,CONCORDANCIA_PERFEITA
tematicas_2025,"Políticas públicas, planejamento e avaliação",Eleitoral,6,6,15.38,15.38,0,CONCORDANCIA_PERFEITA
tematicas_2025,"Políticas públicas, planejamento e avaliação",Estadual,8,8,27.59,27.59,0,CONCORDANCIA_PERFEITA
tematicas_2025,"Políticas públicas, planejamento e avaliação",Trabalho,4,4,15.38,15.38,0,CONCORDANCIA_PERFEITA
tematicas_2025,"Políticas públicas, planejamento e avaliação",Federal,2,2,25.0,25.0,0,CONCORDANCIA_PERFEITA
tematicas_2025,"Políticas públicas, planejamento e avaliação",Militar,2,2,40.0,40.0,0,CONCORDANCIA_PERFEITA
tematicas_2025,"Políticas públicas, planejamento e avaliação",Superior/Conselho,1,1,33.33,33.33,0,CONCORDANCIA_PERFEITA
tematicas_2025,Outro (texto livre),Nacional,13,13,11.82,11.82,0,CONCORDANCIA_PERFEITA
tematicas_2025,Outro (texto livre),Eleitoral,4,4,10.26,10.26,0,CONCORDANCIA_PERFEITA
tematicas_2025,Outro (texto livre),Estadual,5,5,17.24,17.24,0,CONCORDANCIA_PERFEITA
tematicas_2025,Outro (texto livre),Trabalho,1,1,3.85,3.85,0,CONCORDANCIA_PERFEITA
tematicas_2025,Outro (texto livre),Federal,1,1,12.5,12.5,0,CONCORDANCIA_PERFEITA
tematicas_2025,Outro (texto livre),Militar,1,1,20.0,20.0,0,CONCORDANCIA_PERFEITA
tematicas_2025,Outro (texto livre),Superior/Conselho,1,1,33.33,33.33,0,CONCORDANCIA_PERFEITA
recursos_tecnologias,Webinários / transmissões ao vivo,Nacional,91,91,82.73,82.73,0,CONCORDANCIA_PERFEITA
recursos_tecnologias,Webinários / transmissões ao vivo,Eleitoral,26,26,66.67,66.67,0,CONCORDANCIA_PERFEITA
recursos_tecnologias,Webinários / transmissões ao vivo,Estadual,27,27,93.1,93.1,0,CONCORDANCIA_PERFEITA
recursos_tecnologias,Webinários / transmissões ao vivo,Trabalho,23,23,88.46,88.46,0,CONCORDANCIA_PERFEITA
recursos_tecnologias,Webinários / transmissões ao vivo,Federal,7,7,87.5,87.5,0,CONCORDANCIA_PERFEITA
recursos_tecnologias,Webinários / transmissões ao vivo,Militar,5,5,100.0,100.0,0,CONCORDANCIA_PERFEITA
recursos_tecnologias,Webinários / transmissões ao vivo,Superior/Conselho,3,3,100.0,100.0,0,CONCORDANCIA_PERFEITA
recursos_tecnologias,Salas virtuais de videoconferência,Nacional,91,91,82.73,82.73,0,CONCORDANCIA_PERFEITA
recursos_tecnologias,Salas virtuais de videoconferência,Eleitoral,26,26,66.67,66.67,0,CONCORDANCIA_PERFEITA
recursos_tecnologias,Salas virtuais de videoconferência,Estadual,27,27,93.1,93.1,0,CONCORDANCIA_PERFEITA
recursos_tecnologias,Salas virtuais de videoconferência,Trabalho,24,24,92.31,92.31,0,CONCORDANCIA_PERFEITA
recursos_tecnologias,Salas virtuais de videoconferência,Federal,7,7,87.5,87.5,0,CONCORDANCIA_PERFEITA
recursos_tecnologias,Salas virtuais de videoconferência,Militar,4,4,80.0,80.0,0,CONCORDANCIA_PERFEITA
recursos_tecnologias,Salas virtuais de videoconferência,Superior/Conselho,3,3,100.0,100.0,0,CONCORDANCIA_PERFEITA
recursos_tecnologias,"Acessibilidade digital, como legendas, audiodescrição e Libras",Nacional,79,79,71.82,71.82,0,CONCORDANCIA_PERFEITA
recursos_tecnologias,"Acessibilidade digital, como legendas, audiodescrição e Libras",Eleitoral,22,22,56.41,56.41,0,CONCORDANCIA_PERFEITA
recursos_tecnologias,"Acessibilidade digital, como legendas, audiodescrição e Libras",Estadual,25,25,86.21,86.21,0,CONCORDANCIA_PERFEITA
recursos_tecnologias,"Acessibilidade digital, como legendas, audiodescrição e Libras",Trabalho,18,18,69.23,69.23,0,CONCORDANCIA_PERFEITA
recursos_tecnologias,"Acessibilidade digital, como legendas, audiodescrição e Libras",Federal,7,7,87.5,87.5,0,CONCORDANCIA_PERFEITA
recursos_tecnologias,"Acessibilidade digital, como legendas, audiodescrição e Libras",Militar,4,4,80.0,80.0,0,CONCORDANCIA_PERFEITA
recursos_tecnologias,"Acessibilidade digital, como legendas, audiodescrição e Libras",Superior/Conselho,3,3,100.0,100.0,0,CONCORDANCIA_PERFEITA
recursos_tecnologias,"Produção própria de conteúdo digital, como videoaulas, podcasts e e-books",Nacional,65,65,59.09,59.09,0,CONCORDANCIA_PERFEITA
recursos_tecnologias,"Produção própria de conteúdo digital, como videoaulas, podcasts e e-books",Eleitoral,19,19,48.72,48.72,0,CONCORDANCIA_PERFEITA
recursos_tecnologias,"Produção própria de conteúdo digital, como videoaulas, podcasts e e-books",Estadual,23,23,79.31,79.31,0,CONCORDANCIA_PERFEITA
recursos_tecnologias,"Produção própria de conteúdo digital, como videoaulas, podcasts e e-books",Trabalho,12,12,46.15,46.15,0,CONCORDANCIA_PERFEITA
recursos_tecnologias,"Produção própria de conteúdo digital, como videoaulas, podcasts e e-books",Federal,6,6,75.0,75.0,0,CONCORDANCIA_PERFEITA
recursos_tecnologias,"Produção própria de conteúdo digital, como videoaulas, podcasts e e-books",Militar,3,3,60.0,60.0,0,CONCORDANCIA_PERFEITA
recursos_tecnologias,"Produção própria de conteúdo digital, como videoaulas, podcasts e e-books",Superior/Conselho,2,2,66.67,66.67,0,CONCORDANCIA_PERFEITA
recursos_tecnologias,Recursos de inteligência artificial aplicados à formação,Nacional,29,29,26.36,26.36,0,CONCORDANCIA_PERFEITA
recursos_tecnologias,Recursos de inteligência artificial aplicados à formação,Eleitoral,5,5,12.82,12.82,0,CONCORDANCIA_PERFEITA
recursos_tecnologias,Recursos de inteligência artificial aplicados à formação,Estadual,13,13,44.83,44.83,0,CONCORDANCIA_PERFEITA
recursos_tecnologias,Recursos de inteligência artificial aplicados à formação,Trabalho,6,6,23.08,23.08,0,CONCORDANCIA_PERFEITA
recursos_tecnologias,Recursos de inteligência artificial aplicados à formação,Federal,3,3,37.5,37.5,0,CONCORDANCIA_PERFEITA
recursos_tecnologias,Recursos de inteligência artificial aplicados à formação,Militar,1,1,20.0,20.0,0,CONCORDANCIA_PERFEITA
recursos_tecnologias,Recursos de inteligência artificial aplicados à formação,Superior/Conselho,1,1,33.33,33.33,0,CONCORDANCIA_PERFEITA
recursos_tecnologias,Gamificação / objetos de aprendizagem interativos,Nacional,28,28,25.45,25.45,0,CONCORDANCIA_PERFEITA
recursos_tecnologias,Gamificação / objetos de aprendizagem interativos,Eleitoral,6,6,15.38,15.38,0,CONCORDANCIA_PERFEITA
recursos_tecnologias,Gamificação / objetos de aprendizagem interativos,Estadual,13,13,44.83,44.83,0,CONCORDANCIA_PERFEITA
recursos_tecnologias,Gamificação / objetos de aprendizagem interativos,Trabalho,4,4,15.38,15.38,0,CONCORDANCIA_PERFEITA
recursos_tecnologias,Gamificação / objetos de aprendizagem interativos,Federal,1,1,12.5,12.5,0,CONCORDANCIA_PERFEITA
recursos_tecnologias,Gamificação / objetos de aprendizagem interativos,Militar,3,3,60.0,60.0,0,CONCORDANCIA_PERFEITA
recursos_tecnologias,Gamificação / objetos de aprendizagem interativos,Superior/Conselho,1,1,33.33,33.33,0,CONCORDANCIA_PERFEITA
recursos_tecnologias,Não utiliza recursos digitais estruturados,Nacional,7,7,6.36,6.36,0,CONCORDANCIA_PERFEITA
recursos_tecnologias,Não utiliza recursos digitais estruturados,Eleitoral,4,4,10.26,10.26,0,CONCORDANCIA_PERFEITA
recursos_tecnologias,Não utiliza recursos digitais estruturados,Estadual,2,2,6.9,6.9,0,CONCORDANCIA_PERFEITA
recursos_tecnologias,Não utiliza recursos digitais estruturados,Trabalho,1,1,3.85,3.85,0,CONCORDANCIA_PERFEITA
recursos_tecnologias,Não utiliza recursos digitais estruturados,Federal,0,0,0.0,0.0,0,CONCORDANCIA_PERFEITA
recursos_tecnologias,Não utiliza recursos digitais estruturados,Militar,0,0,0.0,0.0,0,CONCORDANCIA_PERFEITA
recursos_tecnologias,Não utiliza recursos digitais estruturados,Superior/Conselho,0,0,0.0,0.0,0,CONCORDANCIA_PERFEITA
recursos_tecnologias,Outro (texto livre),Nacional,0,0,0.0,0.0,0,CONCORDANCIA_PERFEITA
recursos_tecnologias,Outro (texto livre),Eleitoral,0,0,0.0,0.0,0,CONCORDANCIA_PERFEITA
recursos_tecnologias,Outro (texto livre),Estadual,0,0,0.0,0.0,0,CONCORDANCIA_PERFEITA
recursos_tecnologias,Outro (texto livre),Trabalho,0,0,0.0,0.0,0,CONCORDANCIA_PERFEITA
recursos_tecnologias,Outro (texto livre),Federal,0,0,0.0,0.0,0,CONCORDANCIA_PERFEITA
recursos_tecnologias,Outro (texto livre),Militar,0,0,0.0,0.0,0,CONCORDANCIA_PERFEITA
recursos_tecnologias,Outro (texto livre),Superior/Conselho,0,0,0.0,0.0,0,CONCORDANCIA_PERFEITA
eixos_prioritarios_2026,"Direitos humanos, diversidade e inclusão",Nacional,98,98,89.09,89.09,0,CONCORDANCIA_PERFEITA
eixos_prioritarios_2026,"Direitos humanos, diversidade e inclusão",Eleitoral,32,32,82.05,82.05,0,CONCORDANCIA_PERFEITA
eixos_prioritarios_2026,"Direitos humanos, diversidade e inclusão",Estadual,28,28,96.55,96.55,0,CONCORDANCIA_PERFEITA
eixos_prioritarios_2026,"Direitos humanos, diversidade e inclusão",Trabalho,24,24,92.31,92.31,0,CONCORDANCIA_PERFEITA
eixos_prioritarios_2026,"Direitos humanos, diversidade e inclusão",Federal,7,7,87.5,87.5,0,CONCORDANCIA_PERFEITA
eixos_prioritarios_2026,"Direitos humanos, diversidade e inclusão",Militar,5,5,100.0,100.0,0,CONCORDANCIA_PERFEITA
eixos_prioritarios_2026,"Direitos humanos, diversidade e inclusão",Superior/Conselho,2,2,66.67,66.67,0,CONCORDANCIA_PERFEITA
eixos_prioritarios_2026,Inteligência artificial e inovação no Judiciário,Nacional,94,94,85.45,85.45,0,CONCORDANCIA_PERFEITA
eixos_prioritarios_2026,Inteligência artificial e inovação no Judiciário,Eleitoral,29,29,74.36,74.36,0,CONCORDANCIA_PERFEITA
eixos_prioritarios_2026,Inteligência artificial e inovação no Judiciário,Estadual,29,29,100.0,100.0,0,CONCORDANCIA_PERFEITA
eixos_prioritarios_2026,Inteligência artificial e inovação no Judiciário,Trabalho,22,22,84.62,84.62,0,CONCORDANCIA_PERFEITA
eixos_prioritarios_2026,Inteligência artificial e inovação no Judiciário,Federal,8,8,100.0,100.0,0,CONCORDANCIA_PERFEITA
eixos_prioritarios_2026,Inteligência artificial e inovação no Judiciário,Militar,3,3,60.0,60.0,0,CONCORDANCIA_PERFEITA
eixos_prioritarios_2026,Inteligência artificial e inovação no Judiciário,Superior/Conselho,3,3,100.0,100.0,0,CONCORDANCIA_PERFEITA
eixos_prioritarios_2026,Gestão judiciária e produtividade,Nacional,62,62,56.36,56.36,0,CONCORDANCIA_PERFEITA
eixos_prioritarios_2026,Gestão judiciária e produtividade,Eleitoral,12,12,30.77,30.77,0,CONCORDANCIA_PERFEITA
eixos_prioritarios_2026,Gestão judiciária e produtividade,Estadual,22,22,75.86,75.86,0,CONCORDANCIA_PERFEITA
eixos_prioritarios_2026,Gestão judiciária e produtividade,Trabalho,17,17,65.38,65.38,0,CONCORDANCIA_PERFEITA
eixos_prioritarios_2026,Gestão judiciária e produtividade,Federal,6,6,75.0,75.0,0,CONCORDANCIA_PERFEITA
eixos_prioritarios_2026,Gestão judiciária e produtividade,Militar,2,2,40.0,40.0,0,CONCORDANCIA_PERFEITA
eixos_prioritarios_2026,Gestão judiciária e produtividade,Superior/Conselho,3,3,100.0,100.0,0,CONCORDANCIA_PERFEITA
eixos_prioritarios_2026,"Proteção de dados, privacidade e prova digital",Nacional,50,50,45.45,45.45,0,CONCORDANCIA_PERFEITA
eixos_prioritarios_2026,"Proteção de dados, privacidade e prova digital",Eleitoral,20,20,51.28,51.28,0,CONCORDANCIA_PERFEITA
eixos_prioritarios_2026,"Proteção de dados, privacidade e prova digital",Estadual,11,11,37.93,37.93,0,CONCORDANCIA_PERFEITA
eixos_prioritarios_2026,"Proteção de dados, privacidade e prova digital",Trabalho,12,12,46.15,46.15,0,CONCORDANCIA_PERFEITA
eixos_prioritarios_2026,"Proteção de dados, privacidade e prova digital",Federal,2,2,25.0,25.0,0,CONCORDANCIA_PERFEITA
eixos_prioritarios_2026,"Proteção de dados, privacidade e prova digital",Militar,3,3,60.0,60.0,0,CONCORDANCIA_PERFEITA
eixos_prioritarios_2026,"Proteção de dados, privacidade e prova digital",Superior/Conselho,2,2,66.67,66.67,0,CONCORDANCIA_PERFEITA
eixos_prioritarios_2026,Saúde mental e qualidade de vida,Nacional,46,46,41.82,41.82,0,CONCORDANCIA_PERFEITA
eixos_prioritarios_2026,Saúde mental e qualidade de vida,Eleitoral,10,10,25.64,25.64,0,CONCORDANCIA_PERFEITA
eixos_prioritarios_2026,Saúde mental e qualidade de vida,Estadual,13,13,44.83,44.83,0,CONCORDANCIA_PERFEITA
eixos_prioritarios_2026,Saúde mental e qualidade de vida,Trabalho,15,15,57.69,57.69,0,CONCORDANCIA_PERFEITA
eixos_prioritarios_2026,Saúde mental e qualidade de vida,Federal,4,4,50.0,50.0,0,CONCORDANCIA_PERFEITA
eixos_prioritarios_2026,Saúde mental e qualidade de vida,Militar,4,4,80.0,80.0,0,CONCORDANCIA_PERFEITA
eixos_prioritarios_2026,Saúde mental e qualidade de vida,Superior/Conselho,0,0,0.0,0.0,0,CONCORDANCIA_PERFEITA
eixos_prioritarios_2026,Métodos consensuais e justiça restaurativa,Nacional,46,46,41.82,41.82,0,CONCORDANCIA_PERFEITA
eixos_prioritarios_2026,Métodos consensuais e justiça restaurativa,Eleitoral,2,2,5.13,5.13,0,CONCORDANCIA_PERFEITA
eixos_prioritarios_2026,Métodos consensuais e justiça restaurativa,Estadual,15,15,51.72,51.72,0,CONCORDANCIA_PERFEITA
eixos_prioritarios_2026,Métodos consensuais e justiça restaurativa,Trabalho,21,21,80.77,80.77,0,CONCORDANCIA_PERFEITA
eixos_prioritarios_2026,Métodos consensuais e justiça restaurativa,Federal,6,6,75.0,75.0,0,CONCORDANCIA_PERFEITA
eixos_prioritarios_2026,Métodos consensuais e justiça restaurativa,Militar,1,1,20.0,20.0,0,CONCORDANCIA_PERFEITA
eixos_prioritarios_2026,Métodos consensuais e justiça restaurativa,Superior/Conselho,1,1,33.33,33.33,0,CONCORDANCIA_PERFEITA
eixos_prioritarios_2026,Formação inicial de magistrados,Nacional,18,18,16.36,16.36,0,CONCORDANCIA_PERFEITA
eixos_prioritarios_2026,Formação inicial de magistrados,Eleitoral,6,6,15.38,15.38,0,CONCORDANCIA_PERFEITA
eixos_prioritarios_2026,Formação inicial de magistrados,Estadual,8,8,27.59,27.59,0,CONCORDANCIA_PERFEITA
eixos_prioritarios_2026,Formação inicial de magistrados,Trabalho,1,1,3.85,3.85,0,CONCORDANCIA_PERFEITA
eixos_prioritarios_2026,Formação inicial de magistrados,Federal,1,1,12.5,12.5,0,CONCORDANCIA_PERFEITA
eixos_prioritarios_2026,Formação inicial de magistrados,Militar,2,2,40.0,40.0,0,CONCORDANCIA_PERFEITA
eixos_prioritarios_2026,Formação inicial de magistrados,Superior/Conselho,0,0,0.0,0.0,0,CONCORDANCIA_PERFEITA
eixos_prioritarios_2026,Combate ao crime organizado e atuação criminal,Nacional,15,15,13.64,13.64,0,CONCORDANCIA_PERFEITA
eixos_prioritarios_2026,Combate ao crime organizado e atuação criminal,Eleitoral,3,3,7.69,7.69,0,CONCORDANCIA_PERFEITA
eixos_prioritarios_2026,Combate ao crime organizado e atuação criminal,Estadual,8,8,27.59,27.59,0,CONCORDANCIA_PERFEITA
eixos_prioritarios_2026,Combate ao crime organizado e atuação criminal,Trabalho,0,0,0.0,0.0,0,CONCORDANCIA_PERFEITA
eixos_prioritarios_2026,Combate ao crime organizado e atuação criminal,Federal,3,3,37.5,37.5,0,CONCORDANCIA_PERFEITA
eixos_prioritarios_2026,Combate ao crime organizado e atuação criminal,Militar,0,0,0.0,0.0,0,CONCORDANCIA_PERFEITA
eixos_prioritarios_2026,Combate ao crime organizado e atuação criminal,Superior/Conselho,1,1,33.33,33.33,0,CONCORDANCIA_PERFEITA
eixos_prioritarios_2026,Outro (texto livre),Nacional,27,27,24.55,24.55,0,CONCORDANCIA_PERFEITA
eixos_prioritarios_2026,Outro (texto livre),Eleitoral,18,18,46.15,46.15,0,CONCORDANCIA_PERFEITA
eixos_prioritarios_2026,Outro (texto livre),Estadual,2,2,6.9,6.9,0,CONCORDANCIA_PERFEITA
eixos_prioritarios_2026,Outro (texto livre),Trabalho,3,3,11.54,11.54,0,CONCORDANCIA_PERFEITA
eixos_prioritarios_2026,Outro (texto livre),Federal,1,1,12.5,12.5,0,CONCORDANCIA_PERFEITA
eixos_prioritarios_2026,Outro (texto livre),Militar,1,1,20.0,20.0,0,CONCORDANCIA_PERFEITA
eixos_prioritarios_2026,Outro (texto livre),Superior/Conselho,2,2,66.67,66.67,0,CONCORDANCIA_PERFEITA
composicao_docente_2025,Servidores(as) da própria instituição,Nacional,102,102,92.73,92.73,0,CONCORDANCIA_PERFEITA
composicao_docente_2025,Servidores(as) da própria instituição,Eleitoral,32,32,82.05,82.05,0,CONCORDANCIA_PERFEITA
composicao_docente_2025,Servidores(as) da própria instituição,Estadual,29,29,100.0,100.0,0,CONCORDANCIA_PERFEITA
composicao_docente_2025,Servidores(as) da própria instituição,Trabalho,25,25,96.15,96.15,0,CONCORDANCIA_PERFEITA
composicao_docente_2025,Servidores(as) da própria instituição,Federal,8,8,100.0,100.0,0,CONCORDANCIA_PERFEITA
composicao_docente_2025,Servidores(as) da própria instituição,Militar,5,5,100.0,100.0,0,CONCORDANCIA_PERFEITA
composicao_docente_2025,Servidores(as) da própria instituição,Superior/Conselho,3,3,100.0,100.0,0,CONCORDANCIA_PERFEITA
composicao_docente_2025,Docentes externos / convidados,Nacional,101,101,91.82,91.82,0,CONCORDANCIA_PERFEITA
composicao_docente_2025,Docentes externos / convidados,Eleitoral,32,32,82.05,82.05,0,CONCORDANCIA_PERFEITA
composicao_docente_2025,Docentes externos / convidados,Estadual,29,29,100.0,100.0,0,CONCORDANCIA_PERFEITA
composicao_docente_2025,Docentes externos / convidados,Trabalho,25,25,96.15,96.15,0,CONCORDANCIA_PERFEITA
composicao_docente_2025,Docentes externos / convidados,Federal,7,7,87.5,87.5,0,CONCORDANCIA_PERFEITA
composicao_docente_2025,Docentes externos / convidados,Militar,5,5,100.0,100.0,0,CONCORDANCIA_PERFEITA
composicao_docente_2025,Docentes externos / convidados,Superior/Conselho,3,3,100.0,100.0,0,CONCORDANCIA_PERFEITA
composicao_docente_2025,Profissionais de outras instituições públicas,Nacional,97,97,88.18,88.18,0,CONCORDANCIA_PERFEITA
composicao_docente_2025,Profissionais de outras instituições públicas,Eleitoral,32,32,82.05,82.05,0,CONCORDANCIA_PERFEITA
composicao_docente_2025,Profissionais de outras instituições públicas,Estadual,28,28,96.55,96.55,0,CONCORDANCIA_PERFEITA
composicao_docente_2025,Profissionais de outras instituições públicas,Trabalho,23,23,88.46,88.46,0,CONCORDANCIA_PERFEITA
composicao_docente_2025,Profissionais de outras instituições públicas,Federal,7,7,87.5,87.5,0,CONCORDANCIA_PERFEITA
composicao_docente_2025,Profissionais de outras instituições públicas,Militar,4,4,80.0,80.0,0,CONCORDANCIA_PERFEITA
composicao_docente_2025,Profissionais de outras instituições públicas,Superior/Conselho,3,3,100.0,100.0,0,CONCORDANCIA_PERFEITA
composicao_docente_2025,Magistrados(as) da própria instituição,Nacional,86,86,78.18,78.18,0,CONCORDANCIA_PERFEITA
composicao_docente_2025,Magistrados(as) da própria instituição,Eleitoral,17,17,43.59,43.59,0,CONCORDANCIA_PERFEITA
composicao_docente_2025,Magistrados(as) da própria instituição,Estadual,29,29,100.0,100.0,0,CONCORDANCIA_PERFEITA
composicao_docente_2025,Magistrados(as) da própria instituição,Trabalho,25,25,96.15,96.15,0,CONCORDANCIA_PERFEITA
composicao_docente_2025,Magistrados(as) da própria instituição,Federal,8,8,100.0,100.0,0,CONCORDANCIA_PERFEITA
composicao_docente_2025,Magistrados(as) da própria instituição,Militar,5,5,100.0,100.0,0,CONCORDANCIA_PERFEITA
composicao_docente_2025,Magistrados(as) da própria instituição,Superior/Conselho,2,2,66.67,66.67,0,CONCORDANCIA_PERFEITA
composicao_docente_2025,Docentes de instituições de ensino superior,Nacional,72,72,65.45,65.45,0,CONCORDANCIA_PERFEITA
composicao_docente_2025,Docentes de instituições de ensino superior,Eleitoral,20,20,51.28,51.28,0,CONCORDANCIA_PERFEITA
composicao_docente_2025,Docentes de instituições de ensino superior,Estadual,23,23,79.31,79.31,0,CONCORDANCIA_PERFEITA
composicao_docente_2025,Docentes de instituições de ensino superior,Trabalho,22,22,84.62,84.62,0,CONCORDANCIA_PERFEITA
composicao_docente_2025,Docentes de instituições de ensino superior,Federal,5,5,62.5,62.5,0,CONCORDANCIA_PERFEITA
composicao_docente_2025,Docentes de instituições de ensino superior,Militar,2,2,40.0,40.0,0,CONCORDANCIA_PERFEITA
composicao_docente_2025,Docentes de instituições de ensino superior,Superior/Conselho,0,0,0.0,0.0,0,CONCORDANCIA_PERFEITA
composicao_docente_2025,Outro (texto livre),Nacional,0,0,0.0,0.0,0,CONCORDANCIA_PERFEITA
composicao_docente_2025,Outro (texto livre),Eleitoral,0,0,0.0,0.0,0,CONCORDANCIA_PERFEITA
composicao_docente_2025,Outro (texto livre),Estadual,0,0,0.0,0.0,0,CONCORDANCIA_PERFEITA
composicao_docente_2025,Outro (texto livre),Trabalho,0,0,0.0,0.0,0,CONCORDANCIA_PERFEITA
composicao_docente_2025,Outro (texto livre),Federal,0,0,0.0,0.0,0,CONCORDANCIA_PERFEITA
composicao_docente_2025,Outro (texto livre),Militar,0,0,0.0,0.0,0,CONCORDANCIA_PERFEITA
composicao_docente_2025,Outro (texto livre),Superior/Conselho,0,0,0.0,0.0,0,CONCORDANCIA_PERFEITA
instrumentos_gestao_docente,Política de retribuição / gratificação por hora-aula,Nacional,82,82,74.55,74.55,0,CONCORDANCIA_PERFEITA
instrumentos_gestao_docente,Política de retribuição / gratificação por hora-aula,Eleitoral,23,23,58.97,58.97,0,CONCORDANCIA_PERFEITA
instrumentos_gestao_docente,Política de retribuição / gratificação por hora-aula,Estadual,26,26,89.66,89.66,0,CONCORDANCIA_PERFEITA
instrumentos_gestao_docente,Política de retribuição / gratificação por hora-aula,Trabalho,20,20,76.92,76.92,0,CONCORDANCIA_PERFEITA
instrumentos_gestao_docente,Política de retribuição / gratificação por hora-aula,Federal,7,7,87.5,87.5,0,CONCORDANCIA_PERFEITA
instrumentos_gestao_docente,Política de retribuição / gratificação por hora-aula,Militar,3,3,60.0,60.0,0,CONCORDANCIA_PERFEITA
instrumentos_gestao_docente,Política de retribuição / gratificação por hora-aula,Superior/Conselho,3,3,100.0,100.0,0,CONCORDANCIA_PERFEITA
instrumentos_gestao_docente,Banco / cadastro de formadores,Nacional,76,76,69.09,69.09,0,CONCORDANCIA_PERFEITA
instrumentos_gestao_docente,Banco / cadastro de formadores,Eleitoral,21,21,53.85,53.85,0,CONCORDANCIA_PERFEITA
instrumentos_gestao_docente,Banco / cadastro de formadores,Estadual,26,26,89.66,89.66,0,CONCORDANCIA_PERFEITA
instrumentos_gestao_docente,Banco / cadastro de formadores,Trabalho,17,17,65.38,65.38,0,CONCORDANCIA_PERFEITA
instrumentos_gestao_docente,Banco / cadastro de formadores,Federal,6,6,75.0,75.0,0,CONCORDANCIA_PERFEITA
instrumentos_gestao_docente,Banco / cadastro de formadores,Militar,4,4,80.0,80.0,0,CONCORDANCIA_PERFEITA
instrumentos_gestao_docente,Banco / cadastro de formadores,Superior/Conselho,2,2,66.67,66.67,0,CONCORDANCIA_PERFEITA
instrumentos_gestao_docente,Avaliação de desempenho dos formadores,Nacional,63,63,57.27,57.27,0,CONCORDANCIA_PERFEITA
instrumentos_gestao_docente,Avaliação de desempenho dos formadores,Eleitoral,17,17,43.59,43.59,0,CONCORDANCIA_PERFEITA
instrumentos_gestao_docente,Avaliação de desempenho dos formadores,Estadual,22,22,75.86,75.86,0,CONCORDANCIA_PERFEITA
instrumentos_gestao_docente,Avaliação de desempenho dos formadores,Trabalho,15,15,57.69,57.69,0,CONCORDANCIA_PERFEITA
instrumentos_gestao_docente,Avaliação de desempenho dos formadores,Federal,7,7,87.5,87.5,0,CONCORDANCIA_PERFEITA
instrumentos_gestao_docente,Avaliação de desempenho dos formadores,Militar,1,1,20.0,20.0,0,CONCORDANCIA_PERFEITA
instrumentos_gestao_docente,Avaliação de desempenho dos formadores,Superior/Conselho,1,1,33.33,33.33,0,CONCORDANCIA_PERFEITA
instrumentos_gestao_docente,Critérios formais de seleção e credenciamento,Nacional,44,44,40.0,40.0,0,CONCORDANCIA_PERFEITA
instrumentos_gestao_docente,Critérios formais de seleção e credenciamento,Eleitoral,16,16,41.03,41.03,0,CONCORDANCIA_PERFEITA
instrumentos_gestao_docente,Critérios formais de seleção e credenciamento,Estadual,14,14,48.28,48.28,0,CONCORDANCIA_PERFEITA
instrumentos_gestao_docente,Critérios formais de seleção e credenciamento,Trabalho,8,8,30.77,30.77,0,CONCORDANCIA_PERFEITA
instrumentos_gestao_docente,Critérios formais de seleção e credenciamento,Federal,4,4,50.0,50.0,0,CONCORDANCIA_PERFEITA
instrumentos_gestao_docente,Critérios formais de seleção e credenciamento,Militar,1,1,20.0,20.0,0,CONCORDANCIA_PERFEITA
instrumentos_gestao_docente,Critérios formais de seleção e credenciamento,Superior/Conselho,1,1,33.33,33.33,0,CONCORDANCIA_PERFEITA
instrumentos_gestao_docente,Nenhum dos anteriores,Nacional,7,7,6.36,6.36,0,CONCORDANCIA_PERFEITA
instrumentos_gestao_docente,Nenhum dos anteriores,Eleitoral,5,5,12.82,12.82,0,CONCORDANCIA_PERFEITA
instrumentos_gestao_docente,Nenhum dos anteriores,Estadual,0,0,0.0,0.0,0,CONCORDANCIA_PERFEITA
instrumentos_gestao_docente,Nenhum dos anteriores,Trabalho,1,1,3.85,3.85,0,CONCORDANCIA_PERFEITA
instrumentos_gestao_docente,Nenhum dos anteriores,Federal,1,1,12.5,12.5,0,CONCORDANCIA_PERFEITA
instrumentos_gestao_docente,Nenhum dos anteriores,Militar,0,0,0.0,0.0,0,CONCORDANCIA_PERFEITA
instrumentos_gestao_docente,Nenhum dos anteriores,Superior/Conselho,0,0,0.0,0.0,0,CONCORDANCIA_PERFEITA
instrumentos_gestao_docente,Outro (texto livre),Nacional,9,9,8.18,8.18,0,CONCORDANCIA_PERFEITA
instrumentos_gestao_docente,Outro (texto livre),Eleitoral,5,5,12.82,12.82,0,CONCORDANCIA_PERFEITA
instrumentos_gestao_docente,Outro (texto livre),Estadual,2,2,6.9,6.9,0,CONCORDANCIA_PERFEITA
instrumentos_gestao_docente,Outro (texto livre),Trabalho,2,2,7.69,7.69,0,CONCORDANCIA_PERFEITA
instrumentos_gestao_docente,Outro (texto livre),Federal,0,0,0.0,0.0,0,CONCORDANCIA_PERFEITA
instrumentos_gestao_docente,Outro (texto livre),Militar,0,0,0.0,0.0,0,CONCORDANCIA_PERFEITA
instrumentos_gestao_docente,Outro (texto livre),Superior/Conselho,0,0,0.0,0.0,0,CONCORDANCIA_PERFEITA
instituicoes_cooperacao,Outras escolas judiciais / da magistratura,Nacional,83,83,75.45,75.45,0,CONCORDANCIA_PERFEITA
instituicoes_cooperacao,Outras escolas judiciais / da magistratura,Eleitoral,24,24,61.54,61.54,0,CONCORDANCIA_PERFEITA
instituicoes_cooperacao,Outras escolas judiciais / da magistratura,Estadual,26,26,89.66,89.66,0,CONCORDANCIA_PERFEITA
instituicoes_cooperacao,Outras escolas judiciais / da magistratura,Trabalho,22,22,84.62,84.62,0,CONCORDANCIA_PERFEITA
instituicoes_cooperacao,Outras escolas judiciais / da magistratura,Federal,5,5,62.5,62.5,0,CONCORDANCIA_PERFEITA
instituicoes_cooperacao,Outras escolas judiciais / da magistratura,Militar,3,3,60.0,60.0,0,CONCORDANCIA_PERFEITA
instituicoes_cooperacao,Outras escolas judiciais / da magistratura,Superior/Conselho,3,3,100.0,100.0,0,CONCORDANCIA_PERFEITA
instituicoes_cooperacao,Instituições de ensino superior / universidades,Nacional,62,62,56.36,56.36,0,CONCORDANCIA_PERFEITA
instituicoes_cooperacao,Instituições de ensino superior / universidades,Eleitoral,19,19,48.72,48.72,0,CONCORDANCIA_PERFEITA
instituicoes_cooperacao,Instituições de ensino superior / universidades,Estadual,26,26,89.66,89.66,0,CONCORDANCIA_PERFEITA
instituicoes_cooperacao,Instituições de ensino superior / universidades,Trabalho,13,13,50.0,50.0,0,CONCORDANCIA_PERFEITA
instituicoes_cooperacao,Instituições de ensino superior / universidades,Federal,1,1,12.5,12.5,0,CONCORDANCIA_PERFEITA
instituicoes_cooperacao,Instituições de ensino superior / universidades,Militar,3,3,60.0,60.0,0,CONCORDANCIA_PERFEITA
instituicoes_cooperacao,Instituições de ensino superior / universidades,Superior/Conselho,0,0,0.0,0.0,0,CONCORDANCIA_PERFEITA
instituicoes_cooperacao,"Ministério Público, Defensoria, OAB ou outras carreiras",Nacional,55,55,50.0,50.0,0,CONCORDANCIA_PERFEITA
instituicoes_cooperacao,"Ministério Público, Defensoria, OAB ou outras carreiras",Eleitoral,18,18,46.15,46.15,0,CONCORDANCIA_PERFEITA
instituicoes_cooperacao,"Ministério Público, Defensoria, OAB ou outras carreiras",Estadual,19,19,65.52,65.52,0,CONCORDANCIA_PERFEITA
instituicoes_cooperacao,"Ministério Público, Defensoria, OAB ou outras carreiras",Trabalho,12,12,46.15,46.15,0,CONCORDANCIA_PERFEITA
instituicoes_cooperacao,"Ministério Público, Defensoria, OAB ou outras carreiras",Federal,2,2,25.0,25.0,0,CONCORDANCIA_PERFEITA
instituicoes_cooperacao,"Ministério Público, Defensoria, OAB ou outras carreiras",Militar,2,2,40.0,40.0,0,CONCORDANCIA_PERFEITA
instituicoes_cooperacao,"Ministério Público, Defensoria, OAB ou outras carreiras",Superior/Conselho,2,2,66.67,66.67,0,CONCORDANCIA_PERFEITA
instituicoes_cooperacao,"Escolas de governo, como ENAP e escolas estaduais",Nacional,53,53,48.18,48.18,0,CONCORDANCIA_PERFEITA
instituicoes_cooperacao,"Escolas de governo, como ENAP e escolas estaduais",Eleitoral,12,12,30.77,30.77,0,CONCORDANCIA_PERFEITA
instituicoes_cooperacao,"Escolas de governo, como ENAP e escolas estaduais",Estadual,17,17,58.62,58.62,0,CONCORDANCIA_PERFEITA
instituicoes_cooperacao,"Escolas de governo, como ENAP e escolas estaduais",Trabalho,18,18,69.23,69.23,0,CONCORDANCIA_PERFEITA
instituicoes_cooperacao,"Escolas de governo, como ENAP e escolas estaduais",Federal,1,1,12.5,12.5,0,CONCORDANCIA_PERFEITA
instituicoes_cooperacao,"Escolas de governo, como ENAP e escolas estaduais",Militar,3,3,60.0,60.0,0,CONCORDANCIA_PERFEITA
instituicoes_cooperacao,"Escolas de governo, como ENAP e escolas estaduais",Superior/Conselho,2,2,66.67,66.67,0,CONCORDANCIA_PERFEITA
instituicoes_cooperacao,ENFAM,Nacional,43,43,39.09,39.09,0,CONCORDANCIA_PERFEITA
instituicoes_cooperacao,ENFAM,Eleitoral,11,11,28.21,28.21,0,CONCORDANCIA_PERFEITA
instituicoes_cooperacao,ENFAM,Estadual,21,21,72.41,72.41,0,CONCORDANCIA_PERFEITA
instituicoes_cooperacao,ENFAM,Trabalho,4,4,15.38,15.38,0,CONCORDANCIA_PERFEITA
instituicoes_cooperacao,ENFAM,Federal,3,3,37.5,37.5,0,CONCORDANCIA_PERFEITA
instituicoes_cooperacao,ENFAM,Militar,1,1,20.0,20.0,0,CONCORDANCIA_PERFEITA
instituicoes_cooperacao,ENFAM,Superior/Conselho,3,3,100.0,100.0,0,CONCORDANCIA_PERFEITA
instituicoes_cooperacao,ENAJU / CNJ,Nacional,34,34,30.91,30.91,0,CONCORDANCIA_PERFEITA
instituicoes_cooperacao,ENAJU / CNJ,Eleitoral,3,3,7.69,7.69,0,CONCORDANCIA_PERFEITA
instituicoes_cooperacao,ENAJU / CNJ,Estadual,21,21,72.41,72.41,0,CONCORDANCIA_PERFEITA
instituicoes_cooperacao,ENAJU / CNJ,Trabalho,5,5,19.23,19.23,0,CONCORDANCIA_PERFEITA
instituicoes_cooperacao,ENAJU / CNJ,Federal,2,2,25.0,25.0,0,CONCORDANCIA_PERFEITA
instituicoes_cooperacao,ENAJU / CNJ,Militar,1,1,20.0,20.0,0,CONCORDANCIA_PERFEITA
instituicoes_cooperacao,ENAJU / CNJ,Superior/Conselho,2,2,66.67,66.67,0,CONCORDANCIA_PERFEITA
instituicoes_cooperacao,Organismos internacionais,Nacional,13,13,11.82,11.82,0,CONCORDANCIA_PERFEITA
instituicoes_cooperacao,Organismos internacionais,Eleitoral,0,0,0.0,0.0,0,CONCORDANCIA_PERFEITA
instituicoes_cooperacao,Organismos internacionais,Estadual,7,7,24.14,24.14,0,CONCORDANCIA_PERFEITA
instituicoes_cooperacao,Organismos internacionais,Trabalho,3,3,11.54,11.54,0,CONCORDANCIA_PERFEITA
instituicoes_cooperacao,Organismos internacionais,Federal,0,0,0.0,0.0,0,CONCORDANCIA_PERFEITA
instituicoes_cooperacao,Organismos internacionais,Militar,2,2,40.0,40.0,0,CONCORDANCIA_PERFEITA
instituicoes_cooperacao,Organismos internacionais,Superior/Conselho,1,1,33.33,33.33,0,CONCORDANCIA_PERFEITA
instituicoes_cooperacao,Não há cooperação formalizada,Nacional,8,8,7.27,7.27,0,CONCORDANCIA_PERFEITA
instituicoes_cooperacao,Não há cooperação formalizada,Eleitoral,6,6,15.38,15.38,0,CONCORDANCIA_PERFEITA
instituicoes_cooperacao,Não há cooperação formalizada,Estadual,0,0,0.0,0.0,0,CONCORDANCIA_PERFEITA
instituicoes_cooperacao,Não há cooperação formalizada,Trabalho,1,1,3.85,3.85,0,CONCORDANCIA_PERFEITA
instituicoes_cooperacao,Não há cooperação formalizada,Federal,1,1,12.5,12.5,0,CONCORDANCIA_PERFEITA
instituicoes_cooperacao,Não há cooperação formalizada,Militar,0,0,0.0,0.0,0,CONCORDANCIA_PERFEITA
instituicoes_cooperacao,Não há cooperação formalizada,Superior/Conselho,0,0,0.0,0.0,0,CONCORDANCIA_PERFEITA
instituicoes_cooperacao,Outro (texto livre),Nacional,17,17,15.45,15.45,0,CONCORDANCIA_PERFEITA
instituicoes_cooperacao,Outro (texto livre),Eleitoral,5,5,12.82,12.82,0,CONCORDANCIA_PERFEITA
instituicoes_cooperacao,Outro (texto livre),Estadual,2,2,6.9,6.9,0,CONCORDANCIA_PERFEITA
instituicoes_cooperacao,Outro (texto livre),Trabalho,6,6,23.08,23.08,0,CONCORDANCIA_PERFEITA
instituicoes_cooperacao,Outro (texto livre),Federal,2,2,25.0,25.0,0,CONCORDANCIA_PERFEITA
instituicoes_cooperacao,Outro (texto livre),Militar,1,1,20.0,20.0,0,CONCORDANCIA_PERFEITA
instituicoes_cooperacao,Outro (texto livre),Superior/Conselho,1,1,33.33,33.33,0,CONCORDANCIA_PERFEITA
modalidades_cooperacao,Compartilhamento de cursos / vagas entre escolas,Nacional,98,98,89.09,89.09,0,CONCORDANCIA_PERFEITA
modalidades_cooperacao,Compartilhamento de cursos / vagas entre escolas,Eleitoral,32,32,82.05,82.05,0,CONCORDANCIA_PERFEITA
modalidades_cooperacao,Compartilhamento de cursos / vagas entre escolas,Estadual,27,27,93.1,93.1,0,CONCORDANCIA_PERFEITA
modalidades_cooperacao,Compartilhamento de cursos / vagas entre escolas,Trabalho,24,24,92.31,92.31,0,CONCORDANCIA_PERFEITA
modalidades_cooperacao,Compartilhamento de cursos / vagas entre escolas,Federal,7,7,87.5,87.5,0,CONCORDANCIA_PERFEITA
modalidades_cooperacao,Compartilhamento de cursos / vagas entre escolas,Militar,5,5,100.0,100.0,0,CONCORDANCIA_PERFEITA
modalidades_cooperacao,Compartilhamento de cursos / vagas entre escolas,Superior/Conselho,3,3,100.0,100.0,0,CONCORDANCIA_PERFEITA
modalidades_cooperacao,Compartilhamento de conteúdos e objetos de aprendizagem,Nacional,65,65,59.09,59.09,0,CONCORDANCIA_PERFEITA
modalidades_cooperacao,Compartilhamento de conteúdos e objetos de aprendizagem,Eleitoral,20,20,51.28,51.28,0,CONCORDANCIA_PERFEITA
modalidades_cooperacao,Compartilhamento de conteúdos e objetos de aprendizagem,Estadual,21,21,72.41,72.41,0,CONCORDANCIA_PERFEITA
modalidades_cooperacao,Compartilhamento de conteúdos e objetos de aprendizagem,Trabalho,18,18,69.23,69.23,0,CONCORDANCIA_PERFEITA
modalidades_cooperacao,Compartilhamento de conteúdos e objetos de aprendizagem,Federal,3,3,37.5,37.5,0,CONCORDANCIA_PERFEITA
modalidades_cooperacao,Compartilhamento de conteúdos e objetos de aprendizagem,Militar,1,1,20.0,20.0,0,CONCORDANCIA_PERFEITA
modalidades_cooperacao,Compartilhamento de conteúdos e objetos de aprendizagem,Superior/Conselho,2,2,66.67,66.67,0,CONCORDANCIA_PERFEITA
modalidades_cooperacao,Produção conjunta de ações formativas,Nacional,58,58,52.73,52.73,0,CONCORDANCIA_PERFEITA
modalidades_cooperacao,Produção conjunta de ações formativas,Eleitoral,16,16,41.03,41.03,0,CONCORDANCIA_PERFEITA
modalidades_cooperacao,Produção conjunta de ações formativas,Estadual,18,18,62.07,62.07,0,CONCORDANCIA_PERFEITA
modalidades_cooperacao,Produção conjunta de ações formativas,Trabalho,14,14,53.85,53.85,0,CONCORDANCIA_PERFEITA
modalidades_cooperacao,Produção conjunta de ações formativas,Federal,3,3,37.5,37.5,0,CONCORDANCIA_PERFEITA
modalidades_cooperacao,Produção conjunta de ações formativas,Militar,5,5,100.0,100.0,0,CONCORDANCIA_PERFEITA
modalidades_cooperacao,Produção conjunta de ações formativas,Superior/Conselho,2,2,66.67,66.67,0,CONCORDANCIA_PERFEITA
modalidades_cooperacao,Intercâmbio de formadores,Nacional,49,49,44.55,44.55,0,CONCORDANCIA_PERFEITA
modalidades_cooperacao,Intercâmbio de formadores,Eleitoral,14,14,35.9,35.9,0,CONCORDANCIA_PERFEITA
modalidades_cooperacao,Intercâmbio de formadores,Estadual,17,17,58.62,58.62,0,CONCORDANCIA_PERFEITA
modalidades_cooperacao,Intercâmbio de formadores,Trabalho,9,9,34.62,34.62,0,CONCORDANCIA_PERFEITA
modalidades_cooperacao,Intercâmbio de formadores,Federal,6,6,75.0,75.0,0,CONCORDANCIA_PERFEITA
modalidades_cooperacao,Intercâmbio de formadores,Militar,1,1,20.0,20.0,0,CONCORDANCIA_PERFEITA
modalidades_cooperacao,Intercâmbio de formadores,Superior/Conselho,2,2,66.67,66.67,0,CONCORDANCIA_PERFEITA
modalidades_cooperacao,Participação em redes nacionais temáticas,Nacional,32,32,29.09,29.09,0,CONCORDANCIA_PERFEITA
modalidades_cooperacao,Participação em redes nacionais temáticas,Eleitoral,5,5,12.82,12.82,0,CONCORDANCIA_PERFEITA
modalidades_cooperacao,Participação em redes nacionais temáticas,Estadual,13,13,44.83,44.83,0,CONCORDANCIA_PERFEITA
modalidades_cooperacao,Participação em redes nacionais temáticas,Trabalho,8,8,30.77,30.77,0,CONCORDANCIA_PERFEITA
modalidades_cooperacao,Participação em redes nacionais temáticas,Federal,2,2,25.0,25.0,0,CONCORDANCIA_PERFEITA
modalidades_cooperacao,Participação em redes nacionais temáticas,Militar,3,3,60.0,60.0,0,CONCORDANCIA_PERFEITA
modalidades_cooperacao,Participação em redes nacionais temáticas,Superior/Conselho,1,1,33.33,33.33,0,CONCORDANCIA_PERFEITA
modalidades_cooperacao,Nenhuma das anteriores,Nacional,9,9,8.18,8.18,0,CONCORDANCIA_PERFEITA
modalidades_cooperacao,Nenhuma das anteriores,Eleitoral,7,7,17.95,17.95,0,CONCORDANCIA_PERFEITA
modalidades_cooperacao,Nenhuma das anteriores,Estadual,0,0,0.0,0.0,0,CONCORDANCIA_PERFEITA
modalidades_cooperacao,Nenhuma das anteriores,Trabalho,1,1,3.85,3.85,0,CONCORDANCIA_PERFEITA
modalidades_cooperacao,Nenhuma das anteriores,Federal,1,1,12.5,12.5,0,CONCORDANCIA_PERFEITA
modalidades_cooperacao,Nenhuma das anteriores,Militar,0,0,0.0,0.0,0,CONCORDANCIA_PERFEITA
modalidades_cooperacao,Nenhuma das anteriores,Superior/Conselho,0,0,0.0,0.0,0,CONCORDANCIA_PERFEITA
modalidades_cooperacao,Outro (texto livre),Nacional,0,0,0.0,0.0,0,CONCORDANCIA_PERFEITA
modalidades_cooperacao,Outro (texto livre),Eleitoral,0,0,0.0,0.0,0,CONCORDANCIA_PERFEITA
modalidades_cooperacao,Outro (texto livre),Estadual,0,0,0.0,0.0,0,CONCORDANCIA_PERFEITA
modalidades_cooperacao,Outro (texto livre),Trabalho,0,0,0.0,0.0,0,CONCORDANCIA_PERFEITA
modalidades_cooperacao,Outro (texto livre),Federal,0,0,0.0,0.0,0,CONCORDANCIA_PERFEITA
modalidades_cooperacao,Outro (texto livre),Militar,0,0,0.0,0.0,0,CONCORDANCIA_PERFEITA
modalidades_cooperacao,Outro (texto livre),Superior/Conselho,0,0,0.0,0.0,0,CONCORDANCIA_PERFEITA
