id_unidade,escola_unidade,orgao,sigla_orgao,uf,ramo,natureza,ano_criacao,site_escola,planejamento,plan_A,plan_B,dotacao,orcamento_faixa,instrumentos_governanca,fontes_financiamento,estrutura_fisica,efetivos_faixa,comissionados_faixa,magistrados_gestao_faixa,ava,moodle,capacidade_ead,recursos_tecnologias,cadastro_formadores,formacao_formadores,composicao_docente,instrumentos_gestao_docente,n1_reacao,n2_aprendizagem,n3_transferencia,n4_impacto,egressos,relacao_cursos,publicos_2025,tematicas_2025,eixos_prioritarios_2026,plano_2026,parcerias,interesse_enaju,instituicoes_cooperacao,modalidades_cooperacao
R109,Escola Judiciária Evandro Marques de Sousa,TRE/ACRE,TRE-AC,AC,Eleitoral,Centro/núcleo sem natureza de escola,2002,https://www.tre-ac.jus.br/institucional/escola-judiciaria-eleitoral/a-escola,Plano próprio desatualizado/vencido,0,1,Custeada por rubrica geral do tribunal,Sem informação consolidada,Ato normativo / regimento interno próprio,Orçamento ordinário do tribunal,Salas de aula / treinamento; Biblioteca / centro de memória,1 a 3,(sem resposta),1 a 3,Sem AVA,0,Não há capacidade própria de produção,"Salas virtuais de videoconferência; Acessibilidade digital, como legendas, audiodescrição e Libras",Não,Não desenvolve,Servidores(as) da própria instituição; Docentes externos / convidados; Profissionais de outras instituições públicas; Magistrados(as) da própria instituição; Docentes de instituições de ensino superior,Nenhum dos anteriores,Na maioria das ações,Na maioria das ações,Na maioria das ações,Na maioria das ações,Não realiza,Sim,Servidores(as); Magistrados(as); Estagiários(as); Público externo / sociedade; Colaboradores terceirizados,"Direitos humanos, cidadania e inclusão social; Diversidade, igualdade e não discriminação; Direito, processo e atuação jurisdicional; Dados, informação, privacidade e proteção de dados pessoais; Comunicação institucional, linguagem clara e relacionamento com a sociedade; Acesso à justiça, atendimento ao público e humanização","Direitos humanos, diversidade e inclusão; Inteligência artificial e inovação no Judiciário; Proteção de dados, privacidade e prova digital; Formação inicial de magistrados",Sim,"Sim, com convênios/acordos vigentes",Baixo,"Instituições de ensino superior / universidades; Ministério Público, Defensoria, OAB ou outras carreiras; Escolas de governo, como ENAP e escolas estaduais",Compartilhamento de cursos / vagas entre escolas; Compartilhamento de conteúdos e objetos de aprendizagem
R008,Escola Judiciária Eleitoral de Alagoas,TRE-AL,TRE-AL,AL,Eleitoral,Escola formalmente instituída,2003,https://www.tre-al.jus.br/institucional/escola-judiciaria-eleitoral/escola-judiciaria-eleitoral,Em elaboração,0,1,Rubrica orçamentária própria,R$ 250 mil a R$ 1 mi,Plano anual de capacitação (PAC) aprovado; Ato normativo / regimento interno próprio; Projeto pedagógico institucional / político-pedagógico,Orçamento ordinário do tribunal,Sede / espaço físico próprio e exclusivo; Biblioteca / centro de memória,4 a 10,4 a 10,1 a 3,Sem AVA,0,"Produção parcial, com apoio pontual de outras áreas",Salas virtuais de videoconferência,Sim,Não desenvolve,Servidores(as) da própria instituição; Docentes externos / convidados; Profissionais de outras instituições públicas; Magistrados(as) da própria instituição; Docentes de instituições de ensino superior,Nenhum dos anteriores,Não aplica,Não aplica,Não aplica,Não aplica,Não realiza,Não,Servidores(as); Magistrados(as); Estagiários(as); Público externo / sociedade; Colaboradores terceirizados,"Direitos humanos, cidadania e inclusão social; Diversidade, igualdade e não discriminação; Outro (texto livre)",Outro (texto livre),Sim,"Sim, com convênios/acordos vigentes",Alto,"Outras escolas judiciais / da magistratura; Instituições de ensino superior / universidades; Escolas de governo, como ENAP e escolas estaduais; ENFAM",Compartilhamento de cursos / vagas entre escolas; Compartilhamento de conteúdos e objetos de aprendizagem; Produção conjunta de ações formativas; Participação em redes nacionais temáticas
R055,Escola Judiciária Eleitoral do Amazonas (EJE/AM),Tribunal Regional Eleitoral do Amazonas (TRE-AM),TRE-AM,AM,Eleitoral,Escola formalmente instituída,2003,https://www.tre-am.jus.br/institucional/04-escola-judiciaria,Em elaboração,0,1,Rubrica orçamentária própria,Até R$ 250 mil,Plano anual de capacitação (PAC) aprovado; Ato normativo / regimento interno próprio,Orçamento ordinário do tribunal,"Não dispõe de espaço físico dedicado, utiliza estrutura do tribunal",1 a 3,1 a 3,1 a 3,AVA compartilhado com o tribunal,1,"Produção parcial, com apoio pontual de outras áreas","Webinários / transmissões ao vivo; Acessibilidade digital, como legendas, audiodescrição e Libras; Produção própria de conteúdo digital, como videoaulas, podcasts e e-books",Sim,Não desenvolve,Servidores(as) da própria instituição; Docentes externos / convidados; Profissionais de outras instituições públicas; Magistrados(as) da própria instituição,Política de retribuição / gratificação por hora-aula; Banco / cadastro de formadores; Avaliação de desempenho dos formadores; Critérios formais de seleção e credenciamento,Na maioria das ações,Em parte das ações,Em parte das ações,Em parte das ações,Não realiza,Sim,Servidores(as); Magistrados(as); Estagiários(as); Público externo / sociedade; Colaboradores terceirizados,"Direitos humanos, cidadania e inclusão social; Diversidade, igualdade e não discriminação; Direito, processo e atuação jurisdicional; Tecnologia, governo digital e inovação no setor público; Gestão de pessoas, liderança e desenvolvimento de equipes; Sustentabilidade, meio ambiente e mudanças climáticas; Dados, informação, privacidade e proteção de dados pessoais; Governança pública, gestão estratégica e resultados; Comunicação institucional, linguagem clara e relacionamento com a sociedade; Acesso à justiça, atendimento ao público e humanização; Ética, integridade, transparência e controle social; Educação, docência e formação de formadores; Políticas públicas, planejamento e avaliação","Direitos humanos, diversidade e inclusão; Inteligência artificial e inovação no Judiciário; Proteção de dados, privacidade e prova digital; Formação inicial de magistrados; Combate ao crime organizado e atuação criminal",Sim,"Sim, com convênios/acordos vigentes",Alto,"Outras escolas judiciais / da magistratura; Instituições de ensino superior / universidades; Ministério Público, Defensoria, OAB ou outras carreiras; ENFAM",Compartilhamento de cursos / vagas entre escolas; Produção conjunta de ações formativas
R087,SEÇÃO DE CAPACITAÇÃO - SECAP,TRIBUNAL REGIONAL ELEITORAL DO AMAZONAS - TRE-AM,TRE-AM,AM,Eleitoral,Setor de capacitação (gestão de pessoas),1997,SECAP@TRE-AM.JUS.BR,Plano próprio vigente e formalizado,1,1,Rubrica orçamentária própria,R$ 250 mil a R$ 1 mi,Plano anual de capacitação (PAC) aprovado,Orçamento ordinário do tribunal; Recursos de convênios / parcerias institucionais,Sede / espaço físico próprio e exclusivo; Salas de aula / treinamento; Auditório,4 a 10,1 a 3,Nenhum,AVA próprio,1,"Equipe multidisciplinar dedicada, com designer instrucional, audiovisual e TI","Produção própria de conteúdo digital, como videoaulas, podcasts e e-books",Não,Não desenvolve,Servidores(as) da própria instituição; Docentes externos / convidados; Profissionais de outras instituições públicas,Política de retribuição / gratificação por hora-aula,Em parte das ações,Na maioria das ações,Não aplica,Não aplica,Não realiza,Não,Servidores(as); Magistrados(as); Colaboradores terceirizados,"Direitos humanos, cidadania e inclusão social; Diversidade, igualdade e não discriminação; Direito, processo e atuação jurisdicional; Dados, informação, privacidade e proteção de dados pessoais; Acesso à justiça, atendimento ao público e humanização",Inteligência artificial e inovação no Judiciário,Sim,"Sim, com convênios/acordos vigentes",Alto,Outro (texto livre),Nenhuma das anteriores
R001,ESCOLA JUDICIÁRIA ELEITORAL DO AMAPÁ,Tribunal Regional Eleitoral do Amapá,TRE-AP,AP,Eleitoral,Escola formalmente instituída,2003,www.tre-ap.jus.br,Plano próprio vigente e formalizado,1,1,Custeada por rubrica geral do tribunal,R$ 250 mil a R$ 1 mi,Plano anual de capacitação (PAC) aprovado; Ato normativo / regimento interno próprio,Orçamento ordinário do tribunal,Sede / espaço físico próprio e exclusivo; Salas de aula / treinamento; Auditório; Biblioteca / centro de memória,1 a 3,1 a 3,1 a 3,AVA compartilhado com o tribunal,1,Não há capacidade própria de produção,"Webinários / transmissões ao vivo; Salas virtuais de videoconferência; Acessibilidade digital, como legendas, audiodescrição e Libras",Sim,Não desenvolve,Servidores(as) da própria instituição; Docentes externos / convidados; Profissionais de outras instituições públicas; Magistrados(as) da própria instituição,Banco / cadastro de formadores,Não aplica,Não aplica,Não aplica,Não aplica,"Sim, de forma pontual",Não,Servidores(as); Magistrados(as); Estagiários(as); Público externo / sociedade; Colaboradores terceirizados,"Direitos humanos, cidadania e inclusão social; Diversidade, igualdade e não discriminação; Direito, processo e atuação jurisdicional; Tecnologia, governo digital e inovação no setor público; Sustentabilidade, meio ambiente e mudanças climáticas; Saúde, bem-estar e qualidade de vida no trabalho; Dados, informação, privacidade e proteção de dados pessoais; Governança pública, gestão estratégica e resultados; Comunicação institucional, linguagem clara e relacionamento com a sociedade; Acesso à justiça, atendimento ao público e humanização; Competências comportamentais e socioemocionais; Educação, docência e formação de formadores; Gestão de projetos, processos e melhoria contínua; Políticas públicas, planejamento e avaliação","Direitos humanos, diversidade e inclusão; Inteligência artificial e inovação no Judiciário; Gestão judiciária e produtividade; Proteção de dados, privacidade e prova digital; Saúde mental e qualidade de vida",Sim,"Sim, com convênios/acordos vigentes",Moderado,"Outras escolas judiciais / da magistratura; Instituições de ensino superior / universidades; Ministério Público, Defensoria, OAB ou outras carreiras",Compartilhamento de cursos / vagas entre escolas; Compartilhamento de conteúdos e objetos de aprendizagem; Intercâmbio de formadores
R110,Escola Judiciária Eleitoral da Bahia,Tribunal Regional Eleitoral da Bahia,TRE-BA,BA,Eleitoral,Escola formalmente instituída,2004,https://eje.tre-ba.jus.br,Não possui,0,0,Rubrica orçamentária própria,R$ 250 mil a R$ 1 mi,Plano anual de capacitação (PAC) aprovado; Ato normativo / regimento interno próprio; Projeto pedagógico institucional / político-pedagógico; Conselho ou colegiado pedagógico / acadêmico,Orçamento ordinário do tribunal,"Não dispõe de espaço físico dedicado, utiliza estrutura do tribunal",4 a 10,4 a 10,1 a 3,AVA próprio,1,Não há capacidade própria de produção,"Webinários / transmissões ao vivo; Produção própria de conteúdo digital, como videoaulas, podcasts e e-books",Sim,"Outro texto livre, não classificável",Servidores(as) da própria instituição; Docentes externos / convidados; Docentes de instituições de ensino superior,Nenhum dos anteriores,Não aplica,Em parte das ações,Não aplica,Não aplica,Não realiza,Não,Servidores(as); Magistrados(as); Público externo / sociedade,"Direitos humanos, cidadania e inclusão social; Diversidade, igualdade e não discriminação; Direito, processo e atuação jurisdicional; Tecnologia, governo digital e inovação no setor público","Direitos humanos, diversidade e inclusão; Inteligência artificial e inovação no Judiciário; Proteção de dados, privacidade e prova digital; Outro (texto livre)",Sim,"Sim, com convênios/acordos vigentes",Moderado,Outras escolas judiciais / da magistratura,Compartilhamento de cursos / vagas entre escolas
R043,Escola Judiciária Eleitoral Cearense - EJEC,Tribunal Regional Eleitoral do Ceará - TRE-CE,TRE-CE,CE,Eleitoral,Escola formalmente instituída,2003,https://www.tre-ce.jus.br/institucional/escola-judiciaria-eleitoral-cearense/apresentacao,Plano próprio vigente e formalizado,1,1,Rubrica orçamentária própria,R$ 250 mil a R$ 1 mi,Plano anual de capacitação (PAC) aprovado; Ato normativo / regimento interno próprio,Orçamento ordinário do tribunal,"Não dispõe de espaço físico dedicado, utiliza estrutura do tribunal",4 a 10,4 a 10,1 a 3,AVA compartilhado com o tribunal,1,Não há capacidade própria de produção,"Salas virtuais de videoconferência; Acessibilidade digital, como legendas, audiodescrição e Libras",Sim,Não desenvolve,Servidores(as) da própria instituição; Docentes externos / convidados; Magistrados(as) da própria instituição,Política de retribuição / gratificação por hora-aula; Banco / cadastro de formadores; Critérios formais de seleção e credenciamento,Em parte das ações,Não aplica,Não aplica,Não aplica,Não realiza,Sim,Servidores(as); Magistrados(as),"Direitos humanos, cidadania e inclusão social; Diversidade, igualdade e não discriminação; Direito, processo e atuação jurisdicional; Educação, docência e formação de formadores","Direitos humanos, diversidade e inclusão; Outro (texto livre)",Sim,"Sim, com convênios/acordos vigentes",Alto,"Instituições de ensino superior / universidades; Ministério Público, Defensoria, OAB ou outras carreiras; Escolas de governo, como ENAP e escolas estaduais; ENFAM; Outro (texto livre)",Compartilhamento de cursos / vagas entre escolas; Compartilhamento de conteúdos e objetos de aprendizagem; Participação em redes nacionais temáticas
R074,SEÇÃO DE DESENVOLVIMENTO ORGANIZACIONAL E CAPACITAÇÃO - SEDES,TRIBUNAL REGIONAL ELEITORAL DO CEARÁ - TRE/CE,TRE-CE,CE,Eleitoral,Setor de capacitação (gestão de pessoas),2006,NÃO SE APLICA,Não possui,0,0,Rubrica orçamentária própria,R$ 250 mil a R$ 1 mi,Plano anual de capacitação (PAC) aprovado,Orçamento ordinário do tribunal,Salas de aula / treinamento; Auditório,4 a 10,1 a 3,Nenhum,AVA compartilhado com o tribunal,1,"Produção parcial, com apoio pontual de outras áreas","Webinários / transmissões ao vivo; Salas virtuais de videoconferência; Produção própria de conteúdo digital, como videoaulas, podcasts e e-books",Não,Não se aplica (texto livre),Profissionais de outras instituições públicas; Docentes de instituições de ensino superior,Outro (texto livre),Na maioria das ações,Não aplica,Não aplica,Não aplica,Não realiza,Sim,Servidores(as); Estagiários(as); Colaboradores terceirizados,"Direitos humanos, cidadania e inclusão social; Diversidade, igualdade e não discriminação; Tecnologia, governo digital e inovação no setor público; Gestão de pessoas, liderança e desenvolvimento de equipes; Saúde, bem-estar e qualidade de vida no trabalho; Dados, informação, privacidade e proteção de dados pessoais; Governança pública, gestão estratégica e resultados; Competências comportamentais e socioemocionais; Gestão de projetos, processos e melhoria contínua","Direitos humanos, diversidade e inclusão; Inteligência artificial e inovação no Judiciário; Gestão judiciária e produtividade; Proteção de dados, privacidade e prova digital; Saúde mental e qualidade de vida",Sim,Não mantém parcerias,Baixo,Outro (texto livre),Nenhuma das anteriores
R092,"Escola Judiciária Eleitoral do Distrito Federal ""Rui Barbosa""",Tribunal Regional Eleitoral do Distrito Federal,TRE-DF,DF,Eleitoral,Escola formalmente instituída,2004,https://www.tre-df.jus.br/institucional/escola-judiciaria-eleitoral/escola-judiciaria-eleitoral-do-distrito-federal-rui-barbosa,Não possui,0,0,Rubrica orçamentária própria,Até R$ 250 mil,Plano anual de capacitação (PAC) aprovado; Ato normativo / regimento interno próprio; Conselho ou colegiado pedagógico / acadêmico,Orçamento ordinário do tribunal,Sede / espaço físico próprio e exclusivo; Salas de aula / treinamento; Auditório,4 a 10,1 a 3,1 a 3,AVA compartilhado com o tribunal,1,"Produção parcial, com apoio pontual de outras áreas","Webinários / transmissões ao vivo; Acessibilidade digital, como legendas, audiodescrição e Libras",Sim,Não desenvolve,Servidores(as) da própria instituição; Profissionais de outras instituições públicas; Magistrados(as) da própria instituição,Política de retribuição / gratificação por hora-aula; Banco / cadastro de formadores; Avaliação de desempenho dos formadores; Critérios formais de seleção e credenciamento,Na maioria das ações,Em parte das ações,Em parte das ações,Em parte das ações,Não realiza,Sim,Servidores(as); Magistrados(as); Público externo / sociedade,"Direitos humanos, cidadania e inclusão social; Diversidade, igualdade e não discriminação; Direito, processo e atuação jurisdicional; Tecnologia, governo digital e inovação no setor público","Direitos humanos, diversidade e inclusão; Inteligência artificial e inovação no Judiciário; Outro (texto livre)",Sim,"Sim, com convênios/acordos vigentes",Moderado,"Outras escolas judiciais / da magistratura; Ministério Público, Defensoria, OAB ou outras carreiras; Escolas de governo, como ENAP e escolas estaduais; ENFAM",Compartilhamento de cursos / vagas entre escolas; Compartilhamento de conteúdos e objetos de aprendizagem; Intercâmbio de formadores; Participação em redes nacionais temáticas
R107,Coordenadoria de Educação e Desenvolvimento (Coede)/Secretaria de Gestão de Pessoas,Tribunal Superior Eleitoral,TSE,DF,Eleitoral,Setor de capacitação (gestão de pessoas),2005,educatse.jus.br,Apenas plano anual (PAC/PAT),0,0,Rubrica orçamentária própria,R$ 250 mil a R$ 1 mi,Plano anual de capacitação (PAC) aprovado,Orçamento ordinário do tribunal,Salas de aula / treinamento; Laboratório de informática,Mais de 10,1 a 3,Nenhum,AVA próprio,1,"Produção parcial, com apoio pontual de outras áreas","Webinários / transmissões ao vivo; Salas virtuais de videoconferência; Acessibilidade digital, como legendas, audiodescrição e Libras; Produção própria de conteúdo digital, como videoaulas, podcasts e e-books; Recursos de inteligência artificial aplicados à formação",Não,Não desenvolve,Servidores(as) da própria instituição; Docentes externos / convidados; Profissionais de outras instituições públicas; Docentes de instituições de ensino superior,Política de retribuição / gratificação por hora-aula,Na maioria das ações,Não aplica,Não aplica,Não aplica,Não realiza,Sim,Servidores(as); Estagiários(as),"Diversidade, igualdade e não discriminação; Gestão de pessoas, liderança e desenvolvimento de equipes; Sustentabilidade, meio ambiente e mudanças climáticas; Saúde, bem-estar e qualidade de vida no trabalho; Dados, informação, privacidade e proteção de dados pessoais; Governança pública, gestão estratégica e resultados; Comunicação institucional, linguagem clara e relacionamento com a sociedade; Ética, integridade, transparência e controle social; Competências comportamentais e socioemocionais; Gestão de projetos, processos e melhoria contínua","Direitos humanos, diversidade e inclusão; Inteligência artificial e inovação no Judiciário; Proteção de dados, privacidade e prova digital; Saúde mental e qualidade de vida",Sim,"Sim, com convênios/acordos vigentes",Alto,Outras escolas judiciais / da magistratura; ENAJU / CNJ,Compartilhamento de cursos / vagas entre escolas
R108,Escola Judiciária Eleitoral (EJE),Tribunal Superior Eleitoral (TSE),TSE,DF,Eleitoral,Escola formalmente instituída,2002,https://eadeje.tse.jus.br/,Apenas plano anual (PAC/PAT),0,0,Rubrica orçamentária própria,Até R$ 250 mil,Plano anual de capacitação (PAC) aprovado; Ato normativo / regimento interno próprio,Orçamento ordinário do tribunal,Sede / espaço físico próprio e exclusivo; Salas de aula / treinamento; Auditório,4 a 10,1 a 3,1 a 3,AVA próprio,0,"Produção parcial, com apoio pontual de outras áreas","Webinários / transmissões ao vivo; Salas virtuais de videoconferência; Acessibilidade digital, como legendas, audiodescrição e Libras; Produção própria de conteúdo digital, como videoaulas, podcasts e e-books",Sim,Ações pontuais,Servidores(as) da própria instituição; Docentes externos / convidados; Profissionais de outras instituições públicas; Magistrados(as) da própria instituição; Docentes de instituições de ensino superior,Política de retribuição / gratificação por hora-aula; Banco / cadastro de formadores; Avaliação de desempenho dos formadores; Critérios formais de seleção e credenciamento,Na maioria das ações,Na maioria das ações,Na maioria das ações,Na maioria das ações,"Sim, de forma sistemática",Sim,Servidores(as); Magistrados(as),"Direitos humanos, cidadania e inclusão social; Diversidade, igualdade e não discriminação; Direito, processo e atuação jurisdicional; Tecnologia, governo digital e inovação no setor público","Direitos humanos, diversidade e inclusão; Inteligência artificial e inovação no Judiciário; Outro (texto livre)",Sim,"Sim, com convênios/acordos vigentes",Alto,"Ministério Público, Defensoria, OAB ou outras carreiras; ENFAM",Compartilhamento de cursos / vagas entre escolas; Compartilhamento de conteúdos e objetos de aprendizagem; Produção conjunta de ações formativas
R004,"Escola Judiciária Eleitoral do Espírito Santo ""Desembargador Antônio José Miguel Feu Rosa""",TRE-ES,TRE-ES,ES,Eleitoral,Escola formalmente instituída,2009,https://www.tre-es.jus.br/institucional/eje/inicial,Não possui,0,0,Rubrica orçamentária própria,R$ 250 mil a R$ 1 mi,Plano anual de capacitação (PAC) aprovado; Ato normativo / regimento interno próprio,Orçamento ordinário do tribunal,"Não dispõe de espaço físico dedicado, utiliza estrutura do tribunal",4 a 10,4 a 10,1 a 3,AVA compartilhado com o tribunal,1,Não há capacidade própria de produção,Webinários / transmissões ao vivo; Salas virtuais de videoconferência,Sim,Não desenvolve,Servidores(as) da própria instituição; Docentes externos / convidados; Profissionais de outras instituições públicas,Política de retribuição / gratificação por hora-aula; Banco / cadastro de formadores,Na maioria das ações,Não aplica,Não aplica,Não aplica,Não realiza,Não,Servidores(as); Magistrados(as); Público externo / sociedade; Colaboradores terceirizados,"Direitos humanos, cidadania e inclusão social; Diversidade, igualdade e não discriminação; Direito, processo e atuação jurisdicional; Tecnologia, governo digital e inovação no setor público; Gestão de pessoas, liderança e desenvolvimento de equipes; Ética, integridade, transparência e controle social","Direitos humanos, diversidade e inclusão; Inteligência artificial e inovação no Judiciário; Gestão judiciária e produtividade",Sim,"Sim, com convênios/acordos vigentes",Alto,"Instituições de ensino superior / universidades; Ministério Público, Defensoria, OAB ou outras carreiras; Escolas de governo, como ENAP e escolas estaduais",Compartilhamento de cursos / vagas entre escolas; Compartilhamento de conteúdos e objetos de aprendizagem; Produção conjunta de ações formativas
R039,SEÇÃO DE CAPACITAÇÃO,TRIBUNAL REGIONAL ELEITORAL DE GOIÁS,TRE-GO,GO,Eleitoral,Setor de capacitação (gestão de pessoas),2006,nao tem,Não possui,0,0,Rubrica orçamentária própria,R$ 250 mil a R$ 1 mi,Plano anual de capacitação (PAC) aprovado,Orçamento ordinário do tribunal,"Não dispõe de espaço físico dedicado, utiliza estrutura do tribunal",1 a 3,1 a 3,Nenhum,AVA compartilhado com o tribunal,1,Não há capacidade própria de produção,Não utiliza recursos digitais estruturados,Sim,Não desenvolve,Servidores(as) da própria instituição; Docentes externos / convidados; Profissionais de outras instituições públicas; Docentes de instituições de ensino superior,Banco / cadastro de formadores,Na maioria das ações,Na maioria das ações,Não aplica,Na maioria das ações,Não realiza,Sim,Servidores(as),"Direitos humanos, cidadania e inclusão social; Direito, processo e atuação jurisdicional; Gestão de pessoas, liderança e desenvolvimento de equipes; Meios consensuais de solução de conflitos e justiça restaurativa; Ética, integridade, transparência e controle social; Políticas públicas, planejamento e avaliação","Direitos humanos, diversidade e inclusão; Inteligência artificial e inovação no Judiciário",Sim,Não mantém parcerias,Moderado,Não há cooperação formalizada,Nenhuma das anteriores
R064,Escola Judiciária Eleitoral de Goiás Desembargador José Soares de Castro,Tribunal Regional Eleitoral de Goiás,TRE-GO,GO,Eleitoral,Escola formalmente instituída,2003,https://www.tre-go.jus.br/institucional/escola-judiciaria-eleitoral/escola-judiciaria-eleitoral,Não possui,0,0,Rubrica orçamentária própria,Até R$ 250 mil,Ato normativo / regimento interno próprio; Outro (texto livre),Orçamento ordinário do tribunal,"Auditório; Não dispõe de espaço físico dedicado, utiliza estrutura do tribunal",1 a 3,1 a 3,1 a 3,AVA compartilhado com o tribunal,1,Não há capacidade própria de produção,"Webinários / transmissões ao vivo; Salas virtuais de videoconferência; Acessibilidade digital, como legendas, audiodescrição e Libras",Não,Não desenvolve,Docentes externos / convidados; Profissionais de outras instituições públicas; Docentes de instituições de ensino superior,Política de retribuição / gratificação por hora-aula; Banco / cadastro de formadores; Avaliação de desempenho dos formadores; Critérios formais de seleção e credenciamento; Outro (texto livre),Na maioria das ações,Em parte das ações,Não aplica,Não aplica,Não realiza,Sim,Servidores(as); Magistrados(as); Estagiários(as); Colaboradores terceirizados,"Direitos humanos, cidadania e inclusão social; Diversidade, igualdade e não discriminação; Direito, processo e atuação jurisdicional; Tecnologia, governo digital e inovação no setor público","Direitos humanos, diversidade e inclusão; Inteligência artificial e inovação no Judiciário",Sim,"Sim, com convênios/acordos vigentes",Alto,"Outras escolas judiciais / da magistratura; Instituições de ensino superior / universidades; Ministério Público, Defensoria, OAB ou outras carreiras; Escolas de governo, como ENAP e escolas estaduais",Compartilhamento de cursos / vagas entre escolas; Compartilhamento de conteúdos e objetos de aprendizagem; Intercâmbio de formadores
R009,Escola Judiciária Eleitoral do Maranhão,Tribunal Regional Eleitoral do Maranhão,TRE-MA,MA,Eleitoral,Escola formalmente instituída,2003,https://www.tre-ma.jus.br/institucional/escola-judiciaria-eleitoral-do-maranhao/escola-judiciaria-eleitoral,Não possui,0,0,Rubrica orçamentária própria,Até R$ 250 mil,Ato normativo / regimento interno próprio; Projeto pedagógico institucional / político-pedagógico,Recursos de convênios / parcerias institucionais,"Não dispõe de espaço físico dedicado, utiliza estrutura do tribunal",1 a 3,1 a 3,1 a 3,AVA de outra instituição (ENFAM/ENAJU/outra),0,"Produção parcial, com apoio pontual de outras áreas","Webinários / transmissões ao vivo; Salas virtuais de videoconferência; Produção própria de conteúdo digital, como videoaulas, podcasts e e-books",Sim,Ações pontuais,Servidores(as) da própria instituição; Profissionais de outras instituições públicas,Política de retribuição / gratificação por hora-aula; Avaliação de desempenho dos formadores; Critérios formais de seleção e credenciamento,Na maioria das ações,Na maioria das ações,Não aplica,Não aplica,Não realiza,Sim,Servidores(as); Magistrados(as),"Direitos humanos, cidadania e inclusão social; Diversidade, igualdade e não discriminação; Acesso à justiça, atendimento ao público e humanização; Outro (texto livre)","Direitos humanos, diversidade e inclusão; Formação inicial de magistrados; Outro (texto livre)",Sim,"Sim, com convênios/acordos vigentes",Moderado,Outras escolas judiciais / da magistratura,Compartilhamento de cursos / vagas entre escolas; Compartilhamento de conteúdos e objetos de aprendizagem; Produção conjunta de ações formativas; Intercâmbio de formadores
R104,SEÇÃO DE CAPACITAÇÃO,TRIBUNAL REGIONAL ELEITORAL DO MARANHÃO,TRE-MA,MA,Eleitoral,Setor de capacitação (gestão de pessoas),2005,secap@tre-ma.jus.br,Não possui,0,0,Rubrica orçamentária própria,R$ 250 mil a R$ 1 mi,Plano anual de capacitação (PAC) aprovado,Orçamento ordinário do tribunal,Sede / espaço físico próprio e exclusivo; Salas de aula / treinamento; Auditório,4 a 10,1 a 3,Nenhum,AVA compartilhado com o tribunal,1,"Equipe multidisciplinar dedicada, com designer instrucional, audiovisual e TI","Acessibilidade digital, como legendas, audiodescrição e Libras; Produção própria de conteúdo digital, como videoaulas, podcasts e e-books; Recursos de inteligência artificial aplicados à formação",Sim,Não desenvolve,Servidores(as) da própria instituição; Docentes externos / convidados; Profissionais de outras instituições públicas,Banco / cadastro de formadores; Avaliação de desempenho dos formadores; Critérios formais de seleção e credenciamento,Na maioria das ações,Não aplica,Não aplica,Não aplica,Não realiza,Sim,Servidores(as); Estagiários(as),"Direitos humanos, cidadania e inclusão social; Diversidade, igualdade e não discriminação; Tecnologia, governo digital e inovação no setor público; Gestão de pessoas, liderança e desenvolvimento de equipes; Sustentabilidade, meio ambiente e mudanças climáticas; Governança pública, gestão estratégica e resultados; Gestão de projetos, processos e melhoria contínua","Direitos humanos, diversidade e inclusão; Inteligência artificial e inovação no Judiciário; Proteção de dados, privacidade e prova digital; Outro (texto livre)",Sim,Não mantém parcerias,Alto,Não há cooperação formalizada,Nenhuma das anteriores
R088,Escola Judiciária Eleitoral Ministro Sálvio de Figueiredo Teixeira ,Tribunal Regional Eleitoral de Minas Gerais,TRE-MG,MG,Eleitoral,Escola formalmente instituída,2004,https://www.tre-mg.jus.br/institucional/escola-judiciaria-eleitoral/ejemg,Plano próprio vigente e formalizado,1,1,Rubrica orçamentária própria,R$ 250 mil a R$ 1 mi,Plano anual de capacitação (PAC) aprovado; Ato normativo / regimento interno próprio; Projeto pedagógico institucional / político-pedagógico,Orçamento ordinário do tribunal; Recursos de convênios / parcerias institucionais,Salas de aula / treinamento; Laboratório de informática,Mais de 10,Mais de 10,1 a 3,AVA próprio,1,"Equipe multidisciplinar dedicada, com designer instrucional, audiovisual e TI","Webinários / transmissões ao vivo; Salas virtuais de videoconferência; Acessibilidade digital, como legendas, audiodescrição e Libras; Produção própria de conteúdo digital, como videoaulas, podcasts e e-books; Recursos de inteligência artificial aplicados à formação; Gamificação / objetos de aprendizagem interativos",Sim,Ações pontuais,Servidores(as) da própria instituição; Docentes externos / convidados; Magistrados(as) da própria instituição,Banco / cadastro de formadores,Em parte das ações,Não aplica,Não aplica,Não aplica,Não realiza,Sim,Servidores(as); Magistrados(as); Estagiários(as); Colaboradores terceirizados,"Direitos humanos, cidadania e inclusão social; Direito, processo e atuação jurisdicional; Tecnologia, governo digital e inovação no setor público; Saúde, bem-estar e qualidade de vida no trabalho; Educação, docência e formação de formadores","Direitos humanos, diversidade e inclusão; Inteligência artificial e inovação no Judiciário; Gestão judiciária e produtividade; Proteção de dados, privacidade e prova digital; Outro (texto livre)",Sim,"Sim, com convênios/acordos vigentes",Alto,Instituições de ensino superior / universidades; ENFAM; Outro (texto livre),Compartilhamento de cursos / vagas entre escolas; Compartilhamento de conteúdos e objetos de aprendizagem; Intercâmbio de formadores; Participação em redes nacionais temáticas
R052,ESCOLA JUDICIÁRIA ELEITORAL DE MATO GROSSO DO SUL,TRIBUNAL REGIONAL ELEITORAL DE MATO GROSSO DO SUL,TRE-MS,MS,Eleitoral,Escola formalmente instituída,2009,https://intranet.tre-ms.jus.br/institucional/unidades/escola-judiciaria,Plano próprio vigente e formalizado,1,1,Rubrica orçamentária própria,R$ 250 mil a R$ 1 mi,Plano anual de capacitação (PAC) aprovado; Ato normativo / regimento interno próprio,Orçamento ordinário do tribunal,Sede / espaço físico próprio e exclusivo; Salas de aula / treinamento; Auditório,4 a 10,4 a 10,1 a 3,AVA compartilhado com o tribunal,1,"Produção parcial, com apoio pontual de outras áreas","Salas virtuais de videoconferência; Acessibilidade digital, como legendas, audiodescrição e Libras; Produção própria de conteúdo digital, como videoaulas, podcasts e e-books; Gamificação / objetos de aprendizagem interativos",Sim,Ações pontuais,Servidores(as) da própria instituição; Docentes externos / convidados; Profissionais de outras instituições públicas; Magistrados(as) da própria instituição,Política de retribuição / gratificação por hora-aula; Banco / cadastro de formadores; Critérios formais de seleção e credenciamento,Na maioria das ações,Na maioria das ações,Na maioria das ações,Não aplica,Não realiza,Sim,Servidores(as); Magistrados(as); Estagiários(as); Público externo / sociedade; Colaboradores terceirizados,"Direito, processo e atuação jurisdicional; Tecnologia, governo digital e inovação no setor público; Gestão de pessoas, liderança e desenvolvimento de equipes; Saúde, bem-estar e qualidade de vida no trabalho; Dados, informação, privacidade e proteção de dados pessoais; Gestão de projetos, processos e melhoria contínua","Direitos humanos, diversidade e inclusão; Inteligência artificial e inovação no Judiciário; Gestão judiciária e produtividade; Proteção de dados, privacidade e prova digital; Saúde mental e qualidade de vida",Sim,"Sim, com parcerias informais",Alto,"Outras escolas judiciais / da magistratura; Instituições de ensino superior / universidades; Ministério Público, Defensoria, OAB ou outras carreiras; ENFAM",Compartilhamento de cursos / vagas entre escolas; Produção conjunta de ações formativas
R012,Escola Judiciária Eleitoral,Tribunal Regional Eleitoral de Mato Grosso,TRE-MT,MT,Eleitoral,Escola formalmente instituída,2003,https://www.tre-mt.jus.br/institucional/eje/apresentacao,Adota o planejamento estratégico do tribunal,0,1,Rubrica orçamentária própria,Até R$ 250 mil,Plano anual de capacitação (PAC) aprovado; Ato normativo / regimento interno próprio; Conselho ou colegiado pedagógico / acadêmico,Orçamento ordinário do tribunal,Sede / espaço físico próprio e exclusivo; Salas de aula / treinamento; Auditório,1 a 3,(sem resposta),(sem resposta),Sem AVA,0,Não há capacidade própria de produção,Webinários / transmissões ao vivo; Salas virtuais de videoconferência,Sim,Não desenvolve,Servidores(as) da própria instituição; Profissionais de outras instituições públicas,Política de retribuição / gratificação por hora-aula; Avaliação de desempenho dos formadores,Na maioria das ações,Não aplica,Na maioria das ações,Não aplica,Não realiza,Sim,Servidores(as); Magistrados(as); Estagiários(as); Outro (texto livre),"Direitos humanos, cidadania e inclusão social; Direito, processo e atuação jurisdicional; Dados, informação, privacidade e proteção de dados pessoais","Direitos humanos, diversidade e inclusão; Proteção de dados, privacidade e prova digital; Formação inicial de magistrados",Sim,"Sim, com convênios/acordos vigentes",Alto,"Outras escolas judiciais / da magistratura; Ministério Público, Defensoria, OAB ou outras carreiras",Compartilhamento de cursos / vagas entre escolas
R003,Escola Judiciária Eleitoral do Pará,Tribunal Regional Eleitoral do Pará,TRE-PA,PA,Eleitoral,Escola formalmente instituída,2003,https://www.tre-pa.jus.br/,Plano próprio vigente e formalizado,1,1,Rubrica orçamentária própria,Até R$ 250 mil,Plano anual de capacitação (PAC) aprovado,Orçamento ordinário do tribunal,Sede / espaço físico próprio e exclusivo; Salas de aula / treinamento; Biblioteca / centro de memória,1 a 3,1 a 3,Nenhum,Sem AVA,0,Não há capacidade própria de produção,"Webinários / transmissões ao vivo; Salas virtuais de videoconferência; Acessibilidade digital, como legendas, audiodescrição e Libras; Recursos de inteligência artificial aplicados à formação",Sim,Não desenvolve,Profissionais de outras instituições públicas,Banco / cadastro de formadores,Em parte das ações,Não aplica,Não aplica,Não aplica,Não realiza,Não,Servidores(as); Magistrados(as); Estagiários(as); Público externo / sociedade,"Direito, processo e atuação jurisdicional; Tecnologia, governo digital e inovação no setor público; Governança pública, gestão estratégica e resultados; Acesso à justiça, atendimento ao público e humanização; Meios consensuais de solução de conflitos e justiça restaurativa","Inteligência artificial e inovação no Judiciário; Proteção de dados, privacidade e prova digital; Métodos consensuais e justiça restaurativa",Sim,"Sim, com convênios/acordos vigentes",Moderado,Não há cooperação formalizada,Nenhuma das anteriores
R034,"Escola Judiciária Eleitoral da Paraíba ""Des. Flodoardo Lima da Silveira",Tribunal Regiona Eleitoral da Paraíba,TRE-PB,PB,Eleitoral,Escola formalmente instituída,2002,https://www.tre-pb.jus.br/institucional/escola-judiciaria-eleitoral/a-eje-pb,Não possui,0,0,Rubrica orçamentária própria,R$ 250 mil a R$ 1 mi,Plano anual de capacitação (PAC) aprovado,Orçamento ordinário do tribunal,Sede / espaço físico próprio e exclusivo; Salas de aula / treinamento; Biblioteca / centro de memória,4 a 10,4 a 10,1 a 3,Sem AVA,1,Não há capacidade própria de produção,Salas virtuais de videoconferência,Sim,Não desenvolve,Servidores(as) da própria instituição; Docentes externos / convidados; Profissionais de outras instituições públicas; Docentes de instituições de ensino superior,Banco / cadastro de formadores; Avaliação de desempenho dos formadores,Na maioria das ações,Na maioria das ações,Na maioria das ações,Em parte das ações,Não realiza,Sim,Servidores(as); Magistrados(as),"Direitos humanos, cidadania e inclusão social; Diversidade, igualdade e não discriminação; Tecnologia, governo digital e inovação no setor público; Sustentabilidade, meio ambiente e mudanças climáticas; Dados, informação, privacidade e proteção de dados pessoais; Governança pública, gestão estratégica e resultados; Meios consensuais de solução de conflitos e justiça restaurativa","Direitos humanos, diversidade e inclusão; Inteligência artificial e inovação no Judiciário; Gestão judiciária e produtividade; Proteção de dados, privacidade e prova digital; Métodos consensuais e justiça restaurativa",Sim,"Sim, com convênios/acordos vigentes",Moderado,"Outras escolas judiciais / da magistratura; Ministério Público, Defensoria, OAB ou outras carreiras",Compartilhamento de cursos / vagas entre escolas
R080,Escola Judiciária Eleitoral de Pernambuco,Tribunal Regional Eleitoral de Pernambuco,TRE-PE,PE,Eleitoral,Escola formalmente instituída,2003,https://www.tre-pe.jus.br/institucional/escola-judiciaria-eleitoral,Não possui,0,0,Rubrica orçamentária própria,R$ 250 mil a R$ 1 mi,Plano anual de capacitação (PAC) aprovado; Ato normativo / regimento interno próprio,Orçamento ordinário do tribunal,"Salas de aula / treinamento; Auditório; Biblioteca / centro de memória; Não dispõe de espaço físico dedicado, utiliza estrutura do tribunal",4 a 10,1 a 3,1 a 3,AVA compartilhado com o tribunal,1,Não há capacidade própria de produção,"Webinários / transmissões ao vivo; Salas virtuais de videoconferência; Acessibilidade digital, como legendas, audiodescrição e Libras; Gamificação / objetos de aprendizagem interativos",Sim,Não desenvolve,Servidores(as) da própria instituição; Docentes externos / convidados; Magistrados(as) da própria instituição; Docentes de instituições de ensino superior,Política de retribuição / gratificação por hora-aula; Critérios formais de seleção e credenciamento,Em parte das ações,Em parte das ações,Em parte das ações,Em parte das ações,Não realiza,Sim,Servidores(as); Magistrados(as),"Direitos humanos, cidadania e inclusão social; Diversidade, igualdade e não discriminação; Direito, processo e atuação jurisdicional; Tecnologia, governo digital e inovação no setor público; Comunicação institucional, linguagem clara e relacionamento com a sociedade","Direitos humanos, diversidade e inclusão; Inteligência artificial e inovação no Judiciário; Formação inicial de magistrados; Outro (texto livre)",Sim,"Sim, com convênios/acordos vigentes",Moderado,Outras escolas judiciais / da magistratura; Instituições de ensino superior / universidades; ENFAM,Compartilhamento de cursos / vagas entre escolas; Compartilhamento de conteúdos e objetos de aprendizagem; Intercâmbio de formadores; Participação em redes nacionais temáticas
R081,SEÇÃO DE DESENVOLVIMENTO ORGANIZACIONAL E CAPACITAÇÃO,TRIBUNAL REGIONAL ELEITORAL DE PERNAMBUCO,TRE-PE,PE,Eleitoral,Setor de capacitação (gestão de pessoas),2006,https://www.tre-pe.jus.br/,Não possui,0,0,Rubrica orçamentária própria,R$ 250 mil a R$ 1 mi,Plano anual de capacitação (PAC) aprovado,Orçamento ordinário do tribunal,Sede / espaço físico próprio e exclusivo; Salas de aula / treinamento; Laboratório de informática,4 a 10,1 a 3,Nenhum,AVA próprio,1,Não há capacidade própria de produção,Webinários / transmissões ao vivo,Sim,Não desenvolve,Servidores(as) da própria instituição; Profissionais de outras instituições públicas,Banco / cadastro de formadores,Na maioria das ações,Não aplica,Não aplica,Em parte das ações,"Sim, de forma sistemática",Sim,Servidores(as),"Gestão de pessoas, liderança e desenvolvimento de equipes; Sustentabilidade, meio ambiente e mudanças climáticas; Governança pública, gestão estratégica e resultados; Ética, integridade, transparência e controle social; Gestão de projetos, processos e melhoria contínua; Outro (texto livre)",Inteligência artificial e inovação no Judiciário; Outro (texto livre),Sim,Não mantém parcerias,Moderado,Não há cooperação formalizada,Nenhuma das anteriores
R029,Escola Judiciária Eleitoral do Piauí ,Tribunal Regional Eleitoral do Piauí,TRE-PI,PI,Eleitoral,Escola formalmente instituída,2005,https://eadeje.tre-pi.jus.br/,Adota o planejamento estratégico do tribunal,0,1,Rubrica orçamentária própria,Até R$ 250 mil,Plano anual de capacitação (PAC) aprovado; Ato normativo / regimento interno próprio,Orçamento ordinário do tribunal; Outro (texto livre),"Não dispõe de espaço físico dedicado, utiliza estrutura do tribunal",4 a 10,4 a 10,1 a 3,AVA próprio,1,Não há capacidade própria de produção,Não utiliza recursos digitais estruturados,Sim,Não desenvolve,Docentes externos / convidados; Docentes de instituições de ensino superior,Avaliação de desempenho dos formadores,Na maioria das ações,Não aplica,Não aplica,Não aplica,Não realiza,Sim,Servidores(as); Magistrados(as); Estagiários(as); Colaboradores terceirizados,"Direitos humanos, cidadania e inclusão social; Diversidade, igualdade e não discriminação; Direito, processo e atuação jurisdicional; Tecnologia, governo digital e inovação no setor público; Acesso à justiça, atendimento ao público e humanização; Gestão de projetos, processos e melhoria contínua","Direitos humanos, diversidade e inclusão; Inteligência artificial e inovação no Judiciário; Gestão judiciária e produtividade; Proteção de dados, privacidade e prova digital; Formação inicial de magistrados",Sim,"Sim, com convênios/acordos vigentes",Moderado,"Outras escolas judiciais / da magistratura; Instituições de ensino superior / universidades; Ministério Público, Defensoria, OAB ou outras carreiras; Escolas de governo, como ENAP e escolas estaduais",Compartilhamento de cursos / vagas entre escolas; Compartilhamento de conteúdos e objetos de aprendizagem; Produção conjunta de ações formativas; Intercâmbio de formadores
R033,Coordenadoria de Educação e Desenvolvimento,Tribunal Regional Eleitoral do Estado do Piauí,TRE-PI,PI,Eleitoral,Setor de capacitação (gestão de pessoas),1995,https://eadcoede.tre-pi.jus.br/,Plano próprio vigente e formalizado,1,1,Custeada por rubrica geral do tribunal,Até R$ 250 mil,Plano anual de capacitação (PAC) aprovado; Ato normativo / regimento interno próprio,Orçamento ordinário do tribunal,Salas de aula / treinamento; Auditório,4 a 10,4 a 10,Nenhum,AVA próprio,1,"Produção parcial, com apoio pontual de outras áreas",Webinários / transmissões ao vivo; Salas virtuais de videoconferência,Não,Não desenvolve,Servidores(as) da própria instituição; Docentes externos / convidados; Profissionais de outras instituições públicas,Política de retribuição / gratificação por hora-aula; Avaliação de desempenho dos formadores,Não aplica,Não aplica,Não aplica,Não aplica,"Sim, de forma pontual",Não,Servidores(as),"Direitos humanos, cidadania e inclusão social; Diversidade, igualdade e não discriminação; Direito, processo e atuação jurisdicional; Tecnologia, governo digital e inovação no setor público; Gestão de pessoas, liderança e desenvolvimento de equipes; Sustentabilidade, meio ambiente e mudanças climáticas; Saúde, bem-estar e qualidade de vida no trabalho; Dados, informação, privacidade e proteção de dados pessoais; Comunicação institucional, linguagem clara e relacionamento com a sociedade; Acesso à justiça, atendimento ao público e humanização; Ética, integridade, transparência e controle social; Competências comportamentais e socioemocionais; Gestão de projetos, processos e melhoria contínua","Direitos humanos, diversidade e inclusão; Inteligência artificial e inovação no Judiciário; Gestão judiciária e produtividade; Proteção de dados, privacidade e prova digital; Saúde mental e qualidade de vida",Sim,"Sim, com convênios/acordos vigentes",Moderado,"Instituições de ensino superior / universidades; Ministério Público, Defensoria, OAB ou outras carreiras; Escolas de governo, como ENAP e escolas estaduais; ENAJU / CNJ",Compartilhamento de cursos / vagas entre escolas; Produção conjunta de ações formativas; Intercâmbio de formadores
R019,Escola Judiciária Eleitoral do Paraná,Tribunal Regional Eleitoral do Paraná,TRE-PR,PR,Eleitoral,Escola formalmente instituída,2003,www.eje.tre-pr.jus.br,Plano próprio vigente e formalizado,1,1,Rubrica orçamentária própria,R$ 250 mil a R$ 1 mi,Plano anual de capacitação (PAC) aprovado; Ato normativo / regimento interno próprio; Projeto pedagógico institucional / político-pedagógico; Conselho ou colegiado pedagógico / acadêmico,Orçamento ordinário do tribunal,"Não dispõe de espaço físico dedicado, utiliza estrutura do tribunal",Mais de 10,4 a 10,1 a 3,AVA próprio,1,"Produção parcial, com apoio pontual de outras áreas","Webinários / transmissões ao vivo; Salas virtuais de videoconferência; Acessibilidade digital, como legendas, audiodescrição e Libras; Produção própria de conteúdo digital, como videoaulas, podcasts e e-books",Sim,Ações pontuais,Servidores(as) da própria instituição; Docentes externos / convidados; Profissionais de outras instituições públicas; Magistrados(as) da própria instituição; Docentes de instituições de ensino superior,Política de retribuição / gratificação por hora-aula; Banco / cadastro de formadores; Avaliação de desempenho dos formadores; Critérios formais de seleção e credenciamento,Na maioria das ações,Em parte das ações,Não aplica,Não aplica,Não realiza,Sim,Servidores(as); Magistrados(as); Estagiários(as); Público externo / sociedade; Colaboradores terceirizados,"Direitos humanos, cidadania e inclusão social; Diversidade, igualdade e não discriminação; Direito, processo e atuação jurisdicional; Tecnologia, governo digital e inovação no setor público; Gestão de pessoas, liderança e desenvolvimento de equipes; Saúde, bem-estar e qualidade de vida no trabalho; Dados, informação, privacidade e proteção de dados pessoais; Governança pública, gestão estratégica e resultados; Acesso à justiça, atendimento ao público e humanização; Ética, integridade, transparência e controle social","Direitos humanos, diversidade e inclusão; Inteligência artificial e inovação no Judiciário",Sim,"Sim, com convênios/acordos vigentes",Moderado,"Outras escolas judiciais / da magistratura; Instituições de ensino superior / universidades; Ministério Público, Defensoria, OAB ou outras carreiras",Compartilhamento de cursos / vagas entre escolas; Compartilhamento de conteúdos e objetos de aprendizagem; Produção conjunta de ações formativas; Intercâmbio de formadores
R070,Escola Judiciária Eleitoral Desembargador Roberto Felinto,Tribunal Regional Eleitoral do Estado do Rio de Janeiro ,TRE-RJ,RJ,Eleitoral,Escola formalmente instituída,2003,eje@tre-rj.jus.br,Adota o planejamento estratégico do tribunal,0,1,Rubrica orçamentária própria,R$ 250 mil a R$ 1 mi,Plano anual de capacitação (PAC) aprovado; Outro (texto livre),Orçamento ordinário do tribunal,Auditório,4 a 10,4 a 10,1 a 3,AVA compartilhado com o tribunal,1,"Produção parcial, com apoio pontual de outras áreas","Webinários / transmissões ao vivo; Salas virtuais de videoconferência; Acessibilidade digital, como legendas, audiodescrição e Libras; Produção própria de conteúdo digital, como videoaulas, podcasts e e-books",Não,Ações pontuais,Servidores(as) da própria instituição; Docentes externos / convidados; Profissionais de outras instituições públicas; Magistrados(as) da própria instituição; Docentes de instituições de ensino superior,Política de retribuição / gratificação por hora-aula; Avaliação de desempenho dos formadores; Critérios formais de seleção e credenciamento,Em parte das ações,Em parte das ações,Não aplica,Não aplica,Não realiza,Sim,Servidores(as); Magistrados(as); Estagiários(as); Público externo / sociedade,"Direitos humanos, cidadania e inclusão social; Diversidade, igualdade e não discriminação; Direito, processo e atuação jurisdicional; Tecnologia, governo digital e inovação no setor público; Educação, docência e formação de formadores",Outro (texto livre),Sim,"Sim, com convênios/acordos vigentes",Alto,"Outras escolas judiciais / da magistratura; Instituições de ensino superior / universidades; Ministério Público, Defensoria, OAB ou outras carreiras; Escolas de governo, como ENAP e escolas estaduais",Compartilhamento de cursos / vagas entre escolas; Compartilhamento de conteúdos e objetos de aprendizagem; Produção conjunta de ações formativas
R091,Seção de Educação Corporativa - SEDCOR,TRibunal Regional Eleitoral do Rio de Janeiro,TRE-RJ,RJ,Eleitoral,Setor de capacitação (gestão de pessoas),2002,"não se aplica, não há site da Unidade. ",Não possui,0,0,Rubrica orçamentária própria,R$ 1 mi a R$ 5 mi,Plano anual de capacitação (PAC) aprovado,Orçamento ordinário do tribunal,"Não dispõe de espaço físico dedicado, utiliza estrutura do tribunal",4 a 10,1 a 3,Nenhum,AVA compartilhado com o tribunal,1,"Produção parcial, com apoio pontual de outras áreas","Salas virtuais de videoconferência; Acessibilidade digital, como legendas, audiodescrição e Libras",Sim,Ações pontuais,Servidores(as) da própria instituição; Docentes externos / convidados; Magistrados(as) da própria instituição; Docentes de instituições de ensino superior,Política de retribuição / gratificação por hora-aula; Outro (texto livre),Na maioria das ações,Em parte das ações,Não aplica,Não aplica,Não realiza,Sim,Servidores(as),"Direitos humanos, cidadania e inclusão social; Diversidade, igualdade e não discriminação; Direito, processo e atuação jurisdicional; Tecnologia, governo digital e inovação no setor público; Gestão de pessoas, liderança e desenvolvimento de equipes; Sustentabilidade, meio ambiente e mudanças climáticas; Saúde, bem-estar e qualidade de vida no trabalho; Dados, informação, privacidade e proteção de dados pessoais; Governança pública, gestão estratégica e resultados; Comunicação institucional, linguagem clara e relacionamento com a sociedade; Ética, integridade, transparência e controle social","Direitos humanos, diversidade e inclusão; Inteligência artificial e inovação no Judiciário; Outro (texto livre)",Sim,"Sim, com convênios/acordos vigentes",Baixo,Outras escolas judiciais / da magistratura; Instituições de ensino superior / universidades,Compartilhamento de cursos / vagas entre escolas; Produção conjunta de ações formativas
R047,Escola Judiciária Eleitoral Celina Guimarães Viana do Rio Grande do Norte,TRE/RN,TRE-RN,RN,Eleitoral,Escola formalmente instituída,2003,https://educa.tre-rn.jus.br/,Não possui,0,0,Rubrica específica de capacitação gerida pelo tribunal (texto livre),R$ 250 mil a R$ 1 mi,Plano anual de capacitação (PAC) aprovado; Ato normativo / regimento interno próprio,Orçamento ordinário do tribunal; Recursos de convênios / parcerias institucionais,"Não dispõe de espaço físico dedicado, utiliza estrutura do tribunal",4 a 10,4 a 10,1 a 3,AVA próprio,1,"Equipe multidisciplinar dedicada, com designer instrucional, audiovisual e TI","Webinários / transmissões ao vivo; Salas virtuais de videoconferência; Acessibilidade digital, como legendas, audiodescrição e Libras; Produção própria de conteúdo digital, como videoaulas, podcasts e e-books; Gamificação / objetos de aprendizagem interativos",Sim,Não desenvolve,Servidores(as) da própria instituição; Docentes externos / convidados; Profissionais de outras instituições públicas; Magistrados(as) da própria instituição; Docentes de instituições de ensino superior,Política de retribuição / gratificação por hora-aula; Critérios formais de seleção e credenciamento; Outro (texto livre),Não aplica,Não aplica,Não aplica,Não aplica,Não realiza,Não,Servidores(as); Magistrados(as),"Direito, processo e atuação jurisdicional; Gestão de pessoas, liderança e desenvolvimento de equipes; Dados, informação, privacidade e proteção de dados pessoais; Ética, integridade, transparência e controle social; Políticas públicas, planejamento e avaliação","Direitos humanos, diversidade e inclusão; Proteção de dados, privacidade e prova digital; Outro (texto livre)",Sim,"Sim, com convênios/acordos vigentes",Alto,"Outras escolas judiciais / da magistratura; Escolas de governo, como ENAP e escolas estaduais",Compartilhamento de cursos / vagas entre escolas; Compartilhamento de conteúdos e objetos de aprendizagem; Produção conjunta de ações formativas; Intercâmbio de formadores
R005,ESCOLA JUDICIÁRIA ELEITORAL DE RONDÔNIA,TRIBUNAL REGIONAL ELEITORAL DE RONDÔNIA,TRE-RO,RO,Eleitoral,Centro/núcleo sem natureza de escola,2003,https://www.tre-ro.jus.br/institucional/escola-judiciaria-eleitoral/escola-judiciaria,Não possui,0,0,Rubrica orçamentária própria,Até R$ 250 mil,Plano anual de capacitação (PAC) aprovado; Ato normativo / regimento interno próprio,Orçamento ordinário do tribunal,"Não dispõe de espaço físico dedicado, utiliza estrutura do tribunal",1 a 3,1 a 3,1 a 3,AVA compartilhado com o tribunal,1,"Produção parcial, com apoio pontual de outras áreas","Salas virtuais de videoconferência; Produção própria de conteúdo digital, como videoaulas, podcasts e e-books; Gamificação / objetos de aprendizagem interativos",Sim,Participação em programa/eventos externos (texto livre),Servidores(as) da própria instituição; Docentes externos / convidados; Profissionais de outras instituições públicas; Magistrados(as) da própria instituição; Docentes de instituições de ensino superior,Banco / cadastro de formadores,Em parte das ações,Não aplica,Não aplica,Não aplica,Não realiza,Sim,Servidores(as); Magistrados(as); Público externo / sociedade,"Direitos humanos, cidadania e inclusão social; Diversidade, igualdade e não discriminação; Direito, processo e atuação jurisdicional; Tecnologia, governo digital e inovação no setor público","Direitos humanos, diversidade e inclusão; Gestão judiciária e produtividade; Outro (texto livre)",Sim,"Sim, com convênios/acordos vigentes",Baixo,ENFAM; Outro (texto livre),Compartilhamento de cursos / vagas entre escolas; Compartilhamento de conteúdos e objetos de aprendizagem
R072,Escola Judicária Eleitoral de Roraima,Tribunal Regional Eleitoral de Roraima,TRE-RR,RR,Eleitoral,Escola formalmente instituída,2003,https://www.tre-rr.jus.br/institucional/escola-judiciaria-eleitoral,Não possui,0,0,Rubrica orçamentária própria,R$ 250 mil a R$ 1 mi,Plano anual de capacitação (PAC) aprovado; Ato normativo / regimento interno próprio,Orçamento ordinário do tribunal; Recursos de convênios / parcerias institucionais,Sede / espaço físico próprio e exclusivo; Auditório,1 a 3,1 a 3,1 a 3,AVA próprio,1,Não há capacidade própria de produção,Webinários / transmissões ao vivo; Salas virtuais de videoconferência,Sim,Não desenvolve,Servidores(as) da própria instituição; Docentes externos / convidados; Profissionais de outras instituições públicas; Magistrados(as) da própria instituição; Docentes de instituições de ensino superior,Banco / cadastro de formadores; Nenhum dos anteriores,Em parte das ações,Não aplica,Não aplica,Não aplica,Não realiza,Sim,Servidores(as); Magistrados(as); Estagiários(as),"Direitos humanos, cidadania e inclusão social; Diversidade, igualdade e não discriminação; Direito, processo e atuação jurisdicional; Tecnologia, governo digital e inovação no setor público; Sustentabilidade, meio ambiente e mudanças climáticas; Dados, informação, privacidade e proteção de dados pessoais; Governança pública, gestão estratégica e resultados; Comunicação institucional, linguagem clara e relacionamento com a sociedade; Gestão de projetos, processos e melhoria contínua","Direitos humanos, diversidade e inclusão; Inteligência artificial e inovação no Judiciário; Proteção de dados, privacidade e prova digital; Saúde mental e qualidade de vida; Outro (texto livre)",Sim,"Sim, com convênios/acordos vigentes",Alto,Outras escolas judiciais / da magistratura,Compartilhamento de cursos / vagas entre escolas; Produção conjunta de ações formativas
R011,Escola Judiciária Eleitoral Ministro Paulo Brossard de Souza Pinto,TRE-RS,TRE-RS,RS,Eleitoral,Escola formalmente instituída,2010,https://ava.tre-rs.jus.br/ejers/,Plano próprio vigente e formalizado,1,1,Rubrica orçamentária própria,Até R$ 250 mil,Plano anual de capacitação (PAC) aprovado; Ato normativo / regimento interno próprio; Projeto pedagógico institucional / político-pedagógico,Orçamento ordinário do tribunal,Sede / espaço físico próprio e exclusivo; Salas de aula / treinamento; Estúdio de gravação / produção audiovisual (EaD),4 a 10,(sem resposta),(sem resposta),AVA próprio,1,Não há capacidade própria de produção,"Webinários / transmissões ao vivo; Acessibilidade digital, como legendas, audiodescrição e Libras; Produção própria de conteúdo digital, como videoaulas, podcasts e e-books",Não,Ações pontuais,Docentes externos / convidados; Profissionais de outras instituições públicas,Política de retribuição / gratificação por hora-aula; Avaliação de desempenho dos formadores,Na maioria das ações,Não aplica,Não aplica,Não aplica,Não realiza,Sim,Servidores(as); Magistrados(as); Estagiários(as); Público externo / sociedade; Colaboradores terceirizados,"Direitos humanos, cidadania e inclusão social; Diversidade, igualdade e não discriminação; Direito, processo e atuação jurisdicional","Direitos humanos, diversidade e inclusão; Inteligência artificial e inovação no Judiciário; Proteção de dados, privacidade e prova digital; Combate ao crime organizado e atuação criminal",Sim,"Sim, com convênios/acordos vigentes",Moderado,"Outras escolas judiciais / da magistratura; Instituições de ensino superior / universidades; Ministério Público, Defensoria, OAB ou outras carreiras; ENFAM",Compartilhamento de cursos / vagas entre escolas; Compartilhamento de conteúdos e objetos de aprendizagem
R099,Escola Judiciária Eleitoral de Santa Catarina,Tribunal Regional Eleitoral de Santa Catarina,TRE-SC,SC,Eleitoral,Escola formalmente instituída,2004,https://www.tre-sc.jus.br/institucional/escola-judiciaria-eleitoral/apresentacao,Em elaboração,0,1,Rubrica orçamentária própria,R$ 250 mil a R$ 1 mi,Plano anual de capacitação (PAC) aprovado; Ato normativo / regimento interno próprio; Projeto pedagógico institucional / político-pedagógico; Conselho ou colegiado pedagógico / acadêmico; Outro (texto livre),Orçamento ordinário do tribunal,Sede / espaço físico próprio e exclusivo; Auditório; Laboratório de informática; Biblioteca / centro de memória,Mais de 10,4 a 10,1 a 3,AVA próprio,1,"Equipe multidisciplinar dedicada, com designer instrucional, audiovisual e TI","Webinários / transmissões ao vivo; Salas virtuais de videoconferência; Produção própria de conteúdo digital, como videoaulas, podcasts e e-books",Sim,Ações pontuais,Servidores(as) da própria instituição; Docentes externos / convidados,Política de retribuição / gratificação por hora-aula; Banco / cadastro de formadores; Avaliação de desempenho dos formadores; Critérios formais de seleção e credenciamento,Na maioria das ações,Na maioria das ações,Na maioria das ações,Em parte das ações,Não realiza,Sim,Servidores(as); Magistrados(as); Estagiários(as); Público externo / sociedade; Colaboradores terceirizados,"Direitos humanos, cidadania e inclusão social; Diversidade, igualdade e não discriminação; Direito, processo e atuação jurisdicional; Tecnologia, governo digital e inovação no setor público; Dados, informação, privacidade e proteção de dados pessoais; Comunicação institucional, linguagem clara e relacionamento com a sociedade; Acesso à justiça, atendimento ao público e humanização; Ética, integridade, transparência e controle social; Educação, docência e formação de formadores","Direitos humanos, diversidade e inclusão; Inteligência artificial e inovação no Judiciário; Gestão judiciária e produtividade; Saúde mental e qualidade de vida",Sim,"Sim, com convênios/acordos vigentes",Alto,"Outras escolas judiciais / da magistratura; Instituições de ensino superior / universidades; Ministério Público, Defensoria, OAB ou outras carreiras; Escolas de governo, como ENAP e escolas estaduais; ENFAM",Compartilhamento de cursos / vagas entre escolas; Compartilhamento de conteúdos e objetos de aprendizagem; Produção conjunta de ações formativas
R045,Escola Judiciária Eleitoral de Sergipe,Tribunal Regional Eleitoral de Sergipe,TRE-SE,SE,Eleitoral,Escola formalmente instituída,2003,https://www.tre-se.jus.br/institucional/escola-judiciaria-eleitoral/escola-judiciaria-eleitoral-de-sergipe,Não possui,0,0,Rubrica orçamentária própria,Até R$ 250 mil,Ato normativo / regimento interno próprio,Orçamento ordinário do tribunal; Recursos de convênios / parcerias institucionais,Sede / espaço físico próprio e exclusivo; Salas de aula / treinamento; Biblioteca / centro de memória,1 a 3,1 a 3,1 a 3,Sem AVA,1,Não há capacidade própria de produção,Não utiliza recursos digitais estruturados,Sim,Não desenvolve,Docentes externos / convidados; Profissionais de outras instituições públicas,Outro (texto livre),Na maioria das ações,Não aplica,Não aplica,Não aplica,Não realiza,Sim,Servidores(as); Magistrados(as),"Direitos humanos, cidadania e inclusão social; Direito, processo e atuação jurisdicional","Direitos humanos, diversidade e inclusão; Outro (texto livre)",Sim,"Sim, com convênios/acordos vigentes",Baixo,Outras escolas judiciais / da magistratura,Compartilhamento de cursos / vagas entre escolas; Produção conjunta de ações formativas; Intercâmbio de formadores
R075,SEÇÃO DE DESENVOLVIMENTO DE COMPETÊNCIAS - SEDEC,TRIBUNAL REGIONAL ELEITORAL DE SERGIPE,TRE-SE,SE,Eleitoral,Setor de capacitação (gestão de pessoas),1994,https://www.tre-se.jus.br/transparencia-e-prestacao-de-contas/plano-anual-de-capacitacao-do-tre-se,Plano próprio vigente e formalizado,1,1,Rubrica orçamentária própria,R$ 250 mil a R$ 1 mi,Plano anual de capacitação (PAC) aprovado,Orçamento ordinário do tribunal; Recursos de convênios / parcerias institucionais,Sede / espaço físico próprio e exclusivo; Salas de aula / treinamento; Auditório; Laboratório de informática,1 a 3,1 a 3,Nenhum,Sem AVA,1,Não há capacidade própria de produção,Não utiliza recursos digitais estruturados,Não,Não desenvolve,Docentes externos / convidados; Profissionais de outras instituições públicas; Docentes de instituições de ensino superior,Nenhum dos anteriores,Na maioria das ações,Não aplica,Não aplica,Na maioria das ações,Não realiza,Sim,Servidores(as),"Direitos humanos, cidadania e inclusão social; Diversidade, igualdade e não discriminação; Tecnologia, governo digital e inovação no setor público; Gestão de pessoas, liderança e desenvolvimento de equipes; Sustentabilidade, meio ambiente e mudanças climáticas; Saúde, bem-estar e qualidade de vida no trabalho; Dados, informação, privacidade e proteção de dados pessoais; Governança pública, gestão estratégica e resultados; Comunicação institucional, linguagem clara e relacionamento com a sociedade; Competências comportamentais e socioemocionais","Direitos humanos, diversidade e inclusão; Inteligência artificial e inovação no Judiciário; Proteção de dados, privacidade e prova digital; Saúde mental e qualidade de vida",Sim,"Sim, com parcerias informais",Moderado,Não há cooperação formalizada,Compartilhamento de cursos / vagas entre escolas
R095,SEÇÃO DE GESTÃO DO CONHECIMENTO E SEÇÃO DE EDUCAÇÃO A DISTÂNCIA,TRIBUNAL REGIONAL ELEITORAL DE SÃO PAULO,TRE-SP,SP,Eleitoral,Setor de capacitação (gestão de pessoas),2022,https://moodle.tre-sp.jus.br/moodle/local/login/index.php,Plano próprio vigente e formalizado,1,1,Rubrica orçamentária própria,R$ 250 mil a R$ 1 mi,Plano anual de capacitação (PAC) aprovado,Orçamento ordinário do tribunal,Sede / espaço físico próprio e exclusivo; Salas de aula / treinamento; Auditório; Estúdio de gravação / produção audiovisual (EaD),Mais de 10,1 a 3,(sem resposta),AVA próprio,1,"Produção parcial, com apoio pontual de outras áreas","Webinários / transmissões ao vivo; Acessibilidade digital, como legendas, audiodescrição e Libras; Produção própria de conteúdo digital, como videoaulas, podcasts e e-books; Recursos de inteligência artificial aplicados à formação; Gamificação / objetos de aprendizagem interativos",Sim,Não desenvolve,Servidores(as) da própria instituição; Docentes externos / convidados; Profissionais de outras instituições públicas,Política de retribuição / gratificação por hora-aula; Banco / cadastro de formadores; Avaliação de desempenho dos formadores; Critérios formais de seleção e credenciamento,Na maioria das ações,Em parte das ações,Na maioria das ações,Não aplica,"Sim, de forma pontual",Sim,Servidores(as); Estagiários(as); Colaboradores terceirizados,"Direitos humanos, cidadania e inclusão social; Diversidade, igualdade e não discriminação; Direito, processo e atuação jurisdicional; Tecnologia, governo digital e inovação no setor público; Gestão de pessoas, liderança e desenvolvimento de equipes; Sustentabilidade, meio ambiente e mudanças climáticas; Saúde, bem-estar e qualidade de vida no trabalho; Dados, informação, privacidade e proteção de dados pessoais; Governança pública, gestão estratégica e resultados; Comunicação institucional, linguagem clara e relacionamento com a sociedade; Acesso à justiça, atendimento ao público e humanização; Meios consensuais de solução de conflitos e justiça restaurativa; Ética, integridade, transparência e controle social; Competências comportamentais e socioemocionais; Educação, docência e formação de formadores; Gestão de projetos, processos e melhoria contínua; Políticas públicas, planejamento e avaliação","Direitos humanos, diversidade e inclusão; Inteligência artificial e inovação no Judiciário; Gestão judiciária e produtividade; Proteção de dados, privacidade e prova digital; Saúde mental e qualidade de vida",Sim,Não mantém parcerias,Alto,Não há cooperação formalizada,Nenhuma das anteriores
R102,Escola Judiciária Eleitoral Paulista (EJEP),Tribunal Regional Eleitoral de São Paulo (TRE/SP),TRE-SP,SP,Eleitoral,Escola formalmente instituída,2003,https://www.tre-sp.jus.br/institucional/ejep/EJEP,"Afirmativa em texto livre, sem especificação",0,0,Custeada por rubrica geral do tribunal,Até R$ 250 mil,Ato normativo / regimento interno próprio; Projeto pedagógico institucional / político-pedagógico; Conselho ou colegiado pedagógico / acadêmico,Orçamento ordinário do tribunal; Outro (texto livre),"Não dispõe de espaço físico dedicado, utiliza estrutura do tribunal",Mais de 10,4 a 10,4 a 10,AVA compartilhado com o tribunal,1,"Produção parcial, com apoio pontual de outras áreas","Webinários / transmissões ao vivo; Acessibilidade digital, como legendas, audiodescrição e Libras",Sim,Não desenvolve,Servidores(as) da própria instituição; Profissionais de outras instituições públicas; Magistrados(as) da própria instituição,Política de retribuição / gratificação por hora-aula,Na maioria das ações,Em parte das ações,Não aplica,Em parte das ações,"Sim, de forma pontual",Sim,Servidores(as); Magistrados(as); Público externo / sociedade,"Direitos humanos, cidadania e inclusão social; Diversidade, igualdade e não discriminação; Direito, processo e atuação jurisdicional; Outro (texto livre)",Outro (texto livre),Sim,"Sim, com convênios/acordos vigentes",Moderado,Outras escolas judiciais / da magistratura,Compartilhamento de cursos / vagas entre escolas; Compartilhamento de conteúdos e objetos de aprendizagem; Produção conjunta de ações formativas; Intercâmbio de formadores
R015,Escola Judiciária Eleitoral Ministro Humberto Gomes de Barros,Tribunal Regional Eleitoral do Tocantins,TRE-TO,TO,Eleitoral,Escola formalmente instituída,2003,https://www.tre-to.jus.br/institucional/escola-judiciaria-eleitoral/escola-judiciaria-eleitoral,Não possui,0,0,Rubrica orçamentária própria,R$ 250 mil a R$ 1 mi,Plano anual de capacitação (PAC) aprovado; Ato normativo / regimento interno próprio,Orçamento ordinário do tribunal,"Salas de aula / treinamento; Não dispõe de espaço físico dedicado, utiliza estrutura do tribunal",1 a 3,1 a 3,1 a 3,AVA compartilhado com o tribunal,0,"Produção parcial, com apoio pontual de outras áreas","Webinários / transmissões ao vivo; Salas virtuais de videoconferência; Acessibilidade digital, como legendas, audiodescrição e Libras; Produção própria de conteúdo digital, como videoaulas, podcasts e e-books",Sim,Não desenvolve,Servidores(as) da própria instituição; Docentes externos / convidados; Profissionais de outras instituições públicas; Docentes de instituições de ensino superior,Política de retribuição / gratificação por hora-aula; Banco / cadastro de formadores; Avaliação de desempenho dos formadores; Critérios formais de seleção e credenciamento,Na maioria das ações,Não aplica,Não aplica,Não aplica,Não realiza,Sim,Servidores(as); Magistrados(as),"Direitos humanos, cidadania e inclusão social; Direito, processo e atuação jurisdicional",Combate ao crime organizado e atuação criminal; Outro (texto livre),Sim,"Sim, com convênios/acordos vigentes",Alto,"Outras escolas judiciais / da magistratura; Instituições de ensino superior / universidades; Ministério Público, Defensoria, OAB ou outras carreiras",Compartilhamento de cursos / vagas entre escolas; Intercâmbio de formadores
R024,SECAP/COEDE - Seção de Capacitação / Coordenadoria de Educação e Desenvolvimento,Tribunal Regional Eleitoral do Tocantins,TRE-TO,TO,Eleitoral,Setor de capacitação (gestão de pessoas),2007,https://escolavirtual.tre-to.jus.br,Não possui,0,0,Rubrica orçamentária própria,R$ 250 mil a R$ 1 mi,Plano anual de capacitação (PAC) aprovado,Orçamento ordinário do tribunal,Salas de aula / treinamento; Laboratório de informática; Estúdio de gravação / produção audiovisual (EaD),1 a 3,1 a 3,Nenhum,AVA compartilhado com o tribunal,0,"Produção parcial, com apoio pontual de outras áreas","Webinários / transmissões ao vivo; Salas virtuais de videoconferência; Acessibilidade digital, como legendas, audiodescrição e Libras; Produção própria de conteúdo digital, como videoaulas, podcasts e e-books",Sim,Não desenvolve,Servidores(as) da própria instituição; Docentes externos / convidados; Profissionais de outras instituições públicas; Docentes de instituições de ensino superior,Política de retribuição / gratificação por hora-aula; Banco / cadastro de formadores; Avaliação de desempenho dos formadores; Critérios formais de seleção e credenciamento,Na maioria das ações,Não aplica,Não aplica,Não aplica,Não realiza,Sim,Servidores(as); Magistrados(as); Estagiários(as); Colaboradores terceirizados,"Direitos humanos, cidadania e inclusão social; Diversidade, igualdade e não discriminação; Tecnologia, governo digital e inovação no setor público; Gestão de pessoas, liderança e desenvolvimento de equipes; Sustentabilidade, meio ambiente e mudanças climáticas; Saúde, bem-estar e qualidade de vida no trabalho; Dados, informação, privacidade e proteção de dados pessoais; Governança pública, gestão estratégica e resultados; Comunicação institucional, linguagem clara e relacionamento com a sociedade; Acesso à justiça, atendimento ao público e humanização; Ética, integridade, transparência e controle social; Competências comportamentais e socioemocionais; Gestão de projetos, processos e melhoria contínua; Políticas públicas, planejamento e avaliação","Direitos humanos, diversidade e inclusão; Inteligência artificial e inovação no Judiciário; Gestão judiciária e produtividade; Proteção de dados, privacidade e prova digital; Saúde mental e qualidade de vida",Sim,"Sim, com convênios/acordos vigentes",Alto,"Outras escolas judiciais / da magistratura; Instituições de ensino superior / universidades; Escolas de governo, como ENAP e escolas estaduais; ENAJU / CNJ",Compartilhamento de cursos / vagas entre escolas; Compartilhamento de conteúdos e objetos de aprendizagem; Intercâmbio de formadores
R038,ESJUD - Escola do Poder Judiciário do Acre,Tribunal de Justiça do Estado do Acre,TJAC,AC,Estadual,Escola formalmente instituída,2013,https://esjud.tjac.jus.br/,Plano próprio desatualizado/vencido,0,1,Rubrica orçamentária própria,R$ 1 mi a R$ 5 mi,Plano anual de capacitação (PAC) aprovado; Ato normativo / regimento interno próprio; Projeto pedagógico institucional / político-pedagógico; Conselho ou colegiado pedagógico / acadêmico,Orçamento ordinário do tribunal,Sede / espaço físico próprio e exclusivo; Salas de aula / treinamento; Auditório; Laboratório de informática; Biblioteca / centro de memória; Estúdio de gravação / produção audiovisual (EaD),Mais de 10,4 a 10,1 a 3,AVA próprio,1,"Produção parcial, com apoio pontual de outras áreas","Webinários / transmissões ao vivo; Salas virtuais de videoconferência; Acessibilidade digital, como legendas, audiodescrição e Libras; Recursos de inteligência artificial aplicados à formação; Gamificação / objetos de aprendizagem interativos",Sim,Programa permanente com certificação,Servidores(as) da própria instituição; Docentes externos / convidados; Profissionais de outras instituições públicas; Magistrados(as) da própria instituição; Docentes de instituições de ensino superior,Política de retribuição / gratificação por hora-aula; Avaliação de desempenho dos formadores,Na maioria das ações,Na maioria das ações,Não aplica,Não aplica,Não realiza,Sim,Servidores(as); Magistrados(as); Estagiários(as),"Direitos humanos, cidadania e inclusão social; Diversidade, igualdade e não discriminação; Gestão de pessoas, liderança e desenvolvimento de equipes; Sustentabilidade, meio ambiente e mudanças climáticas; Saúde, bem-estar e qualidade de vida no trabalho; Comunicação institucional, linguagem clara e relacionamento com a sociedade; Acesso à justiça, atendimento ao público e humanização; Competências comportamentais e socioemocionais; Educação, docência e formação de formadores","Direitos humanos, diversidade e inclusão; Inteligência artificial e inovação no Judiciário; Gestão judiciária e produtividade; Proteção de dados, privacidade e prova digital; Combate ao crime organizado e atuação criminal",Sim,"Sim, com convênios/acordos vigentes",Alto,Outras escolas judiciais / da magistratura; ENFAM; ENAJU / CNJ,Compartilhamento de cursos / vagas entre escolas; Participação em redes nacionais temáticas
R078,Escola Superior da Magistratura do Amazonas,Tribunal de Justiça do Estado do Amazonas,TJAM,AM,Estadual,Escola formalmente instituída,1997,https://www.tjam.jus.br/index.php/esmam-principal,Plano próprio vigente e formalizado,1,1,Custeada por rubrica geral do tribunal,R$ 250 mil a R$ 1 mi,Plano anual de capacitação (PAC) aprovado; Ato normativo / regimento interno próprio; Projeto pedagógico institucional / político-pedagógico; Conselho ou colegiado pedagógico / acadêmico,Orçamento ordinário do tribunal,"Salas de aula / treinamento; Não dispõe de espaço físico dedicado, utiliza estrutura do tribunal",Mais de 10,4 a 10,1 a 3,AVA próprio,1,"Produção parcial, com apoio pontual de outras áreas","Webinários / transmissões ao vivo; Salas virtuais de videoconferência; Acessibilidade digital, como legendas, audiodescrição e Libras; Produção própria de conteúdo digital, como videoaulas, podcasts e e-books",Sim,Ações pontuais,Servidores(as) da própria instituição; Docentes externos / convidados; Profissionais de outras instituições públicas; Magistrados(as) da própria instituição; Docentes de instituições de ensino superior,Política de retribuição / gratificação por hora-aula; Banco / cadastro de formadores,Na maioria das ações,Em parte das ações,Não aplica,Não aplica,Não realiza,Sim,Servidores(as); Magistrados(as); Estagiários(as); Público externo / sociedade; Colaboradores terceirizados,"Direitos humanos, cidadania e inclusão social; Diversidade, igualdade e não discriminação; Direito, processo e atuação jurisdicional; Sustentabilidade, meio ambiente e mudanças climáticas; Saúde, bem-estar e qualidade de vida no trabalho; Comunicação institucional, linguagem clara e relacionamento com a sociedade; Acesso à justiça, atendimento ao público e humanização; Educação, docência e formação de formadores","Direitos humanos, diversidade e inclusão; Inteligência artificial e inovação no Judiciário; Formação inicial de magistrados; Combate ao crime organizado e atuação criminal",Sim,"Sim, com convênios/acordos vigentes",Alto,"Outras escolas judiciais / da magistratura; Instituições de ensino superior / universidades; Ministério Público, Defensoria, OAB ou outras carreiras; ENFAM",Compartilhamento de cursos / vagas entre escolas; Compartilhamento de conteúdos e objetos de aprendizagem; Produção conjunta de ações formativas; Intercâmbio de formadores
R085,Escola Judicial do Tribunal de Justiça do Amazonas,Tribunal de Justiça do Estado do Amazonas,TJAM,AM,Estadual,Escola formalmente instituída,2010,https://www.tjam.jus.br/index.php/ejud,Em elaboração,0,1,Custeada por rubrica geral do tribunal,R$ 1 mi a R$ 5 mi,Ato normativo / regimento interno próprio,Orçamento ordinário do tribunal; Recursos de convênios / parcerias institucionais,"Salas de aula / treinamento; Não dispõe de espaço físico dedicado, utiliza estrutura do tribunal",4 a 10,4 a 10,1 a 3,AVA próprio,1,"Produção parcial, com apoio pontual de outras áreas","Webinários / transmissões ao vivo; Salas virtuais de videoconferência; Acessibilidade digital, como legendas, audiodescrição e Libras; Produção própria de conteúdo digital, como videoaulas, podcasts e e-books",Sim,Não desenvolve,Servidores(as) da própria instituição; Docentes externos / convidados; Profissionais de outras instituições públicas; Magistrados(as) da própria instituição; Docentes de instituições de ensino superior,Política de retribuição / gratificação por hora-aula; Banco / cadastro de formadores; Critérios formais de seleção e credenciamento,Na maioria das ações,Em parte das ações,Não aplica,Na maioria das ações,"Sim, de forma pontual",Sim,Servidores(as); Magistrados(as); Estagiários(as); Público externo / sociedade; Colaboradores terceirizados; Conciliadores / mediadores / juízes leigos,"Direitos humanos, cidadania e inclusão social; Diversidade, igualdade e não discriminação; Direito, processo e atuação jurisdicional; Tecnologia, governo digital e inovação no setor público; Gestão de pessoas, liderança e desenvolvimento de equipes; Sustentabilidade, meio ambiente e mudanças climáticas; Saúde, bem-estar e qualidade de vida no trabalho; Dados, informação, privacidade e proteção de dados pessoais; Governança pública, gestão estratégica e resultados; Comunicação institucional, linguagem clara e relacionamento com a sociedade; Acesso à justiça, atendimento ao público e humanização; Meios consensuais de solução de conflitos e justiça restaurativa; Ética, integridade, transparência e controle social; Competências comportamentais e socioemocionais; Educação, docência e formação de formadores; Gestão de projetos, processos e melhoria contínua; Políticas públicas, planejamento e avaliação","Direitos humanos, diversidade e inclusão; Inteligência artificial e inovação no Judiciário; Gestão judiciária e produtividade; Proteção de dados, privacidade e prova digital; Métodos consensuais e justiça restaurativa",Sim,"Sim, com convênios/acordos vigentes",Alto,"Outras escolas judiciais / da magistratura; Instituições de ensino superior / universidades; Ministério Público, Defensoria, OAB ou outras carreiras; Escolas de governo, como ENAP e escolas estaduais; ENAJU / CNJ",Compartilhamento de cursos / vagas entre escolas; Compartilhamento de conteúdos e objetos de aprendizagem; Produção conjunta de ações formativas; Intercâmbio de formadores
R016,Escola Judicial do Amapá,Tribunal de Justiça do Amapá,TJAP,AP,Estadual,Escola formalmente instituída,2005,EJAP,Plano próprio desatualizado/vencido,0,1,Rubrica orçamentária própria,R$ 1 mi a R$ 5 mi,Plano anual de capacitação (PAC) aprovado; Ato normativo / regimento interno próprio; Projeto pedagógico institucional / político-pedagógico; Conselho ou colegiado pedagógico / acadêmico,Orçamento ordinário do tribunal,Sede / espaço físico próprio e exclusivo; Salas de aula / treinamento; Auditório; Laboratório de informática,1 a 3,1 a 3,Nenhum,AVA próprio,1,Não há capacidade própria de produção,Não utiliza recursos digitais estruturados,Sim,Ações pontuais,Servidores(as) da própria instituição; Docentes externos / convidados; Profissionais de outras instituições públicas; Magistrados(as) da própria instituição,Avaliação de desempenho dos formadores,Na maioria das ações,Não aplica,Não aplica,Não aplica,Não realiza,Sim,Servidores(as); Magistrados(as); Estagiários(as); Público externo / sociedade,"Direitos humanos, cidadania e inclusão social; Diversidade, igualdade e não discriminação; Direito, processo e atuação jurisdicional; Tecnologia, governo digital e inovação no setor público; Gestão de pessoas, liderança e desenvolvimento de equipes; Sustentabilidade, meio ambiente e mudanças climáticas; Gestão de projetos, processos e melhoria contínua","Direitos humanos, diversidade e inclusão; Inteligência artificial e inovação no Judiciário; Gestão judiciária e produtividade; Métodos consensuais e justiça restaurativa; Combate ao crime organizado e atuação criminal",Em elaboração,"Sim, com convênios/acordos vigentes",Alto,"Outras escolas judiciais / da magistratura; Instituições de ensino superior / universidades; Escolas de governo, como ENAP e escolas estaduais; ENFAM; ENAJU / CNJ",Compartilhamento de cursos / vagas entre escolas; Compartilhamento de conteúdos e objetos de aprendizagem
R032,Universidade Corporativa do Tribunal de Justiça do Estado da Bahia Ministro Hermes Lima,Tribunal de Justiça do Estado da Bahia,TJBA,BA,Estadual,Escola formalmente instituída,2008,https://www.tjba.jus.br/unicorp/,Plano próprio vigente e formalizado,1,1,Rubrica orçamentária própria,R$ 1 mi a R$ 5 mi,Plano anual de capacitação (PAC) aprovado; Ato normativo / regimento interno próprio; Projeto pedagógico institucional / político-pedagógico,Orçamento ordinário do tribunal,Sede / espaço físico próprio e exclusivo; Salas de aula / treinamento; Laboratório de informática; Biblioteca / centro de memória; Estúdio de gravação / produção audiovisual (EaD),1 a 3,4 a 10,1 a 3,AVA próprio,1,"Produção parcial, com apoio pontual de outras áreas","Webinários / transmissões ao vivo; Salas virtuais de videoconferência; Acessibilidade digital, como legendas, audiodescrição e Libras; Produção própria de conteúdo digital, como videoaulas, podcasts e e-books",Sim,Ações pontuais,Servidores(as) da própria instituição; Docentes externos / convidados; Profissionais de outras instituições públicas; Magistrados(as) da própria instituição,Política de retribuição / gratificação por hora-aula; Banco / cadastro de formadores; Outro (texto livre),Na maioria das ações,Em parte das ações,Não aplica,Não aplica,Não realiza,Sim,Servidores(as); Magistrados(as); Estagiários(as); Público externo / sociedade; Colaboradores terceirizados; Conciliadores / mediadores / juízes leigos,"Direitos humanos, cidadania e inclusão social; Diversidade, igualdade e não discriminação; Direito, processo e atuação jurisdicional; Tecnologia, governo digital e inovação no setor público; Gestão de pessoas, liderança e desenvolvimento de equipes; Sustentabilidade, meio ambiente e mudanças climáticas; Governança pública, gestão estratégica e resultados; Meios consensuais de solução de conflitos e justiça restaurativa","Direitos humanos, diversidade e inclusão; Inteligência artificial e inovação no Judiciário; Gestão judiciária e produtividade; Métodos consensuais e justiça restaurativa; Formação inicial de magistrados",Em elaboração,"Sim, com convênios/acordos vigentes",Alto,Instituições de ensino superior / universidades; Organismos internacionais,Compartilhamento de cursos / vagas entre escolas; Produção conjunta de ações formativas
R057,Escola Superior da Magistratura,Tribunal de Justiça do Estado do Ceará,TJCE,CE,Estadual,Escola formalmente instituída,1986,https://www.tjce.jus.br/esmec/,Plano próprio desatualizado/vencido,0,1,Custeada por rubrica geral do tribunal,Até R$ 250 mil,Outro (texto livre),Orçamento ordinário do tribunal; Recursos de convênios / parcerias institucionais,Sede / espaço físico próprio e exclusivo; Salas de aula / treinamento; Auditório; Biblioteca / centro de memória; Estúdio de gravação / produção audiovisual (EaD),4 a 10,4 a 10,1 a 3,AVA compartilhado com o tribunal,0,"Produção parcial, com apoio pontual de outras áreas","Webinários / transmissões ao vivo; Salas virtuais de videoconferência; Produção própria de conteúdo digital, como videoaulas, podcasts e e-books",Sim,Programa permanente com certificação,Servidores(as) da própria instituição; Docentes externos / convidados; Magistrados(as) da própria instituição; Docentes de instituições de ensino superior,Banco / cadastro de formadores; Critérios formais de seleção e credenciamento,Na maioria das ações,Na maioria das ações,Não aplica,Não aplica,Não realiza,Sim,Servidores(as); Magistrados(as); Estagiários(as); Público externo / sociedade; Colaboradores terceirizados; Conciliadores / mediadores / juízes leigos,"Direitos humanos, cidadania e inclusão social; Diversidade, igualdade e não discriminação; Direito, processo e atuação jurisdicional; Tecnologia, governo digital e inovação no setor público; Gestão de pessoas, liderança e desenvolvimento de equipes; Dados, informação, privacidade e proteção de dados pessoais; Comunicação institucional, linguagem clara e relacionamento com a sociedade; Acesso à justiça, atendimento ao público e humanização; Meios consensuais de solução de conflitos e justiça restaurativa; Educação, docência e formação de formadores","Direitos humanos, diversidade e inclusão; Inteligência artificial e inovação no Judiciário; Proteção de dados, privacidade e prova digital; Formação inicial de magistrados; Combate ao crime organizado e atuação criminal",Sim,"Sim, com convênios/acordos vigentes",Alto,Outras escolas judiciais / da magistratura; Instituições de ensino superior / universidades; ENAJU / CNJ,Compartilhamento de cursos / vagas entre escolas; Produção conjunta de ações formativas; Participação em redes nacionais temáticas
R094,Centro de Formação de Servidores do Poder Judiciário,Tribunal de Justiça do Estado Ceará,TJCE,CE,Estadual,Centro/núcleo sem natureza de escola,2024,https://tjnet/servicos/centro-de-formacao-de-servidores/,Não possui,0,0,Rubrica orçamentária própria,Acima de R$ 5 mi,Plano anual de capacitação (PAC) aprovado; Ato normativo / regimento interno próprio; Projeto pedagógico institucional / político-pedagógico; Conselho ou colegiado pedagógico / acadêmico,Orçamento ordinário do tribunal; Outro (texto livre),"Não dispõe de espaço físico dedicado, utiliza estrutura do tribunal",4 a 10,1 a 3,Nenhum,AVA compartilhado com o tribunal,1,Não há capacidade própria de produção,"Webinários / transmissões ao vivo; Salas virtuais de videoconferência; Acessibilidade digital, como legendas, audiodescrição e Libras; Recursos de inteligência artificial aplicados à formação",Sim,Não desenvolve,Servidores(as) da própria instituição; Docentes externos / convidados; Profissionais de outras instituições públicas; Magistrados(as) da própria instituição; Docentes de instituições de ensino superior,Banco / cadastro de formadores; Avaliação de desempenho dos formadores; Critérios formais de seleção e credenciamento,Na maioria das ações,Na maioria das ações,Em parte das ações,Em parte das ações,"Sim, de forma pontual",Sim,Servidores(as); Magistrados(as); Estagiários(as); Público externo / sociedade; Conciliadores / mediadores / juízes leigos,"Diversidade, igualdade e não discriminação; Direito, processo e atuação jurisdicional; Tecnologia, governo digital e inovação no setor público; Gestão de pessoas, liderança e desenvolvimento de equipes; Governança pública, gestão estratégica e resultados; Ética, integridade, transparência e controle social; Gestão de projetos, processos e melhoria contínua","Inteligência artificial e inovação no Judiciário; Gestão judiciária e produtividade; Proteção de dados, privacidade e prova digital",Sim,"Sim, com convênios/acordos vigentes",Alto,"Outras escolas judiciais / da magistratura; Instituições de ensino superior / universidades; Escolas de governo, como ENAP e escolas estaduais; ENAJU / CNJ",Compartilhamento de conteúdos e objetos de aprendizagem
R068,Escola de Formação Judiciária do TJDFT - Ministro Luiz Vicente Cernicchiaro (EjuDFT),Tribunal de Justiça do Distrito Federal e dos Territórios,TJDFT,DF,Estadual,Escola formalmente instituída,2008,https://www.tjdft.jus.br/institucional/escola,Plano próprio vigente e formalizado,1,1,Rubrica orçamentária própria,R$ 1 mi a R$ 5 mi,Plano anual de capacitação (PAC) aprovado; Ato normativo / regimento interno próprio; Projeto pedagógico institucional / político-pedagógico; Outro (texto livre),Orçamento ordinário do tribunal,Salas de aula / treinamento; Auditório; Laboratório de informática; Estúdio de gravação / produção audiovisual (EaD),Mais de 10,Mais de 10,1 a 3,AVA próprio,1,"Equipe multidisciplinar dedicada, com designer instrucional, audiovisual e TI","Webinários / transmissões ao vivo; Salas virtuais de videoconferência; Acessibilidade digital, como legendas, audiodescrição e Libras; Produção própria de conteúdo digital, como videoaulas, podcasts e e-books; Recursos de inteligência artificial aplicados à formação; Gamificação / objetos de aprendizagem interativos",Sim,Programa permanente com certificação,Servidores(as) da própria instituição; Docentes externos / convidados; Profissionais de outras instituições públicas; Magistrados(as) da própria instituição; Docentes de instituições de ensino superior,Política de retribuição / gratificação por hora-aula; Banco / cadastro de formadores; Avaliação de desempenho dos formadores; Critérios formais de seleção e credenciamento,Na maioria das ações,Na maioria das ações,Em parte das ações,Não aplica,"Sim, de forma pontual",Sim,Servidores(as); Magistrados(as); Público externo / sociedade,"Direitos humanos, cidadania e inclusão social; Diversidade, igualdade e não discriminação; Direito, processo e atuação jurisdicional; Tecnologia, governo digital e inovação no setor público; Gestão de pessoas, liderança e desenvolvimento de equipes; Saúde, bem-estar e qualidade de vida no trabalho; Dados, informação, privacidade e proteção de dados pessoais; Ética, integridade, transparência e controle social; Educação, docência e formação de formadores","Direitos humanos, diversidade e inclusão; Inteligência artificial e inovação no Judiciário; Gestão judiciária e produtividade; Proteção de dados, privacidade e prova digital; Saúde mental e qualidade de vida",Sim,"Sim, com convênios/acordos vigentes",Moderado,"Outras escolas judiciais / da magistratura; Instituições de ensino superior / universidades; Ministério Público, Defensoria, OAB ou outras carreiras; Escolas de governo, como ENAP e escolas estaduais; ENFAM; ENAJU / CNJ",Compartilhamento de cursos / vagas entre escolas; Compartilhamento de conteúdos e objetos de aprendizagem; Intercâmbio de formadores
R090,Escola da Magistratura do Estado do Espírito Santo  - Emes,Tribunal de Justiça do Estado do Espírito Santo (TJES),TJES,ES,Estadual,Escola formalmente instituída,1985,https://www.tjes.jus.br/emes/,Plano próprio vigente e formalizado,1,1,Rubrica orçamentária própria,R$ 1 mi a R$ 5 mi,Plano anual de capacitação (PAC) aprovado; Ato normativo / regimento interno próprio; Projeto pedagógico institucional / político-pedagógico; Conselho ou colegiado pedagógico / acadêmico,Orçamento ordinário do tribunal; Recursos de convênios / parcerias institucionais,Sede / espaço físico próprio e exclusivo; Salas de aula / treinamento; Auditório; Laboratório de informática; Biblioteca / centro de memória; Estúdio de gravação / produção audiovisual (EaD),4 a 10,4 a 10,1 a 3,AVA próprio,1,"Produção parcial, com apoio pontual de outras áreas","Webinários / transmissões ao vivo; Salas virtuais de videoconferência; Acessibilidade digital, como legendas, audiodescrição e Libras; Produção própria de conteúdo digital, como videoaulas, podcasts e e-books; Recursos de inteligência artificial aplicados à formação",Sim,Programa permanente com certificação,Servidores(as) da própria instituição; Docentes externos / convidados; Profissionais de outras instituições públicas; Magistrados(as) da própria instituição; Docentes de instituições de ensino superior,Política de retribuição / gratificação por hora-aula; Banco / cadastro de formadores; Avaliação de desempenho dos formadores; Critérios formais de seleção e credenciamento,Na maioria das ações,Não aplica,Não aplica,Não aplica,Não realiza,Sim,Servidores(as); Magistrados(as); Estagiários(as); Público externo / sociedade; Colaboradores terceirizados; Conciliadores / mediadores / juízes leigos,"Direitos humanos, cidadania e inclusão social; Diversidade, igualdade e não discriminação; Direito, processo e atuação jurisdicional; Tecnologia, governo digital e inovação no setor público; Gestão de pessoas, liderança e desenvolvimento de equipes; Sustentabilidade, meio ambiente e mudanças climáticas; Saúde, bem-estar e qualidade de vida no trabalho; Dados, informação, privacidade e proteção de dados pessoais; Governança pública, gestão estratégica e resultados; Comunicação institucional, linguagem clara e relacionamento com a sociedade; Acesso à justiça, atendimento ao público e humanização; Meios consensuais de solução de conflitos e justiça restaurativa; Ética, integridade, transparência e controle social; Competências comportamentais e socioemocionais; Educação, docência e formação de formadores; Gestão de projetos, processos e melhoria contínua; Políticas públicas, planejamento e avaliação","Direitos humanos, diversidade e inclusão; Inteligência artificial e inovação no Judiciário; Gestão judiciária e produtividade; Proteção de dados, privacidade e prova digital; Saúde mental e qualidade de vida",Sim,"Sim, com convênios/acordos vigentes",Alto,"Outras escolas judiciais / da magistratura; Instituições de ensino superior / universidades; Ministério Público, Defensoria, OAB ou outras carreiras; Escolas de governo, como ENAP e escolas estaduais; ENFAM; ENAJU / CNJ; Organismos internacionais",Compartilhamento de cursos / vagas entre escolas; Compartilhamento de conteúdos e objetos de aprendizagem; Produção conjunta de ações formativas; Intercâmbio de formadores; Participação em redes nacionais temáticas
R010,Escola Judicial do Tribunal de Justiça do Estado de Goiás,Tribunal de Justiça do Estado de Goiás,TJGO,GO,Estadual,Escola formalmente instituída,2015,https://www.tjgo.jus.br/index.php/institucional/escola-judicial,Plano próprio vigente e formalizado,1,1,Rubrica específica de capacitação gerida pelo tribunal (texto livre),Acima de R$ 5 mi,Plano anual de capacitação (PAC) aprovado; Ato normativo / regimento interno próprio; Projeto pedagógico institucional / político-pedagógico; Conselho ou colegiado pedagógico / acadêmico,Orçamento ordinário do tribunal,"Salas de aula / treinamento; Auditório; Laboratório de informática; Biblioteca / centro de memória; Estúdio de gravação / produção audiovisual (EaD); Não dispõe de espaço físico dedicado, utiliza estrutura do tribunal",Mais de 10,Mais de 10,1 a 3,AVA próprio,1,"Equipe multidisciplinar dedicada, com designer instrucional, audiovisual e TI","Webinários / transmissões ao vivo; Salas virtuais de videoconferência; Acessibilidade digital, como legendas, audiodescrição e Libras; Produção própria de conteúdo digital, como videoaulas, podcasts e e-books; Recursos de inteligência artificial aplicados à formação; Gamificação / objetos de aprendizagem interativos",Sim,Ações pontuais,Servidores(as) da própria instituição; Docentes externos / convidados; Profissionais de outras instituições públicas; Magistrados(as) da própria instituição; Docentes de instituições de ensino superior,Política de retribuição / gratificação por hora-aula; Banco / cadastro de formadores; Avaliação de desempenho dos formadores; Critérios formais de seleção e credenciamento,Na maioria das ações,Em parte das ações,Em parte das ações,Em parte das ações,"Sim, de forma pontual",Sim,Servidores(as); Magistrados(as); Estagiários(as); Conciliadores / mediadores / juízes leigos,"Direitos humanos, cidadania e inclusão social; Diversidade, igualdade e não discriminação; Direito, processo e atuação jurisdicional; Tecnologia, governo digital e inovação no setor público; Gestão de pessoas, liderança e desenvolvimento de equipes; Sustentabilidade, meio ambiente e mudanças climáticas; Saúde, bem-estar e qualidade de vida no trabalho; Dados, informação, privacidade e proteção de dados pessoais; Governança pública, gestão estratégica e resultados; Comunicação institucional, linguagem clara e relacionamento com a sociedade; Acesso à justiça, atendimento ao público e humanização; Meios consensuais de solução de conflitos e justiça restaurativa; Ética, integridade, transparência e controle social; Competências comportamentais e socioemocionais; Educação, docência e formação de formadores; Gestão de projetos, processos e melhoria contínua; Políticas públicas, planejamento e avaliação","Direitos humanos, diversidade e inclusão; Inteligência artificial e inovação no Judiciário; Saúde mental e qualidade de vida; Métodos consensuais e justiça restaurativa; Combate ao crime organizado e atuação criminal",Sim,"Sim, com convênios/acordos vigentes",Alto,Outras escolas judiciais / da magistratura; Instituições de ensino superior / universidades; ENFAM; ENAJU / CNJ,Compartilhamento de cursos / vagas entre escolas; Compartilhamento de conteúdos e objetos de aprendizagem; Produção conjunta de ações formativas
R046,Escola Superior da Magistratura do Estado do Maranhão - ESMAM,Tribunal de Justiça do Estado do Maranhão,TJMA,MA,Estadual,Escola formalmente instituída,1986,https://www.tjma.jus.br/site/esmam,Em elaboração,0,1,Rubrica orçamentária própria,R$ 250 mil a R$ 1 mi,Ato normativo / regimento interno próprio; Projeto pedagógico institucional / político-pedagógico; Conselho ou colegiado pedagógico / acadêmico,Orçamento ordinário do tribunal,Sede / espaço físico próprio e exclusivo; Salas de aula / treinamento; Biblioteca / centro de memória,Mais de 10,Mais de 10,(sem resposta),AVA próprio,1,"Equipe multidisciplinar dedicada, com designer instrucional, audiovisual e TI","Webinários / transmissões ao vivo; Salas virtuais de videoconferência; Acessibilidade digital, como legendas, audiodescrição e Libras; Produção própria de conteúdo digital, como videoaulas, podcasts e e-books; Recursos de inteligência artificial aplicados à formação; Gamificação / objetos de aprendizagem interativos",Sim,Programa permanente com certificação,Servidores(as) da própria instituição; Docentes externos / convidados; Profissionais de outras instituições públicas; Magistrados(as) da própria instituição,Política de retribuição / gratificação por hora-aula; Banco / cadastro de formadores; Avaliação de desempenho dos formadores,Na maioria das ações,Na maioria das ações,Na maioria das ações,Na maioria das ações,"Sim, de forma sistemática",Sim,Servidores(as); Magistrados(as); Estagiários(as); Público externo / sociedade; Colaboradores terceirizados; Conciliadores / mediadores / juízes leigos,"Direitos humanos, cidadania e inclusão social; Diversidade, igualdade e não discriminação; Tecnologia, governo digital e inovação no setor público; Gestão de pessoas, liderança e desenvolvimento de equipes; Sustentabilidade, meio ambiente e mudanças climáticas; Saúde, bem-estar e qualidade de vida no trabalho; Governança pública, gestão estratégica e resultados; Meios consensuais de solução de conflitos e justiça restaurativa","Direitos humanos, diversidade e inclusão; Inteligência artificial e inovação no Judiciário; Gestão judiciária e produtividade; Métodos consensuais e justiça restaurativa; Formação inicial de magistrados",Sim,"Sim, com convênios/acordos vigentes",Alto,"Outras escolas judiciais / da magistratura; Instituições de ensino superior / universidades; Ministério Público, Defensoria, OAB ou outras carreiras; Escolas de governo, como ENAP e escolas estaduais; ENFAM; ENAJU / CNJ",Compartilhamento de cursos / vagas entre escolas; Compartilhamento de conteúdos e objetos de aprendizagem; Intercâmbio de formadores
R035,Escola Judicial Desembargador Edésio Fernandes,Tribunal de Justiça do Estado de Minas Gerais,TJMG,MG,Estadual,Escola formalmente instituída,1977,https://ejef.tjmg.jus.br/,Plano próprio vigente e formalizado,1,1,Rubrica orçamentária própria,Acima de R$ 5 mi,Plano anual de capacitação (PAC) aprovado; Ato normativo / regimento interno próprio; Projeto pedagógico institucional / político-pedagógico; Conselho ou colegiado pedagógico / acadêmico,Orçamento ordinário do tribunal,Sede / espaço físico próprio e exclusivo; Salas de aula / treinamento; Auditório; Laboratório de informática; Biblioteca / centro de memória; Estúdio de gravação / produção audiovisual (EaD),Mais de 10,Mais de 10,1 a 3,AVA próprio,1,"Equipe multidisciplinar dedicada, com designer instrucional, audiovisual e TI","Webinários / transmissões ao vivo; Salas virtuais de videoconferência; Acessibilidade digital, como legendas, audiodescrição e Libras; Produção própria de conteúdo digital, como videoaulas, podcasts e e-books; Recursos de inteligência artificial aplicados à formação; Gamificação / objetos de aprendizagem interativos",Sim,Programa permanente com certificação,Servidores(as) da própria instituição; Docentes externos / convidados; Profissionais de outras instituições públicas; Magistrados(as) da própria instituição; Docentes de instituições de ensino superior,Política de retribuição / gratificação por hora-aula; Banco / cadastro de formadores; Avaliação de desempenho dos formadores,Na maioria das ações,Na maioria das ações,Na maioria das ações,Em parte das ações,"Sim, de forma pontual",Sim,Servidores(as); Magistrados(as); Estagiários(as); Público externo / sociedade; Colaboradores terceirizados; Conciliadores / mediadores / juízes leigos,"Direito, processo e atuação jurisdicional; Tecnologia, governo digital e inovação no setor público; Gestão de pessoas, liderança e desenvolvimento de equipes; Saúde, bem-estar e qualidade de vida no trabalho; Comunicação institucional, linguagem clara e relacionamento com a sociedade; Acesso à justiça, atendimento ao público e humanização; Meios consensuais de solução de conflitos e justiça restaurativa; Competências comportamentais e socioemocionais; Educação, docência e formação de formadores","Direitos humanos, diversidade e inclusão; Inteligência artificial e inovação no Judiciário; Gestão judiciária e produtividade; Saúde mental e qualidade de vida; Métodos consensuais e justiça restaurativa",Sim,"Sim, com convênios/acordos vigentes",Alto,"Outras escolas judiciais / da magistratura; Instituições de ensino superior / universidades; Ministério Público, Defensoria, OAB ou outras carreiras; Escolas de governo, como ENAP e escolas estaduais; ENFAM; ENAJU / CNJ",Compartilhamento de cursos / vagas entre escolas; Compartilhamento de conteúdos e objetos de aprendizagem; Produção conjunta de ações formativas; Intercâmbio de formadores
R105,Escola Judicial do Estado de Mato Grosso do Sul - EJUD-MS,Tribunal de Justiça do Estado de Mato Grosso do Sul,TJMS,MS,Estadual,Escola formalmente instituída,2010,https://ejud.tjms.jus.br/,Em elaboração,0,1,Rubrica orçamentária própria,R$ 1 mi a R$ 5 mi,Ato normativo / regimento interno próprio; Projeto pedagógico institucional / político-pedagógico; Conselho ou colegiado pedagógico / acadêmico,Orçamento ordinário do tribunal,Sede / espaço físico próprio e exclusivo; Salas de aula / treinamento; Auditório; Laboratório de informática,Mais de 10,Mais de 10,1 a 3,AVA próprio,1,"Equipe multidisciplinar dedicada, com designer instrucional, audiovisual e TI","Webinários / transmissões ao vivo; Salas virtuais de videoconferência; Acessibilidade digital, como legendas, audiodescrição e Libras; Produção própria de conteúdo digital, como videoaulas, podcasts e e-books",Sim,Programa permanente com certificação,Servidores(as) da própria instituição; Docentes externos / convidados; Profissionais de outras instituições públicas; Magistrados(as) da própria instituição; Docentes de instituições de ensino superior,Política de retribuição / gratificação por hora-aula; Banco / cadastro de formadores; Avaliação de desempenho dos formadores,Na maioria das ações,Na maioria das ações,Na maioria das ações,Na maioria das ações,"Sim, de forma sistemática",Sim,Servidores(as); Magistrados(as); Estagiários(as); Público externo / sociedade; Colaboradores terceirizados; Conciliadores / mediadores / juízes leigos,"Direitos humanos, cidadania e inclusão social; Diversidade, igualdade e não discriminação; Direito, processo e atuação jurisdicional; Tecnologia, governo digital e inovação no setor público; Gestão de pessoas, liderança e desenvolvimento de equipes; Sustentabilidade, meio ambiente e mudanças climáticas; Saúde, bem-estar e qualidade de vida no trabalho; Governança pública, gestão estratégica e resultados; Comunicação institucional, linguagem clara e relacionamento com a sociedade; Educação, docência e formação de formadores; Gestão de projetos, processos e melhoria contínua","Direitos humanos, diversidade e inclusão; Inteligência artificial e inovação no Judiciário; Gestão judiciária e produtividade; Saúde mental e qualidade de vida",Sim,"Sim, com convênios/acordos vigentes",Moderado,"Outras escolas judiciais / da magistratura; Instituições de ensino superior / universidades; Ministério Público, Defensoria, OAB ou outras carreiras; Escolas de governo, como ENAP e escolas estaduais; ENFAM; ENAJU / CNJ",Compartilhamento de cursos / vagas entre escolas; Compartilhamento de conteúdos e objetos de aprendizagem; Produção conjunta de ações formativas; Participação em redes nacionais temáticas
R098,Escola dos Servidores do Poder Judiciário de Mato Grosso,Tribunal de Justiça do Estado de Mato Grosso,TJMT,MT,Estadual,Escola formalmente instituída,2008,https://escoladoservidor.tjmt.jus.br/,Em elaboração,0,1,Rubrica orçamentária própria,R$ 1 mi a R$ 5 mi,Plano anual de capacitação (PAC) aprovado,Orçamento ordinário do tribunal,Sede / espaço físico próprio e exclusivo; Salas de aula / treinamento; Laboratório de informática; Biblioteca / centro de memória,Mais de 10,4 a 10,Nenhum,AVA próprio,1,Não há capacidade própria de produção,Não utiliza recursos digitais estruturados,Sim,Não desenvolve,Servidores(as) da própria instituição; Docentes externos / convidados; Profissionais de outras instituições públicas; Magistrados(as) da própria instituição,Política de retribuição / gratificação por hora-aula; Banco / cadastro de formadores,Na maioria das ações,Em parte das ações,Não aplica,Não aplica,Não realiza,Sim,Servidores(as); Magistrados(as); Estagiários(as); Público externo / sociedade; Colaboradores terceirizados; Conciliadores / mediadores / juízes leigos; Outro (texto livre),"Direitos humanos, cidadania e inclusão social; Diversidade, igualdade e não discriminação; Tecnologia, governo digital e inovação no setor público; Gestão de pessoas, liderança e desenvolvimento de equipes; Sustentabilidade, meio ambiente e mudanças climáticas; Saúde, bem-estar e qualidade de vida no trabalho; Meios consensuais de solução de conflitos e justiça restaurativa; Competências comportamentais e socioemocionais; Outro (texto livre)","Direitos humanos, diversidade e inclusão; Inteligência artificial e inovação no Judiciário; Gestão judiciária e produtividade; Proteção de dados, privacidade e prova digital; Métodos consensuais e justiça restaurativa",Sim,"Sim, com parcerias informais",Alto,ENAJU / CNJ,Compartilhamento de cursos / vagas entre escolas; Compartilhamento de conteúdos e objetos de aprendizagem
R037,ESCOLA JUDICIAL DO PODER JUDICIÁRIO DO ESTADO DO PARÁ - EJPA,TRIBUNAL DE JUSTIÇA DO ESTADO DO PARÁ-TJPA,TJPA,PA,Estadual,Escola formalmente instituída,1982,https://ejpa.tjpa.jus.br/novo/#/,Não possui,0,0,Custeada por rubrica geral do tribunal,R$ 1 mi a R$ 5 mi,Plano anual de capacitação (PAC) aprovado; Ato normativo / regimento interno próprio; Projeto pedagógico institucional / político-pedagógico,Orçamento ordinário do tribunal,Sede / espaço físico próprio e exclusivo; Salas de aula / treinamento; Auditório; Biblioteca / centro de memória; Estúdio de gravação / produção audiovisual (EaD),4 a 10,Mais de 10,4 a 10,AVA próprio,0,"Produção parcial, com apoio pontual de outras áreas","Webinários / transmissões ao vivo; Salas virtuais de videoconferência; Acessibilidade digital, como legendas, audiodescrição e Libras; Produção própria de conteúdo digital, como videoaulas, podcasts e e-books; Gamificação / objetos de aprendizagem interativos",Sim,Ações pontuais,Servidores(as) da própria instituição; Docentes externos / convidados; Profissionais de outras instituições públicas; Magistrados(as) da própria instituição,Política de retribuição / gratificação por hora-aula; Banco / cadastro de formadores; Avaliação de desempenho dos formadores; Critérios formais de seleção e credenciamento,Na maioria das ações,Na maioria das ações,Em parte das ações,Em parte das ações,"Sim, de forma pontual",Sim,Servidores(as); Magistrados(as); Estagiários(as); Público externo / sociedade; Colaboradores terceirizados; Conciliadores / mediadores / juízes leigos,"Direitos humanos, cidadania e inclusão social; Diversidade, igualdade e não discriminação; Direito, processo e atuação jurisdicional; Tecnologia, governo digital e inovação no setor público; Gestão de pessoas, liderança e desenvolvimento de equipes; Sustentabilidade, meio ambiente e mudanças climáticas; Saúde, bem-estar e qualidade de vida no trabalho; Dados, informação, privacidade e proteção de dados pessoais; Governança pública, gestão estratégica e resultados; Comunicação institucional, linguagem clara e relacionamento com a sociedade; Acesso à justiça, atendimento ao público e humanização; Meios consensuais de solução de conflitos e justiça restaurativa; Ética, integridade, transparência e controle social; Competências comportamentais e socioemocionais; Educação, docência e formação de formadores; Gestão de projetos, processos e melhoria contínua; Políticas públicas, planejamento e avaliação","Direitos humanos, diversidade e inclusão; Inteligência artificial e inovação no Judiciário; Gestão judiciária e produtividade; Métodos consensuais e justiça restaurativa; Formação inicial de magistrados",Sim,"Sim, com convênios/acordos vigentes",Alto,"Outras escolas judiciais / da magistratura; Instituições de ensino superior / universidades; Ministério Público, Defensoria, OAB ou outras carreiras; Escolas de governo, como ENAP e escolas estaduais; ENFAM; ENAJU / CNJ; Organismos internacionais",Compartilhamento de cursos / vagas entre escolas; Compartilhamento de conteúdos e objetos de aprendizagem; Produção conjunta de ações formativas; Intercâmbio de formadores; Participação em redes nacionais temáticas
R066,Escola Superior da Magistratura da Paraíba,Tribunal de Justiça do Estado da Paraíba,TJPB,PB,Estadual,Escola formalmente instituída,1983,https://esma.tjpb.jus.br/,Plano próprio desatualizado/vencido,0,1,Rubrica orçamentária própria,R$ 1 mi a R$ 5 mi,Ato normativo / regimento interno próprio; Projeto pedagógico institucional / político-pedagógico; Conselho ou colegiado pedagógico / acadêmico,Orçamento ordinário do tribunal,Sede / espaço físico próprio e exclusivo; Salas de aula / treinamento; Auditório; Estúdio de gravação / produção audiovisual (EaD),Mais de 10,4 a 10,4 a 10,AVA próprio,1,"Produção parcial, com apoio pontual de outras áreas","Webinários / transmissões ao vivo; Salas virtuais de videoconferência; Acessibilidade digital, como legendas, audiodescrição e Libras; Produção própria de conteúdo digital, como videoaulas, podcasts e e-books; Recursos de inteligência artificial aplicados à formação; Gamificação / objetos de aprendizagem interativos",Sim,Programa permanente com certificação,Servidores(as) da própria instituição; Docentes externos / convidados; Profissionais de outras instituições públicas; Magistrados(as) da própria instituição; Docentes de instituições de ensino superior,Política de retribuição / gratificação por hora-aula; Banco / cadastro de formadores; Avaliação de desempenho dos formadores; Critérios formais de seleção e credenciamento,Na maioria das ações,Na maioria das ações,Não aplica,Não aplica,Não realiza,Não,Servidores(as); Magistrados(as),"Direitos humanos, cidadania e inclusão social; Diversidade, igualdade e não discriminação; Direito, processo e atuação jurisdicional; Tecnologia, governo digital e inovação no setor público; Sustentabilidade, meio ambiente e mudanças climáticas; Saúde, bem-estar e qualidade de vida no trabalho; Comunicação institucional, linguagem clara e relacionamento com a sociedade; Acesso à justiça, atendimento ao público e humanização; Competências comportamentais e socioemocionais; Educação, docência e formação de formadores; Gestão de projetos, processos e melhoria contínua","Direitos humanos, diversidade e inclusão; Inteligência artificial e inovação no Judiciário; Proteção de dados, privacidade e prova digital; Saúde mental e qualidade de vida; Outro (texto livre)",Sim,"Sim, com convênios/acordos vigentes",Alto,"Outras escolas judiciais / da magistratura; Instituições de ensino superior / universidades; Ministério Público, Defensoria, OAB ou outras carreiras; ENFAM; ENAJU / CNJ",Compartilhamento de cursos / vagas entre escolas; Compartilhamento de conteúdos e objetos de aprendizagem; Produção conjunta de ações formativas; Intercâmbio de formadores; Participação em redes nacionais temáticas
R017,Escola Judicial de Pernambuco - ESMAPE,Tribunal de Justiça de Pernambuco,TJPE,PE,Estadual,Escola formalmente instituída,1987,https://portal.tjpe.jus.br/web/escolajudicial,Não possui,0,0,Rubrica orçamentária própria,Acima de R$ 5 mi,Ato normativo / regimento interno próprio; Conselho ou colegiado pedagógico / acadêmico,Orçamento ordinário do tribunal,Sede / espaço físico próprio e exclusivo; Salas de aula / treinamento; Auditório; Laboratório de informática; Biblioteca / centro de memória; Estúdio de gravação / produção audiovisual (EaD),Mais de 10,Mais de 10,Nenhum,AVA próprio,1,"Produção parcial, com apoio pontual de outras áreas","Webinários / transmissões ao vivo; Salas virtuais de videoconferência; Acessibilidade digital, como legendas, audiodescrição e Libras; Produção própria de conteúdo digital, como videoaulas, podcasts e e-books; Gamificação / objetos de aprendizagem interativos",Sim,Programa permanente com certificação,Servidores(as) da própria instituição; Docentes externos / convidados; Profissionais de outras instituições públicas; Magistrados(as) da própria instituição,Política de retribuição / gratificação por hora-aula; Banco / cadastro de formadores; Avaliação de desempenho dos formadores,Na maioria das ações,Em parte das ações,Não aplica,Não aplica,Não realiza,Sim,Servidores(as); Magistrados(as),"Direitos humanos, cidadania e inclusão social; Direito, processo e atuação jurisdicional; Tecnologia, governo digital e inovação no setor público; Dados, informação, privacidade e proteção de dados pessoais; Governança pública, gestão estratégica e resultados; Educação, docência e formação de formadores; Gestão de projetos, processos e melhoria contínua","Direitos humanos, diversidade e inclusão; Inteligência artificial e inovação no Judiciário; Gestão judiciária e produtividade; Formação inicial de magistrados; Combate ao crime organizado e atuação criminal",Sim,"Sim, com convênios/acordos vigentes",Alto,"Instituições de ensino superior / universidades; Ministério Público, Defensoria, OAB ou outras carreiras; ENFAM; ENAJU / CNJ",Compartilhamento de cursos / vagas entre escolas; Compartilhamento de conteúdos e objetos de aprendizagem; Produção conjunta de ações formativas; Intercâmbio de formadores
R013,Escola Judiciária do Estado do Piauí (EJUD/TJPI),Tribunal de Justiça do Estado Pauí,TJPI,PI,Estadual,Escola formalmente instituída,2012,https://www.tjpi.jus.br/portaltjpi/ejud/,Plano próprio vigente e formalizado,1,1,Rubrica orçamentária própria,Acima de R$ 5 mi,Plano anual de capacitação (PAC) aprovado; Ato normativo / regimento interno próprio; Projeto pedagógico institucional / político-pedagógico; Conselho ou colegiado pedagógico / acadêmico,Orçamento ordinário do tribunal,Sede / espaço físico próprio e exclusivo; Salas de aula / treinamento; Auditório; Laboratório de informática; Biblioteca / centro de memória; Estúdio de gravação / produção audiovisual (EaD),1 a 3,Mais de 10,1 a 3,AVA próprio,1,"Equipe multidisciplinar dedicada, com designer instrucional, audiovisual e TI","Webinários / transmissões ao vivo; Salas virtuais de videoconferência; Acessibilidade digital, como legendas, audiodescrição e Libras; Produção própria de conteúdo digital, como videoaulas, podcasts e e-books; Recursos de inteligência artificial aplicados à formação; Gamificação / objetos de aprendizagem interativos",Sim,Programa permanente com certificação,Servidores(as) da própria instituição; Docentes externos / convidados; Profissionais de outras instituições públicas; Magistrados(as) da própria instituição; Docentes de instituições de ensino superior,Política de retribuição / gratificação por hora-aula; Banco / cadastro de formadores; Avaliação de desempenho dos formadores; Critérios formais de seleção e credenciamento,Na maioria das ações,Em parte das ações,Não aplica,Não aplica,Não realiza,Sim,Servidores(as); Magistrados(as); Estagiários(as); Público externo / sociedade; Colaboradores terceirizados; Conciliadores / mediadores / juízes leigos,"Direitos humanos, cidadania e inclusão social; Diversidade, igualdade e não discriminação; Direito, processo e atuação jurisdicional; Tecnologia, governo digital e inovação no setor público; Gestão de pessoas, liderança e desenvolvimento de equipes; Sustentabilidade, meio ambiente e mudanças climáticas; Saúde, bem-estar e qualidade de vida no trabalho; Comunicação institucional, linguagem clara e relacionamento com a sociedade; Acesso à justiça, atendimento ao público e humanização; Meios consensuais de solução de conflitos e justiça restaurativa; Educação, docência e formação de formadores; Políticas públicas, planejamento e avaliação; Outro (texto livre)","Direitos humanos, diversidade e inclusão; Inteligência artificial e inovação no Judiciário; Saúde mental e qualidade de vida; Métodos consensuais e justiça restaurativa; Formação inicial de magistrados",Sim,"Sim, com convênios/acordos vigentes",Alto,"Outras escolas judiciais / da magistratura; Instituições de ensino superior / universidades; Ministério Público, Defensoria, OAB ou outras carreiras; Escolas de governo, como ENAP e escolas estaduais; ENFAM; ENAJU / CNJ",Compartilhamento de cursos / vagas entre escolas; Compartilhamento de conteúdos e objetos de aprendizagem; Produção conjunta de ações formativas; Participação em redes nacionais temáticas
R020,escola Judicial do paraná,TRIBUNAL DE JUSTIÇA DO PARANÁ,TJPR,PR,Estadual,Escola formalmente instituída,2021,https://ejud.tjpr.jus.br/,Plano próprio vigente e formalizado,1,1,Rubrica orçamentária própria,R$ 1 mi a R$ 5 mi,Plano anual de capacitação (PAC) aprovado; Ato normativo / regimento interno próprio; Projeto pedagógico institucional / político-pedagógico; Conselho ou colegiado pedagógico / acadêmico,Orçamento ordinário do tribunal,Sede / espaço físico próprio e exclusivo; Salas de aula / treinamento; Auditório; Laboratório de informática; Biblioteca / centro de memória; Estúdio de gravação / produção audiovisual (EaD),Mais de 10,4 a 10,1 a 3,AVA próprio,1,"Equipe multidisciplinar dedicada, com designer instrucional, audiovisual e TI","Webinários / transmissões ao vivo; Salas virtuais de videoconferência; Acessibilidade digital, como legendas, audiodescrição e Libras; Produção própria de conteúdo digital, como videoaulas, podcasts e e-books",Sim,Programa permanente com certificação,Servidores(as) da própria instituição; Docentes externos / convidados; Profissionais de outras instituições públicas; Magistrados(as) da própria instituição; Docentes de instituições de ensino superior,Política de retribuição / gratificação por hora-aula; Banco / cadastro de formadores; Outro (texto livre),Na maioria das ações,Na maioria das ações,Na maioria das ações,Não aplica,Não realiza,Sim,Servidores(as); Magistrados(as); Estagiários(as); Público externo / sociedade; Colaboradores terceirizados; Conciliadores / mediadores / juízes leigos,"Direitos humanos, cidadania e inclusão social; Diversidade, igualdade e não discriminação; Direito, processo e atuação jurisdicional; Tecnologia, governo digital e inovação no setor público; Gestão de pessoas, liderança e desenvolvimento de equipes; Saúde, bem-estar e qualidade de vida no trabalho; Meios consensuais de solução de conflitos e justiça restaurativa; Ética, integridade, transparência e controle social; Educação, docência e formação de formadores; Outro (texto livre)","Direitos humanos, diversidade e inclusão; Inteligência artificial e inovação no Judiciário; Saúde mental e qualidade de vida; Métodos consensuais e justiça restaurativa; Formação inicial de magistrados",Sim,"Sim, com convênios/acordos vigentes",Alto,"Outras escolas judiciais / da magistratura; Instituições de ensino superior / universidades; Ministério Público, Defensoria, OAB ou outras carreiras; ENFAM; ENAJU / CNJ; Organismos internacionais",Compartilhamento de cursos / vagas entre escolas; Produção conjunta de ações formativas; Intercâmbio de formadores; Participação em redes nacionais temáticas
R040,Escola de Administração Judiciária,Tribunal de Justiça do Estado do Rio de Janeiro,TJRJ,RJ,Estadual,Escola formalmente instituída,1974,https://esaj.tjrj.jus.br/,Em elaboração,0,1,Rubrica orçamentária própria,Acima de R$ 5 mi,Ato normativo / regimento interno próprio; Conselho ou colegiado pedagógico / acadêmico,Orçamento ordinário do tribunal,Sede / espaço físico próprio e exclusivo; Salas de aula / treinamento; Laboratório de informática,Mais de 10,4 a 10,Mais de 10,AVA compartilhado com o tribunal,1,"Equipe multidisciplinar dedicada, com designer instrucional, audiovisual e TI","Webinários / transmissões ao vivo; Salas virtuais de videoconferência; Acessibilidade digital, como legendas, audiodescrição e Libras; Produção própria de conteúdo digital, como videoaulas, podcasts e e-books",Sim,Programa permanente com certificação,Servidores(as) da própria instituição; Docentes externos / convidados; Profissionais de outras instituições públicas; Magistrados(as) da própria instituição; Docentes de instituições de ensino superior,Política de retribuição / gratificação por hora-aula; Banco / cadastro de formadores; Critérios formais de seleção e credenciamento,Na maioria das ações,Em parte das ações,Não aplica,Não aplica,Não realiza,Sim,Servidores(as),"Direitos humanos, cidadania e inclusão social; Diversidade, igualdade e não discriminação; Direito, processo e atuação jurisdicional; Tecnologia, governo digital e inovação no setor público; Gestão de pessoas, liderança e desenvolvimento de equipes; Sustentabilidade, meio ambiente e mudanças climáticas; Saúde, bem-estar e qualidade de vida no trabalho; Dados, informação, privacidade e proteção de dados pessoais; Comunicação institucional, linguagem clara e relacionamento com a sociedade; Acesso à justiça, atendimento ao público e humanização; Meios consensuais de solução de conflitos e justiça restaurativa; Ética, integridade, transparência e controle social; Competências comportamentais e socioemocionais; Educação, docência e formação de formadores; Gestão de projetos, processos e melhoria contínua","Direitos humanos, diversidade e inclusão; Inteligência artificial e inovação no Judiciário; Gestão judiciária e produtividade; Saúde mental e qualidade de vida",Sim,"Sim, com convênios/acordos vigentes",Alto,"Outras escolas judiciais / da magistratura; Instituições de ensino superior / universidades; Escolas de governo, como ENAP e escolas estaduais; ENFAM; ENAJU / CNJ",Compartilhamento de cursos / vagas entre escolas; Compartilhamento de conteúdos e objetos de aprendizagem; Intercâmbio de formadores
R061,ESCOLA DE MEDIAÇÃO DO ESTADO DO RIO DE JANEIRO ,TRIBUNAL DE JUSTIÇA DO ESTADO DO RIO DE JANEIRO,TJRJ,RJ,Estadual,Escola formalmente instituída,2022,https://www.tjrj.jus.br/institucional/escola-de-mediacao-emedi,Plano próprio vigente e formalizado,1,1,Custeada por rubrica geral do tribunal,R$ 1 mi a R$ 5 mi,Ato normativo / regimento interno próprio; Projeto pedagógico institucional / político-pedagógico; Conselho ou colegiado pedagógico / acadêmico,Orçamento ordinário do tribunal,Sede / espaço físico próprio e exclusivo; Salas de aula / treinamento,1 a 3,4 a 10,Nenhum,AVA próprio,1,"Equipe multidisciplinar dedicada, com designer instrucional, audiovisual e TI","Webinários / transmissões ao vivo; Salas virtuais de videoconferência; Acessibilidade digital, como legendas, audiodescrição e Libras; Produção própria de conteúdo digital, como videoaulas, podcasts e e-books",Sim,Não desenvolve,Servidores(as) da própria instituição; Docentes externos / convidados; Profissionais de outras instituições públicas; Magistrados(as) da própria instituição; Docentes de instituições de ensino superior,Política de retribuição / gratificação por hora-aula; Banco / cadastro de formadores; Avaliação de desempenho dos formadores; Critérios formais de seleção e credenciamento,Na maioria das ações,Em parte das ações,Não aplica,Não aplica,Não realiza,Sim,Servidores(as); Magistrados(as); Estagiários(as); Público externo / sociedade; Colaboradores terceirizados; Conciliadores / mediadores / juízes leigos; Outro (texto livre),"Direitos humanos, cidadania e inclusão social; Diversidade, igualdade e não discriminação; Acesso à justiça, atendimento ao público e humanização; Meios consensuais de solução de conflitos e justiça restaurativa; Competências comportamentais e socioemocionais","Direitos humanos, diversidade e inclusão; Inteligência artificial e inovação no Judiciário; Métodos consensuais e justiça restaurativa",Sim,"Sim, com convênios/acordos vigentes",Moderado,"Outras escolas judiciais / da magistratura; Instituições de ensino superior / universidades; Ministério Público, Defensoria, OAB ou outras carreiras; Escolas de governo, como ENAP e escolas estaduais; Organismos internacionais; Outro (texto livre)",Compartilhamento de cursos / vagas entre escolas; Compartilhamento de conteúdos e objetos de aprendizagem; Produção conjunta de ações formativas; Intercâmbio de formadores
R077,Escola da Magistratura do Rio Grande do Norte (Esmarn),Tribunal de Justiça do Estado do Rio Grande do Norte,TJRN,RN,Estadual,Escola formalmente instituída,1988,https://esmarn.tjrn.jus.br/,Adota o planejamento estratégico do tribunal,0,1,Rubrica orçamentária própria,Acima de R$ 5 mi,Plano anual de capacitação (PAC) aprovado; Ato normativo / regimento interno próprio; Conselho ou colegiado pedagógico / acadêmico,Orçamento ordinário do tribunal,Sede / espaço físico próprio e exclusivo; Salas de aula / treinamento; Auditório; Laboratório de informática; Biblioteca / centro de memória,Mais de 10,Mais de 10,Mais de 10,AVA próprio,1,Não há capacidade própria de produção,Webinários / transmissões ao vivo; Salas virtuais de videoconferência; Gamificação / objetos de aprendizagem interativos,Sim,Ações pontuais,Servidores(as) da própria instituição; Docentes externos / convidados; Profissionais de outras instituições públicas; Magistrados(as) da própria instituição; Docentes de instituições de ensino superior,Política de retribuição / gratificação por hora-aula; Avaliação de desempenho dos formadores,Na maioria das ações,Não aplica,Na maioria das ações,Não aplica,Não realiza,Sim,Servidores(as); Magistrados(as); Público externo / sociedade,"Direitos humanos, cidadania e inclusão social; Diversidade, igualdade e não discriminação; Direito, processo e atuação jurisdicional; Tecnologia, governo digital e inovação no setor público; Dados, informação, privacidade e proteção de dados pessoais; Meios consensuais de solução de conflitos e justiça restaurativa; Outro (texto livre)","Direitos humanos, diversidade e inclusão; Inteligência artificial e inovação no Judiciário; Gestão judiciária e produtividade; Proteção de dados, privacidade e prova digital; Métodos consensuais e justiça restaurativa",Sim,"Sim, com convênios/acordos vigentes",Alto,"Outras escolas judiciais / da magistratura; Instituições de ensino superior / universidades; Escolas de governo, como ENAP e escolas estaduais; ENFAM; ENAJU / CNJ",Compartilhamento de cursos / vagas entre escolas; Produção conjunta de ações formativas; Intercâmbio de formadores; Participação em redes nacionais temáticas
R028,Escola da Magistratura do Estado de Rondônia - Emeron,Tribunal de Justiça do Estado de Rondônia,TJRO,RO,Estadual,Escola formalmente instituída,1986,https://emeron.edu.br,Plano próprio vigente e formalizado,1,1,Rubrica orçamentária própria,Acima de R$ 5 mi,Plano anual de capacitação (PAC) aprovado; Ato normativo / regimento interno próprio; Projeto pedagógico institucional / político-pedagógico; Conselho ou colegiado pedagógico / acadêmico,Orçamento ordinário do tribunal,Sede / espaço físico próprio e exclusivo; Salas de aula / treinamento; Auditório; Laboratório de informática; Biblioteca / centro de memória; Estúdio de gravação / produção audiovisual (EaD),Mais de 10,Mais de 10,4 a 10,AVA próprio,1,"Produção parcial, com apoio pontual de outras áreas","Webinários / transmissões ao vivo; Salas virtuais de videoconferência; Acessibilidade digital, como legendas, audiodescrição e Libras; Produção própria de conteúdo digital, como videoaulas, podcasts e e-books; Recursos de inteligência artificial aplicados à formação; Gamificação / objetos de aprendizagem interativos",Sim,Ações pontuais,Servidores(as) da própria instituição; Docentes externos / convidados; Profissionais de outras instituições públicas; Magistrados(as) da própria instituição; Docentes de instituições de ensino superior,Política de retribuição / gratificação por hora-aula; Banco / cadastro de formadores; Avaliação de desempenho dos formadores; Critérios formais de seleção e credenciamento,Na maioria das ações,Não aplica,Na maioria das ações,Não aplica,Não realiza,Sim,Servidores(as); Magistrados(as); Estagiários(as); Público externo / sociedade; Colaboradores terceirizados; Conciliadores / mediadores / juízes leigos,"Direitos humanos, cidadania e inclusão social; Diversidade, igualdade e não discriminação; Direito, processo e atuação jurisdicional; Tecnologia, governo digital e inovação no setor público; Gestão de pessoas, liderança e desenvolvimento de equipes; Sustentabilidade, meio ambiente e mudanças climáticas; Saúde, bem-estar e qualidade de vida no trabalho; Dados, informação, privacidade e proteção de dados pessoais; Governança pública, gestão estratégica e resultados; Comunicação institucional, linguagem clara e relacionamento com a sociedade; Acesso à justiça, atendimento ao público e humanização; Meios consensuais de solução de conflitos e justiça restaurativa; Ética, integridade, transparência e controle social; Competências comportamentais e socioemocionais; Educação, docência e formação de formadores; Gestão de projetos, processos e melhoria contínua; Políticas públicas, planejamento e avaliação","Direitos humanos, diversidade e inclusão; Inteligência artificial e inovação no Judiciário; Gestão judiciária e produtividade; Proteção de dados, privacidade e prova digital; Combate ao crime organizado e atuação criminal",Sim,"Sim, com convênios/acordos vigentes",Moderado,"Outras escolas judiciais / da magistratura; Instituições de ensino superior / universidades; Ministério Público, Defensoria, OAB ou outras carreiras; ENFAM; ENAJU / CNJ; Organismos internacionais",Compartilhamento de cursos / vagas entre escolas; Compartilhamento de conteúdos e objetos de aprendizagem; Participação em redes nacionais temáticas
R002,Escola Judicial de Roraima,Tribunal de Justiça do Estado de Roraima,TJRR,RR,Estadual,Escola formalmente instituída,2011,https://www.ejurr.tjrr.jus.br,Plano próprio vigente e formalizado,1,1,Rubrica orçamentária própria,R$ 1 mi a R$ 5 mi,Plano anual de capacitação (PAC) aprovado; Ato normativo / regimento interno próprio; Projeto pedagógico institucional / político-pedagógico,Orçamento ordinário do tribunal,Sede / espaço físico próprio e exclusivo; Salas de aula / treinamento; Auditório; Laboratório de informática; Estúdio de gravação / produção audiovisual (EaD),1 a 3,Mais de 10,1 a 3,AVA compartilhado com o tribunal,0,"Equipe multidisciplinar dedicada, com designer instrucional, audiovisual e TI","Webinários / transmissões ao vivo; Salas virtuais de videoconferência; Acessibilidade digital, como legendas, audiodescrição e Libras; Produção própria de conteúdo digital, como videoaulas, podcasts e e-books; Recursos de inteligência artificial aplicados à formação; Gamificação / objetos de aprendizagem interativos",Sim,Programa permanente com certificação,Servidores(as) da própria instituição; Docentes externos / convidados; Profissionais de outras instituições públicas; Magistrados(as) da própria instituição; Docentes de instituições de ensino superior,Política de retribuição / gratificação por hora-aula; Banco / cadastro de formadores; Avaliação de desempenho dos formadores,Na maioria das ações,Em parte das ações,Em parte das ações,Em parte das ações,"Sim, de forma sistemática",Sim,Servidores(as); Magistrados(as); Estagiários(as); Público externo / sociedade; Colaboradores terceirizados; Conciliadores / mediadores / juízes leigos,"Direitos humanos, cidadania e inclusão social; Diversidade, igualdade e não discriminação; Direito, processo e atuação jurisdicional; Tecnologia, governo digital e inovação no setor público; Gestão de pessoas, liderança e desenvolvimento de equipes; Sustentabilidade, meio ambiente e mudanças climáticas; Saúde, bem-estar e qualidade de vida no trabalho; Comunicação institucional, linguagem clara e relacionamento com a sociedade; Acesso à justiça, atendimento ao público e humanização; Meios consensuais de solução de conflitos e justiça restaurativa; Competências comportamentais e socioemocionais; Educação, docência e formação de formadores; Gestão de projetos, processos e melhoria contínua","Direitos humanos, diversidade e inclusão; Inteligência artificial e inovação no Judiciário; Gestão judiciária e produtividade; Métodos consensuais e justiça restaurativa; Combate ao crime organizado e atuação criminal",Sim,"Sim, com convênios/acordos vigentes",Moderado,"Outras escolas judiciais / da magistratura; Instituições de ensino superior / universidades; Ministério Público, Defensoria, OAB ou outras carreiras; Escolas de governo, como ENAP e escolas estaduais",Compartilhamento de cursos / vagas entre escolas; Compartilhamento de conteúdos e objetos de aprendizagem; Produção conjunta de ações formativas; Intercâmbio de formadores
R069,Centro de Formação e Desenvolvimento de Pessoas do Poder Judiciário do RS – CJUD/DICAF,Tribunal de Justiça do Rio Grande do Sul,TJRS,RS,Estadual,Escola formalmente instituída,2015,https://cjud.tjrs.jus.br/,Plano próprio vigente e formalizado,1,1,Rubrica orçamentária própria,Acima de R$ 5 mi,Plano anual de capacitação (PAC) aprovado; Ato normativo / regimento interno próprio; Conselho ou colegiado pedagógico / acadêmico,Orçamento ordinário do tribunal,Sede / espaço físico próprio e exclusivo; Salas de aula / treinamento; Auditório; Laboratório de informática; Biblioteca / centro de memória; Estúdio de gravação / produção audiovisual (EaD),Mais de 10,4 a 10,1 a 3,AVA próprio,1,"Equipe multidisciplinar dedicada, com designer instrucional, audiovisual e TI","Webinários / transmissões ao vivo; Salas virtuais de videoconferência; Acessibilidade digital, como legendas, audiodescrição e Libras; Produção própria de conteúdo digital, como videoaulas, podcasts e e-books; Recursos de inteligência artificial aplicados à formação; Gamificação / objetos de aprendizagem interativos",Sim,Programa permanente com certificação,Servidores(as) da própria instituição; Docentes externos / convidados; Profissionais de outras instituições públicas; Magistrados(as) da própria instituição; Docentes de instituições de ensino superior,Política de retribuição / gratificação por hora-aula; Banco / cadastro de formadores; Avaliação de desempenho dos formadores; Critérios formais de seleção e credenciamento,Na maioria das ações,Na maioria das ações,Em parte das ações,Em parte das ações,"Sim, de forma pontual",Sim,Servidores(as); Magistrados(as); Estagiários(as); Colaboradores terceirizados; Conciliadores / mediadores / juízes leigos; Outro (texto livre),"Direitos humanos, cidadania e inclusão social; Diversidade, igualdade e não discriminação; Direito, processo e atuação jurisdicional; Tecnologia, governo digital e inovação no setor público; Gestão de pessoas, liderança e desenvolvimento de equipes; Sustentabilidade, meio ambiente e mudanças climáticas; Saúde, bem-estar e qualidade de vida no trabalho; Dados, informação, privacidade e proteção de dados pessoais; Governança pública, gestão estratégica e resultados; Comunicação institucional, linguagem clara e relacionamento com a sociedade; Acesso à justiça, atendimento ao público e humanização; Meios consensuais de solução de conflitos e justiça restaurativa; Ética, integridade, transparência e controle social; Competências comportamentais e socioemocionais; Educação, docência e formação de formadores; Gestão de projetos, processos e melhoria contínua; Políticas públicas, planejamento e avaliação","Direitos humanos, diversidade e inclusão; Inteligência artificial e inovação no Judiciário; Gestão judiciária e produtividade; Saúde mental e qualidade de vida",Sim,"Sim, com convênios/acordos vigentes",Moderado,"Outras escolas judiciais / da magistratura; Instituições de ensino superior / universidades; Ministério Público, Defensoria, OAB ou outras carreiras; Escolas de governo, como ENAP e escolas estaduais; ENFAM; ENAJU / CNJ; Outro (texto livre)",Compartilhamento de cursos / vagas entre escolas; Compartilhamento de conteúdos e objetos de aprendizagem; Produção conjunta de ações formativas; Intercâmbio de formadores; Participação em redes nacionais temáticas
R042,Academia Judicial do Poder Judiciário de Santa Catarina,Tribunal de Justiça do Estado de Santa Catarina,TJSC,SC,Estadual,Escola formalmente instituída,2001,https://www.tjsc.jus.br/web/academia-judicial,Plano próprio vigente e formalizado,1,1,Rubrica orçamentária própria,Acima de R$ 5 mi,Ato normativo / regimento interno próprio; Conselho ou colegiado pedagógico / acadêmico; Outro (texto livre),Orçamento ordinário do tribunal,Salas de aula / treinamento; Auditório; Laboratório de informática; Biblioteca / centro de memória,Mais de 10,Mais de 10,4 a 10,AVA próprio,1,"Equipe multidisciplinar dedicada, com designer instrucional, audiovisual e TI","Webinários / transmissões ao vivo; Salas virtuais de videoconferência; Acessibilidade digital, como legendas, audiodescrição e Libras; Produção própria de conteúdo digital, como videoaulas, podcasts e e-books",Sim,Ações pontuais,Servidores(as) da própria instituição; Docentes externos / convidados; Profissionais de outras instituições públicas; Magistrados(as) da própria instituição; Docentes de instituições de ensino superior,Política de retribuição / gratificação por hora-aula; Banco / cadastro de formadores; Avaliação de desempenho dos formadores,Na maioria das ações,Em parte das ações,Não aplica,Não aplica,"Sim, de forma sistemática",Sim,Servidores(as); Magistrados(as); Estagiários(as); Público externo / sociedade; Conciliadores / mediadores / juízes leigos; Outro (texto livre),"Direitos humanos, cidadania e inclusão social; Diversidade, igualdade e não discriminação; Direito, processo e atuação jurisdicional; Tecnologia, governo digital e inovação no setor público; Saúde, bem-estar e qualidade de vida no trabalho; Meios consensuais de solução de conflitos e justiça restaurativa; Educação, docência e formação de formadores; Gestão de projetos, processos e melhoria contínua","Direitos humanos, diversidade e inclusão; Inteligência artificial e inovação no Judiciário; Gestão judiciária e produtividade; Saúde mental e qualidade de vida; Métodos consensuais e justiça restaurativa",Em elaboração,"Sim, com convênios/acordos vigentes",Alto,"Outras escolas judiciais / da magistratura; Instituições de ensino superior / universidades; Ministério Público, Defensoria, OAB ou outras carreiras; Escolas de governo, como ENAP e escolas estaduais; ENFAM",Compartilhamento de cursos / vagas entre escolas; Produção conjunta de ações formativas
R073,Escola Judicial do Estado de Sergipe - Ejuse,Tribunal de Justiça do Estado de Sergipe,TJSE,SE,Estadual,Escola formalmente instituída,2012,https://www.tjse.jus.br/ejuse/,Plano próprio vigente e formalizado,1,1,Rubrica orçamentária própria,R$ 1 mi a R$ 5 mi,Plano anual de capacitação (PAC) aprovado; Ato normativo / regimento interno próprio; Projeto pedagógico institucional / político-pedagógico; Conselho ou colegiado pedagógico / acadêmico,Orçamento ordinário do tribunal,Sede / espaço físico próprio e exclusivo; Salas de aula / treinamento; Auditório; Laboratório de informática,Mais de 10,Mais de 10,1 a 3,AVA próprio,1,"Produção parcial, com apoio pontual de outras áreas","Webinários / transmissões ao vivo; Salas virtuais de videoconferência; Acessibilidade digital, como legendas, audiodescrição e Libras",Sim,Participação em programa/eventos externos (texto livre),Servidores(as) da própria instituição; Docentes externos / convidados; Profissionais de outras instituições públicas; Magistrados(as) da própria instituição; Docentes de instituições de ensino superior,Política de retribuição / gratificação por hora-aula; Banco / cadastro de formadores; Avaliação de desempenho dos formadores,Na maioria das ações,Em parte das ações,Não aplica,Não aplica,Não realiza,Sim,Servidores(as); Magistrados(as); Estagiários(as); Público externo / sociedade,"Direitos humanos, cidadania e inclusão social; Diversidade, igualdade e não discriminação; Direito, processo e atuação jurisdicional; Tecnologia, governo digital e inovação no setor público; Gestão de pessoas, liderança e desenvolvimento de equipes; Sustentabilidade, meio ambiente e mudanças climáticas; Saúde, bem-estar e qualidade de vida no trabalho; Dados, informação, privacidade e proteção de dados pessoais; Comunicação institucional, linguagem clara e relacionamento com a sociedade; Acesso à justiça, atendimento ao público e humanização; Meios consensuais de solução de conflitos e justiça restaurativa; Competências comportamentais e socioemocionais; Educação, docência e formação de formadores","Direitos humanos, diversidade e inclusão; Inteligência artificial e inovação no Judiciário; Gestão judiciária e produtividade; Proteção de dados, privacidade e prova digital; Métodos consensuais e justiça restaurativa",Sim,"Sim, com convênios/acordos vigentes",Moderado,"Outras escolas judiciais / da magistratura; Instituições de ensino superior / universidades; Ministério Público, Defensoria, OAB ou outras carreiras; Escolas de governo, como ENAP e escolas estaduais; ENFAM",Compartilhamento de cursos / vagas entre escolas; Intercâmbio de formadores; Participação em redes nacionais temáticas
R051,Escola Judicial dos Servidores - EJUS,Tribunal de Justiça do Estado de São Paulo,TJSP,SP,Estadual,Escola formalmente instituída,2014,https://www.tjsp.jus.br/ejus/,Plano próprio vigente e formalizado,1,1,Rubrica orçamentária própria,Até R$ 250 mil,Plano anual de capacitação (PAC) aprovado; Ato normativo / regimento interno próprio; Conselho ou colegiado pedagógico / acadêmico,Orçamento ordinário do tribunal,Sede / espaço físico próprio e exclusivo; Salas de aula / treinamento; Auditório; Laboratório de informática; Estúdio de gravação / produção audiovisual (EaD),Mais de 10,1 a 3,1 a 3,AVA próprio,1,"Equipe multidisciplinar dedicada, com designer instrucional, audiovisual e TI","Webinários / transmissões ao vivo; Salas virtuais de videoconferência; Acessibilidade digital, como legendas, audiodescrição e Libras; Produção própria de conteúdo digital, como videoaulas, podcasts e e-books; Recursos de inteligência artificial aplicados à formação",Sim,Não desenvolve,Servidores(as) da própria instituição; Docentes externos / convidados; Profissionais de outras instituições públicas; Magistrados(as) da própria instituição; Docentes de instituições de ensino superior,Política de retribuição / gratificação por hora-aula; Banco / cadastro de formadores; Avaliação de desempenho dos formadores; Critérios formais de seleção e credenciamento,Na maioria das ações,Na maioria das ações,Na maioria das ações,Não aplica,Não realiza,Sim,Servidores(as); Magistrados(as); Estagiários(as); Público externo / sociedade; Colaboradores terceirizados; Conciliadores / mediadores / juízes leigos,"Direitos humanos, cidadania e inclusão social; Diversidade, igualdade e não discriminação; Direito, processo e atuação jurisdicional; Tecnologia, governo digital e inovação no setor público; Gestão de pessoas, liderança e desenvolvimento de equipes; Sustentabilidade, meio ambiente e mudanças climáticas; Saúde, bem-estar e qualidade de vida no trabalho; Dados, informação, privacidade e proteção de dados pessoais; Governança pública, gestão estratégica e resultados; Comunicação institucional, linguagem clara e relacionamento com a sociedade; Acesso à justiça, atendimento ao público e humanização; Meios consensuais de solução de conflitos e justiça restaurativa; Ética, integridade, transparência e controle social; Competências comportamentais e socioemocionais; Gestão de projetos, processos e melhoria contínua; Políticas públicas, planejamento e avaliação; Outro (texto livre)","Direitos humanos, diversidade e inclusão; Inteligência artificial e inovação no Judiciário; Gestão judiciária e produtividade; Saúde mental e qualidade de vida; Outro (texto livre)",Sim,"Sim, com parcerias informais",Alto,Outras escolas judiciais / da magistratura,Compartilhamento de conteúdos e objetos de aprendizagem
R060,Escola Superior da Magistratura Tocantinense (ESMAT),Tribunal de Justiça do Estado do Tocantins - TJTO,TJTO,TO,Estadual,Escola formalmente instituída,2003,https://www.esmat.tjto.jus.br,Plano próprio vigente e formalizado,1,1,Rubrica orçamentária própria,Acima de R$ 5 mi,Plano anual de capacitação (PAC) aprovado; Ato normativo / regimento interno próprio; Projeto pedagógico institucional / político-pedagógico; Conselho ou colegiado pedagógico / acadêmico,Orçamento ordinário do tribunal,Sede / espaço físico próprio e exclusivo; Salas de aula / treinamento; Auditório; Laboratório de informática; Biblioteca / centro de memória; Estúdio de gravação / produção audiovisual (EaD),4 a 10,Mais de 10,1 a 3,AVA próprio,1,"Equipe multidisciplinar dedicada, com designer instrucional, audiovisual e TI","Webinários / transmissões ao vivo; Salas virtuais de videoconferência; Acessibilidade digital, como legendas, audiodescrição e Libras; Produção própria de conteúdo digital, como videoaulas, podcasts e e-books",Sim,Programa permanente com certificação,Servidores(as) da própria instituição; Docentes externos / convidados; Profissionais de outras instituições públicas; Magistrados(as) da própria instituição; Docentes de instituições de ensino superior,Política de retribuição / gratificação por hora-aula; Banco / cadastro de formadores; Avaliação de desempenho dos formadores,Na maioria das ações,Na maioria das ações,Em parte das ações,Em parte das ações,Não realiza,Sim,Servidores(as); Magistrados(as); Estagiários(as); Público externo / sociedade; Colaboradores terceirizados; Conciliadores / mediadores / juízes leigos,"Direitos humanos, cidadania e inclusão social; Diversidade, igualdade e não discriminação; Tecnologia, governo digital e inovação no setor público; Gestão de pessoas, liderança e desenvolvimento de equipes; Sustentabilidade, meio ambiente e mudanças climáticas; Saúde, bem-estar e qualidade de vida no trabalho; Governança pública, gestão estratégica e resultados; Meios consensuais de solução de conflitos e justiça restaurativa; Competências comportamentais e socioemocionais; Educação, docência e formação de formadores; Gestão de projetos, processos e melhoria contínua","Direitos humanos, diversidade e inclusão; Inteligência artificial e inovação no Judiciário; Gestão judiciária e produtividade; Saúde mental e qualidade de vida",Sim,"Sim, com convênios/acordos vigentes",Alto,"Outras escolas judiciais / da magistratura; Instituições de ensino superior / universidades; Ministério Público, Defensoria, OAB ou outras carreiras; ENFAM; Organismos internacionais",Compartilhamento de cursos / vagas entre escolas; Intercâmbio de formadores; Participação em redes nacionais temáticas
R021,Cedap - Centro de Desenvolvimento e Aperfeiçaomento de Servidores,TRF 1ª Região,TRF1,DF,Federal,Centro/núcleo sem natureza de escola,2015,Não há site público,Plano próprio vigente e formalizado,1,1,Rubrica específica de capacitação gerida pelo tribunal (texto livre),R$ 250 mil a R$ 1 mi,Plano anual de capacitação (PAC) aprovado,Orçamento ordinário do tribunal,"Salas de aula / treinamento; Laboratório de informática; Não dispõe de espaço físico dedicado, utiliza estrutura do tribunal",4 a 10,4 a 10,Nenhum,AVA próprio,1,"Produção parcial, com apoio pontual de outras áreas","Webinários / transmissões ao vivo; Salas virtuais de videoconferência; Acessibilidade digital, como legendas, audiodescrição e Libras; Produção própria de conteúdo digital, como videoaulas, podcasts e e-books",Sim,Ações pontuais,Servidores(as) da própria instituição; Docentes externos / convidados; Profissionais de outras instituições públicas; Magistrados(as) da própria instituição; Docentes de instituições de ensino superior,Política de retribuição / gratificação por hora-aula; Banco / cadastro de formadores; Avaliação de desempenho dos formadores,Na maioria das ações,Em parte das ações,Em parte das ações,Não aplica,Não realiza,Sim,Servidores(as),"Direito, processo e atuação jurisdicional; Tecnologia, governo digital e inovação no setor público; Gestão de pessoas, liderança e desenvolvimento de equipes; Governança pública, gestão estratégica e resultados; Competências comportamentais e socioemocionais; Outro (texto livre)",Inteligência artificial e inovação no Judiciário; Gestão judiciária e produtividade; Outro (texto livre),Sim,"Sim, com convênios/acordos vigentes",Moderado,Outro (texto livre),Compartilhamento de cursos / vagas entre escolas
R036,ESCOLA DE MAGISTRATURA FEDERAL DA 1ª REGIÃO,TRIBUNAL REGIONAL FEDERAL DA 1ª REGIÃO,TRF1,DF,Federal,Escola formalmente instituída,2000,https://ead.trf1.jus.br/esmaf/,Plano próprio vigente e formalizado,1,1,Rubrica orçamentária própria,R$ 1 mi a R$ 5 mi,Ato normativo / regimento interno próprio; Projeto pedagógico institucional / político-pedagógico,Orçamento ordinário do tribunal; Recursos de convênios / parcerias institucionais,Sede / espaço físico próprio e exclusivo; Salas de aula / treinamento; Auditório; Laboratório de informática,4 a 10,4 a 10,1 a 3,AVA próprio,1,"Equipe multidisciplinar dedicada, com designer instrucional, audiovisual e TI","Webinários / transmissões ao vivo; Salas virtuais de videoconferência; Acessibilidade digital, como legendas, audiodescrição e Libras; Produção própria de conteúdo digital, como videoaulas, podcasts e e-books; Recursos de inteligência artificial aplicados à formação",Sim,Ações pontuais,Servidores(as) da própria instituição; Docentes externos / convidados; Profissionais de outras instituições públicas; Magistrados(as) da própria instituição; Docentes de instituições de ensino superior,Política de retribuição / gratificação por hora-aula; Banco / cadastro de formadores; Avaliação de desempenho dos formadores; Critérios formais de seleção e credenciamento,Em parte das ações,Não aplica,Não aplica,Não aplica,Não realiza,Não,Servidores(as); Magistrados(as); Público externo / sociedade,"Direitos humanos, cidadania e inclusão social; Diversidade, igualdade e não discriminação; Direito, processo e atuação jurisdicional; Tecnologia, governo digital e inovação no setor público; Gestão de pessoas, liderança e desenvolvimento de equipes; Sustentabilidade, meio ambiente e mudanças climáticas; Saúde, bem-estar e qualidade de vida no trabalho; Dados, informação, privacidade e proteção de dados pessoais; Governança pública, gestão estratégica e resultados; Comunicação institucional, linguagem clara e relacionamento com a sociedade; Acesso à justiça, atendimento ao público e humanização; Meios consensuais de solução de conflitos e justiça restaurativa; Ética, integridade, transparência e controle social; Competências comportamentais e socioemocionais; Educação, docência e formação de formadores; Gestão de projetos, processos e melhoria contínua; Políticas públicas, planejamento e avaliação","Direitos humanos, diversidade e inclusão; Inteligência artificial e inovação no Judiciário; Gestão judiciária e produtividade; Métodos consensuais e justiça restaurativa; Formação inicial de magistrados",Sim,"Sim, com convênios/acordos vigentes",Moderado,"Outras escolas judiciais / da magistratura; Ministério Público, Defensoria, OAB ou outras carreiras; ENFAM; ENAJU / CNJ; Outro (texto livre)",Compartilhamento de cursos / vagas entre escolas; Produção conjunta de ações formativas; Intercâmbio de formadores; Participação em redes nacionais temáticas
R026,Escola de Magistratura ,Tribunal Regional Federal da 6ª Região,TRF6,MG,Federal,Escola formalmente instituída,2022,https://portal.trf6.jus.br/formacao/escola-de-magistratura/,Plano próprio vigente e formalizado,1,1,Rubrica orçamentária própria,R$ 250 mil a R$ 1 mi,Plano anual de capacitação (PAC) aprovado; Ato normativo / regimento interno próprio; Projeto pedagógico institucional / político-pedagógico,Orçamento ordinário do tribunal; Recursos de convênios / parcerias institucionais,Sede / espaço físico próprio e exclusivo; Salas de aula / treinamento,1 a 3,1 a 3,1 a 3,AVA próprio,1,"Produção parcial, com apoio pontual de outras áreas","Webinários / transmissões ao vivo; Acessibilidade digital, como legendas, audiodescrição e Libras; Recursos de inteligência artificial aplicados à formação",Sim,Não desenvolve,Servidores(as) da própria instituição; Docentes externos / convidados; Profissionais de outras instituições públicas; Magistrados(as) da própria instituição; Docentes de instituições de ensino superior,Política de retribuição / gratificação por hora-aula; Banco / cadastro de formadores; Avaliação de desempenho dos formadores,Em parte das ações,Não aplica,Não aplica,Não aplica,Não realiza,Sim,Servidores(as); Magistrados(as); Estagiários(as); Público externo / sociedade; Colaboradores terceirizados; Conciliadores / mediadores / juízes leigos,"Direitos humanos, cidadania e inclusão social; Diversidade, igualdade e não discriminação; Direito, processo e atuação jurisdicional; Tecnologia, governo digital e inovação no setor público; Saúde, bem-estar e qualidade de vida no trabalho; Comunicação institucional, linguagem clara e relacionamento com a sociedade; Meios consensuais de solução de conflitos e justiça restaurativa; Ética, integridade, transparência e controle social","Direitos humanos, diversidade e inclusão; Inteligência artificial e inovação no Judiciário; Saúde mental e qualidade de vida; Métodos consensuais e justiça restaurativa; Combate ao crime organizado e atuação criminal",Sim,"Sim, com convênios/acordos vigentes",Alto,Outras escolas judiciais / da magistratura; Instituições de ensino superior / universidades; ENFAM,Compartilhamento de cursos / vagas entre escolas; Compartilhamento de conteúdos e objetos de aprendizagem; Produção conjunta de ações formativas; Intercâmbio de formadores
R014,Divisão de Desenvolvimento Humano,TRF5,TRF5,PE,Federal,Setor de capacitação (gestão de pessoas),2021,dgp.desenvolvimento@trf5.jus.br,Não possui,0,0,Rubrica orçamentária própria,Até R$ 250 mil,Plano anual de capacitação (PAC) aprovado,Orçamento ordinário do tribunal,"Não dispõe de espaço físico dedicado, utiliza estrutura do tribunal",4 a 10,4 a 10,Nenhum,Sem AVA,0,Não há capacidade própria de produção,Webinários / transmissões ao vivo; Salas virtuais de videoconferência,Não,Não desenvolve,Servidores(as) da própria instituição; Profissionais de outras instituições públicas; Magistrados(as) da própria instituição,Nenhum dos anteriores,Na maioria das ações,Em parte das ações,Não aplica,Não aplica,"Sim, de forma pontual",Sim,Servidores(as),"Diversidade, igualdade e não discriminação; Direito, processo e atuação jurisdicional; Tecnologia, governo digital e inovação no setor público; Gestão de pessoas, liderança e desenvolvimento de equipes; Sustentabilidade, meio ambiente e mudanças climáticas; Saúde, bem-estar e qualidade de vida no trabalho","Direitos humanos, diversidade e inclusão; Inteligência artificial e inovação no Judiciário; Gestão judiciária e produtividade; Saúde mental e qualidade de vida; Métodos consensuais e justiça restaurativa",Sim,"Sim, com convênios/acordos vigentes",Alto,"Escolas de governo, como ENAP e escolas estaduais",Nenhuma das anteriores
R097,"Divisão de Desenvolvimento de Pessoas, Estratégia e Relatórios",Tribunal Regional Federal da 2ª Região,TRF2,RJ,Federal,Setor de capacitação (gestão de pessoas),1989,https://www10.trf2.jus.br/educa/,Não possui,0,0,Rubrica orçamentária própria,R$ 250 mil a R$ 1 mi,Plano anual de capacitação (PAC) aprovado,Orçamento ordinário do tribunal,Salas de aula / treinamento; Laboratório de informática,4 a 10,4 a 10,(sem resposta),AVA próprio,1,"Produção parcial, com apoio pontual de outras áreas","Webinários / transmissões ao vivo; Salas virtuais de videoconferência; Acessibilidade digital, como legendas, audiodescrição e Libras; Produção própria de conteúdo digital, como videoaulas, podcasts e e-books",Sim,Não desenvolve,Servidores(as) da própria instituição; Docentes externos / convidados; Profissionais de outras instituições públicas; Magistrados(as) da própria instituição,Política de retribuição / gratificação por hora-aula; Banco / cadastro de formadores; Avaliação de desempenho dos formadores,Na maioria das ações,Na maioria das ações,Não aplica,Em parte das ações,"Sim, de forma sistemática",Sim,Servidores(as),"Direitos humanos, cidadania e inclusão social; Diversidade, igualdade e não discriminação; Direito, processo e atuação jurisdicional; Tecnologia, governo digital e inovação no setor público; Gestão de pessoas, liderança e desenvolvimento de equipes; Sustentabilidade, meio ambiente e mudanças climáticas; Saúde, bem-estar e qualidade de vida no trabalho; Dados, informação, privacidade e proteção de dados pessoais; Governança pública, gestão estratégica e resultados; Comunicação institucional, linguagem clara e relacionamento com a sociedade; Meios consensuais de solução de conflitos e justiça restaurativa; Ética, integridade, transparência e controle social; Competências comportamentais e socioemocionais; Gestão de projetos, processos e melhoria contínua","Direitos humanos, diversidade e inclusão; Inteligência artificial e inovação no Judiciário; Gestão judiciária e produtividade; Proteção de dados, privacidade e prova digital; Métodos consensuais e justiça restaurativa",Sim,"Sim, com parcerias informais",Moderado,Não há cooperação formalizada,Compartilhamento de cursos / vagas entre escolas; Intercâmbio de formadores
R006,ESCOLA DE MAGISTRADOS E SERVIDORES DO TRF4,TRIBUNAL REGIONAL FEDERAL DA 4ª REGIÃO,TRF4,RS,Federal,Escola formalmente instituída,2001,www.trf4.jus.br/emagis,Plano próprio desatualizado/vencido,0,1,Rubrica orçamentária própria,R$ 1 mi a R$ 5 mi,Plano anual de capacitação (PAC) aprovado; Projeto pedagógico institucional / político-pedagógico,Orçamento ordinário do tribunal,Salas de aula / treinamento; Auditório,Mais de 10,1 a 3,1 a 3,AVA compartilhado com o tribunal,1,"Produção parcial, com apoio pontual de outras áreas","Webinários / transmissões ao vivo; Salas virtuais de videoconferência; Acessibilidade digital, como legendas, audiodescrição e Libras; Produção própria de conteúdo digital, como videoaulas, podcasts e e-books",Não,Participação em programa/eventos externos (texto livre),Servidores(as) da própria instituição; Docentes externos / convidados; Magistrados(as) da própria instituição,Política de retribuição / gratificação por hora-aula; Avaliação de desempenho dos formadores; Critérios formais de seleção e credenciamento,Na maioria das ações,Não aplica,Não aplica,Não aplica,Não realiza,Sim,Servidores(as); Magistrados(as),"Direitos humanos, cidadania e inclusão social; Diversidade, igualdade e não discriminação; Direito, processo e atuação jurisdicional; Tecnologia, governo digital e inovação no setor público; Gestão de pessoas, liderança e desenvolvimento de equipes; Meios consensuais de solução de conflitos e justiça restaurativa; Educação, docência e formação de formadores","Direitos humanos, diversidade e inclusão; Inteligência artificial e inovação no Judiciário; Gestão judiciária e produtividade; Métodos consensuais e justiça restaurativa; Combate ao crime organizado e atuação criminal",Sim,"Sim, com parcerias informais",Alto,Outras escolas judiciais / da magistratura; ENFAM,Compartilhamento de cursos / vagas entre escolas; Intercâmbio de formadores
R041,Escola de Formação e Aperfeiçoamento de Servidores-DIES,Seção Judiciária de São Paulo (TRF3),TRF3,SP,Federal,Setor de capacitação (gestão de pessoas),2011,https://www.jfsp.jus.br/intranet/escola-servidores,Plano próprio vigente e formalizado,1,1,Rubrica orçamentária própria,R$ 1 mi a R$ 5 mi,Plano anual de capacitação (PAC) aprovado,Orçamento ordinário do tribunal,"Laboratório de informática; Biblioteca / centro de memória; Estúdio de gravação / produção audiovisual (EaD); Não dispõe de espaço físico dedicado, utiliza estrutura do tribunal",4 a 10,4 a 10,1 a 3,AVA compartilhado com o tribunal,1,"Equipe multidisciplinar dedicada, com designer instrucional, audiovisual e TI","Webinários / transmissões ao vivo; Salas virtuais de videoconferência; Acessibilidade digital, como legendas, audiodescrição e Libras; Produção própria de conteúdo digital, como videoaulas, podcasts e e-books; Recursos de inteligência artificial aplicados à formação; Gamificação / objetos de aprendizagem interativos",Sim,Ações pontuais,Servidores(as) da própria instituição; Docentes externos / convidados; Profissionais de outras instituições públicas; Magistrados(as) da própria instituição; Docentes de instituições de ensino superior,Política de retribuição / gratificação por hora-aula; Banco / cadastro de formadores; Avaliação de desempenho dos formadores; Critérios formais de seleção e credenciamento,Na maioria das ações,Não aplica,Não aplica,Na maioria das ações,Não realiza,Sim,Servidores(as); Magistrados(as); Público externo / sociedade; Colaboradores terceirizados; Conciliadores / mediadores / juízes leigos,"Direitos humanos, cidadania e inclusão social; Diversidade, igualdade e não discriminação; Direito, processo e atuação jurisdicional; Tecnologia, governo digital e inovação no setor público; Gestão de pessoas, liderança e desenvolvimento de equipes; Sustentabilidade, meio ambiente e mudanças climáticas; Saúde, bem-estar e qualidade de vida no trabalho; Dados, informação, privacidade e proteção de dados pessoais; Governança pública, gestão estratégica e resultados; Comunicação institucional, linguagem clara e relacionamento com a sociedade; Acesso à justiça, atendimento ao público e humanização; Meios consensuais de solução de conflitos e justiça restaurativa; Ética, integridade, transparência e controle social; Competências comportamentais e socioemocionais; Educação, docência e formação de formadores; Gestão de projetos, processos e melhoria contínua; Políticas públicas, planejamento e avaliação","Direitos humanos, diversidade e inclusão; Inteligência artificial e inovação no Judiciário; Gestão judiciária e produtividade; Saúde mental e qualidade de vida; Métodos consensuais e justiça restaurativa",Sim,"Sim, com convênios/acordos vigentes",Moderado,"Outras escolas judiciais / da magistratura; Ministério Público, Defensoria, OAB ou outras carreiras; ENAJU / CNJ",Compartilhamento de cursos / vagas entre escolas; Compartilhamento de conteúdos e objetos de aprendizagem; Intercâmbio de formadores; Participação em redes nacionais temáticas
R049,Núcleo da Escola de Servidores - TRF3,Tribunal Regional Federal da 3ª Região,TRF3,SP,Federal,Escola formalmente instituída,2025,https://www4.trf3.jus.br/SEGE/,Plano próprio vigente e formalizado,1,1,Rubrica orçamentária própria,R$ 1 mi a R$ 5 mi,Plano anual de capacitação (PAC) aprovado,Orçamento ordinário do tribunal; Recursos de convênios / parcerias institucionais,Salas de aula / treinamento; Auditório; Laboratório de informática,4 a 10,4 a 10,Nenhum,AVA próprio,1,"Produção parcial, com apoio pontual de outras áreas","Salas virtuais de videoconferência; Acessibilidade digital, como legendas, audiodescrição e Libras; Produção própria de conteúdo digital, como videoaulas, podcasts e e-books",Sim,Não desenvolve,Servidores(as) da própria instituição; Docentes externos / convidados; Profissionais de outras instituições públicas; Magistrados(as) da própria instituição; Docentes de instituições de ensino superior,Política de retribuição / gratificação por hora-aula; Banco / cadastro de formadores; Avaliação de desempenho dos formadores; Critérios formais de seleção e credenciamento,Na maioria das ações,Não aplica,Não aplica,Não aplica,Não realiza,Sim,Servidores(as); Magistrados(as); Estagiários(as); Público externo / sociedade; Colaboradores terceirizados,"Direitos humanos, cidadania e inclusão social; Diversidade, igualdade e não discriminação; Tecnologia, governo digital e inovação no setor público; Gestão de pessoas, liderança e desenvolvimento de equipes; Sustentabilidade, meio ambiente e mudanças climáticas; Saúde, bem-estar e qualidade de vida no trabalho; Dados, informação, privacidade e proteção de dados pessoais; Governança pública, gestão estratégica e resultados; Acesso à justiça, atendimento ao público e humanização; Competências comportamentais e socioemocionais","Direitos humanos, diversidade e inclusão; Inteligência artificial e inovação no Judiciário; Proteção de dados, privacidade e prova digital; Saúde mental e qualidade de vida; Combate ao crime organizado e atuação criminal",Sim,"Sim, com parcerias informais",Moderado,Outras escolas judiciais / da magistratura,Compartilhamento de cursos / vagas entre escolas; Compartilhamento de conteúdos e objetos de aprendizagem; Produção conjunta de ações formativas; Intercâmbio de formadores
R022,Escola Nacional de Formação e Aperfeiçoamento de Magistrados da Justiça Militar da União,Superior Tribunal Militar,STM,DF,Militar,Escola formalmente instituída,2015,www.enajum.jus.br,Em elaboração,0,1,Rubrica orçamentária própria,R$ 250 mil a R$ 1 mi,Plano anual de capacitação (PAC) aprovado; Ato normativo / regimento interno próprio; Projeto pedagógico institucional / político-pedagógico; Conselho ou colegiado pedagógico / acadêmico,Orçamento ordinário do tribunal,Sede / espaço físico próprio e exclusivo; Auditório; Biblioteca / centro de memória; Estúdio de gravação / produção audiovisual (EaD),Mais de 10,Mais de 10,1 a 3,AVA próprio,1,"Equipe multidisciplinar dedicada, com designer instrucional, audiovisual e TI","Webinários / transmissões ao vivo; Salas virtuais de videoconferência; Acessibilidade digital, como legendas, audiodescrição e Libras; Produção própria de conteúdo digital, como videoaulas, podcasts e e-books; Gamificação / objetos de aprendizagem interativos",Sim,Programa permanente com certificação,Servidores(as) da própria instituição; Docentes externos / convidados; Profissionais de outras instituições públicas; Magistrados(as) da própria instituição; Docentes de instituições de ensino superior,Política de retribuição / gratificação por hora-aula; Banco / cadastro de formadores,Na maioria das ações,Em parte das ações,Em parte das ações,Em parte das ações,"Sim, de forma pontual",Sim,Servidores(as); Magistrados(as); Público externo / sociedade; Conciliadores / mediadores / juízes leigos,"Direitos humanos, cidadania e inclusão social; Direito, processo e atuação jurisdicional; Tecnologia, governo digital e inovação no setor público; Sustentabilidade, meio ambiente e mudanças climáticas; Comunicação institucional, linguagem clara e relacionamento com a sociedade; Ética, integridade, transparência e controle social","Direitos humanos, diversidade e inclusão; Gestão judiciária e produtividade; Proteção de dados, privacidade e prova digital",Sim,"Sim, com convênios/acordos vigentes",Alto,"Instituições de ensino superior / universidades; Escolas de governo, como ENAP e escolas estaduais; Organismos internacionais",Compartilhamento de cursos / vagas entre escolas; Produção conjunta de ações formativas; Participação em redes nacionais temáticas
R103,Coordenadoria de Desenvolvimento e da Escola de Capacitação dos Servidores da JMU,Superior Tribunal Militar -STM,STM,DF,Militar,Setor de capacitação (gestão de pessoas),2025,https://ead.stm.jus.br,Em elaboração,0,1,Rubrica orçamentária própria,R$ 1 mi a R$ 5 mi,Plano anual de capacitação (PAC) aprovado,Orçamento ordinário do tribunal,Sede / espaço físico próprio e exclusivo; Salas de aula / treinamento; Laboratório de informática,Mais de 10,Mais de 10,Nenhum,AVA próprio,1,"Produção parcial, com apoio pontual de outras áreas","Webinários / transmissões ao vivo; Salas virtuais de videoconferência; Produção própria de conteúdo digital, como videoaulas, podcasts e e-books; Gamificação / objetos de aprendizagem interativos",Sim,Participação em programa/eventos externos (texto livre),Servidores(as) da própria instituição; Docentes externos / convidados; Profissionais de outras instituições públicas; Magistrados(as) da própria instituição,Banco / cadastro de formadores; Critérios formais de seleção e credenciamento,Na maioria das ações,Em parte das ações,Na maioria das ações,Não aplica,Não realiza,Sim,Servidores(as); Público externo / sociedade,"Direitos humanos, cidadania e inclusão social; Diversidade, igualdade e não discriminação; Direito, processo e atuação jurisdicional; Tecnologia, governo digital e inovação no setor público; Gestão de pessoas, liderança e desenvolvimento de equipes; Sustentabilidade, meio ambiente e mudanças climáticas; Saúde, bem-estar e qualidade de vida no trabalho; Dados, informação, privacidade e proteção de dados pessoais; Governança pública, gestão estratégica e resultados; Competências comportamentais e socioemocionais; Outro (texto livre)","Direitos humanos, diversidade e inclusão; Inteligência artificial e inovação no Judiciário; Proteção de dados, privacidade e prova digital; Saúde mental e qualidade de vida; Outro (texto livre)",Sim,"Sim, com convênios/acordos vigentes",Alto,Organismos internacionais; Outro (texto livre),Compartilhamento de cursos / vagas entre escolas; Compartilhamento de conteúdos e objetos de aprendizagem; Produção conjunta de ações formativas
R067,Escola Judicial Militar,Tribunal de Justiça Militar de Minas Gerais,TJMMG,MG,Militar,Escola formalmente instituída,2015,https://ejm.tjmmg.jus.br/,Plano próprio vigente e formalizado,1,1,Rubrica orçamentária própria,R$ 250 mil a R$ 1 mi,Plano anual de capacitação (PAC) aprovado; Ato normativo / regimento interno próprio; Projeto pedagógico institucional / político-pedagógico; Conselho ou colegiado pedagógico / acadêmico,Orçamento ordinário do tribunal,"Salas de aula / treinamento; Auditório; Biblioteca / centro de memória; Não dispõe de espaço físico dedicado, utiliza estrutura do tribunal",1 a 3,1 a 3,1 a 3,AVA próprio,1,"Produção parcial, com apoio pontual de outras áreas","Webinários / transmissões ao vivo; Salas virtuais de videoconferência; Acessibilidade digital, como legendas, audiodescrição e Libras; Produção própria de conteúdo digital, como videoaulas, podcasts e e-books",Sim,Ações pontuais,Servidores(as) da própria instituição; Docentes externos / convidados; Profissionais de outras instituições públicas; Magistrados(as) da própria instituição,Política de retribuição / gratificação por hora-aula; Banco / cadastro de formadores,Na maioria das ações,Não aplica,Não aplica,Não aplica,Não realiza,Sim,Servidores(as); Magistrados(as); Estagiários(as); Público externo / sociedade; Colaboradores terceirizados,"Direitos humanos, cidadania e inclusão social; Diversidade, igualdade e não discriminação; Direito, processo e atuação jurisdicional; Tecnologia, governo digital e inovação no setor público; Gestão de pessoas, liderança e desenvolvimento de equipes; Sustentabilidade, meio ambiente e mudanças climáticas; Saúde, bem-estar e qualidade de vida no trabalho; Dados, informação, privacidade e proteção de dados pessoais; Governança pública, gestão estratégica e resultados; Comunicação institucional, linguagem clara e relacionamento com a sociedade; Competências comportamentais e socioemocionais; Educação, docência e formação de formadores; Políticas públicas, planejamento e avaliação","Direitos humanos, diversidade e inclusão; Inteligência artificial e inovação no Judiciário; Saúde mental e qualidade de vida; Métodos consensuais e justiça restaurativa; Formação inicial de magistrados",Sim,"Sim, com convênios/acordos vigentes",Moderado,"Outras escolas judiciais / da magistratura; Instituições de ensino superior / universidades; Ministério Público, Defensoria, OAB ou outras carreiras; Escolas de governo, como ENAP e escolas estaduais",Compartilhamento de cursos / vagas entre escolas; Produção conjunta de ações formativas; Intercâmbio de formadores; Participação em redes nacionais temáticas
R056,Escola Juiz Coronel Antonio Claudio Barcellos de Abreu,Tribunal de Justiça Militar do Estado do Rio Grande do Sul,TJMRS,RS,Militar,Escola formalmente instituída,2018,https://www.tjmrs.jus.br/escola/,Plano próprio vigente e formalizado,1,1,Custeada por rubrica geral do tribunal,Até R$ 250 mil,Plano anual de capacitação (PAC) aprovado; Ato normativo / regimento interno próprio; Projeto pedagógico institucional / político-pedagógico,Orçamento ordinário do tribunal; Recursos de convênios / parcerias institucionais,"Biblioteca / centro de memória; Não dispõe de espaço físico dedicado, utiliza estrutura do tribunal",Nenhum,1 a 3,1 a 3,Sem AVA,0,Não há capacidade própria de produção,"Webinários / transmissões ao vivo; Salas virtuais de videoconferência; Acessibilidade digital, como legendas, audiodescrição e Libras; Recursos de inteligência artificial aplicados à formação; Gamificação / objetos de aprendizagem interativos",Sim,Não desenvolve,Servidores(as) da própria instituição; Docentes externos / convidados; Profissionais de outras instituições públicas; Magistrados(as) da própria instituição; Docentes de instituições de ensino superior,Banco / cadastro de formadores; Avaliação de desempenho dos formadores,Em parte das ações,Em parte das ações,Em parte das ações,Em parte das ações,"Sim, de forma pontual",Sim,Servidores(as); Magistrados(as); Estagiários(as); Público externo / sociedade; Colaboradores terceirizados,"Direitos humanos, cidadania e inclusão social; Diversidade, igualdade e não discriminação; Direito, processo e atuação jurisdicional; Tecnologia, governo digital e inovação no setor público; Gestão de pessoas, liderança e desenvolvimento de equipes; Sustentabilidade, meio ambiente e mudanças climáticas; Saúde, bem-estar e qualidade de vida no trabalho; Dados, informação, privacidade e proteção de dados pessoais; Governança pública, gestão estratégica e resultados; Comunicação institucional, linguagem clara e relacionamento com a sociedade; Acesso à justiça, atendimento ao público e humanização; Meios consensuais de solução de conflitos e justiça restaurativa; Ética, integridade, transparência e controle social; Competências comportamentais e socioemocionais; Educação, docência e formação de formadores; Políticas públicas, planejamento e avaliação","Direitos humanos, diversidade e inclusão; Inteligência artificial e inovação no Judiciário; Gestão judiciária e produtividade; Proteção de dados, privacidade e prova digital; Saúde mental e qualidade de vida",Sim,"Sim, com convênios/acordos vigentes",Moderado,"Outras escolas judiciais / da magistratura; Instituições de ensino superior / universidades; Ministério Público, Defensoria, OAB ou outras carreiras; Escolas de governo, como ENAP e escolas estaduais; ENFAM; ENAJU / CNJ",Compartilhamento de cursos / vagas entre escolas; Produção conjunta de ações formativas; Participação em redes nacionais temáticas
R007,Escola Judiciária Militar do Estado de SP,Tribunal de Justiça Militar do Estado de SP,TJMSP,SP,Militar,Escola formalmente instituída,2014,https://www.tjmsp.jus.br/escola-judiciaria-militar/,Plano próprio vigente e formalizado,1,1,Custeada por rubrica geral do tribunal,Sem informação consolidada,Plano anual de capacitação (PAC) aprovado; Ato normativo / regimento interno próprio,Orçamento ordinário do tribunal,Sede / espaço físico próprio e exclusivo; Salas de aula / treinamento; Auditório; Biblioteca / centro de memória,1 a 3,1 a 3,1 a 3,AVA próprio,1,Não há capacidade própria de produção,"Webinários / transmissões ao vivo; Acessibilidade digital, como legendas, audiodescrição e Libras",Sim,Não desenvolve,Servidores(as) da própria instituição; Docentes externos / convidados; Magistrados(as) da própria instituição,Política de retribuição / gratificação por hora-aula,Não aplica,Não aplica,Não aplica,Não aplica,Não realiza,Não,Servidores(as); Magistrados(as); Público externo / sociedade; Colaboradores terceirizados; Outro (texto livre),"Direitos humanos, cidadania e inclusão social; Diversidade, igualdade e não discriminação; Direito, processo e atuação jurisdicional; Saúde, bem-estar e qualidade de vida no trabalho","Direitos humanos, diversidade e inclusão; Saúde mental e qualidade de vida; Formação inicial de magistrados",Sim,"Sim, com convênios/acordos vigentes",Moderado,Outras escolas judiciais / da magistratura,Compartilhamento de cursos / vagas entre escolas; Produção conjunta de ações formativas
R106,Centro de Estudos Judiciários - CEJ/CJF,CJF,CJF,DF,Superior/Conselho,Centro/núcleo sem natureza de escola,1992,https://www.cjf.jus.br/cjf/corregedoria-da-justica-federal/centro-de-estudos-judiciarios-1/eventos,Plano próprio desatualizado/vencido,0,1,Rubrica orçamentária própria,R$ 1 mi a R$ 5 mi,Projeto pedagógico institucional / político-pedagógico; Conselho ou colegiado pedagógico / acadêmico,Orçamento ordinário do tribunal; Recursos de convênios / parcerias institucionais,Sede / espaço físico próprio e exclusivo; Salas de aula / treinamento; Auditório; Laboratório de informática; Biblioteca / centro de memória,Mais de 10,4 a 10,1 a 3,AVA próprio,1,"Produção parcial, com apoio pontual de outras áreas","Webinários / transmissões ao vivo; Salas virtuais de videoconferência; Acessibilidade digital, como legendas, audiodescrição e Libras; Produção própria de conteúdo digital, como videoaulas, podcasts e e-books",Sim,Não desenvolve,Servidores(as) da própria instituição; Docentes externos / convidados; Profissionais de outras instituições públicas; Magistrados(as) da própria instituição,Política de retribuição / gratificação por hora-aula; Banco / cadastro de formadores,Em parte das ações,Em parte das ações,Em parte das ações,Em parte das ações,Não realiza,Não,Servidores(as); Magistrados(as),"Direito, processo e atuação jurisdicional; Tecnologia, governo digital e inovação no setor público; Gestão de pessoas, liderança e desenvolvimento de equipes; Saúde, bem-estar e qualidade de vida no trabalho; Dados, informação, privacidade e proteção de dados pessoais; Governança pública, gestão estratégica e resultados; Outro (texto livre)",Inteligência artificial e inovação no Judiciário; Gestão judiciária e produtividade; Combate ao crime organizado e atuação criminal; Outro (texto livre),Em elaboração,"Sim, com convênios/acordos vigentes",Alto,"Outras escolas judiciais / da magistratura; Ministério Público, Defensoria, OAB ou outras carreiras; ENFAM; Organismos internacionais",Compartilhamento de cursos / vagas entre escolas; Compartilhamento de conteúdos e objetos de aprendizagem; Produção conjunta de ações formativas; Intercâmbio de formadores; Participação em redes nacionais temáticas
R048,Centro de Educação Corporativa da Justiça do Trabalho de 1º e de 2º Graus - CEduc-JT,Conselho Superior da Justiça do Trabalho,CSJT,DF,Superior/Conselho,Setor de capacitação (gestão de pessoas),2017,https://ead.csjt.jus.br/,Plano próprio vigente e formalizado,1,1,Rubrica orçamentária própria,R$ 250 mil a R$ 1 mi,Plano anual de capacitação (PAC) aprovado; Ato normativo / regimento interno próprio,Orçamento ordinário do tribunal,"Não dispõe de espaço físico dedicado, utiliza estrutura do tribunal",4 a 10,4 a 10,Nenhum,AVA próprio,1,"Produção parcial, com apoio pontual de outras áreas","Webinários / transmissões ao vivo; Salas virtuais de videoconferência; Acessibilidade digital, como legendas, audiodescrição e Libras",Sim,Não desenvolve,Servidores(as) da própria instituição; Docentes externos / convidados; Profissionais de outras instituições públicas,Política de retribuição / gratificação por hora-aula; Critérios formais de seleção e credenciamento,Na maioria das ações,Em parte das ações,Não aplica,Na maioria das ações,"Sim, de forma sistemática",Sim,Servidores(as),"Diversidade, igualdade e não discriminação; Tecnologia, governo digital e inovação no setor público; Gestão de pessoas, liderança e desenvolvimento de equipes; Sustentabilidade, meio ambiente e mudanças climáticas; Dados, informação, privacidade e proteção de dados pessoais; Ética, integridade, transparência e controle social","Direitos humanos, diversidade e inclusão; Inteligência artificial e inovação no Judiciário; Gestão judiciária e produtividade; Proteção de dados, privacidade e prova digital; Outro (texto livre)",Sim,"Sim, com convênios/acordos vigentes",Alto,"Outras escolas judiciais / da magistratura; Escolas de governo, como ENAP e escolas estaduais; ENFAM; ENAJU / CNJ; Outro (texto livre)",Compartilhamento de cursos / vagas entre escolas; Produção conjunta de ações formativas
R101,Centro de Formação e Gestão Judiciária (CEFOR),Superior Tribunal de Justiça (STJ),STJ,DF,Superior/Conselho,Centro/núcleo sem natureza de escola,2020,https://ead.stj.jus.br/  (somente ações de educação a distância),Não possui,0,0,Custeada por rubrica geral do tribunal,R$ 1 mi a R$ 5 mi,Plano anual de capacitação (PAC) aprovado; Ato normativo / regimento interno próprio; Projeto pedagógico institucional / político-pedagógico,Orçamento ordinário do tribunal; Recursos de convênios / parcerias institucionais,Sede / espaço físico próprio e exclusivo; Salas de aula / treinamento; Auditório; Laboratório de informática; Estúdio de gravação / produção audiovisual (EaD),Mais de 10,Mais de 10,Nenhum,AVA próprio,1,"Equipe multidisciplinar dedicada, com designer instrucional, audiovisual e TI","Webinários / transmissões ao vivo; Salas virtuais de videoconferência; Acessibilidade digital, como legendas, audiodescrição e Libras; Produção própria de conteúdo digital, como videoaulas, podcasts e e-books; Recursos de inteligência artificial aplicados à formação; Gamificação / objetos de aprendizagem interativos",Sim,Ações pontuais,Servidores(as) da própria instituição; Docentes externos / convidados; Profissionais de outras instituições públicas; Magistrados(as) da própria instituição,Política de retribuição / gratificação por hora-aula; Banco / cadastro de formadores; Avaliação de desempenho dos formadores,Na maioria das ações,Em parte das ações,Não aplica,Não aplica,Não realiza,Sim,Servidores(as); Magistrados(as); Estagiários(as); Público externo / sociedade; Colaboradores terceirizados; Conciliadores / mediadores / juízes leigos,"Direitos humanos, cidadania e inclusão social; Diversidade, igualdade e não discriminação; Direito, processo e atuação jurisdicional; Tecnologia, governo digital e inovação no setor público; Gestão de pessoas, liderança e desenvolvimento de equipes; Sustentabilidade, meio ambiente e mudanças climáticas; Saúde, bem-estar e qualidade de vida no trabalho; Dados, informação, privacidade e proteção de dados pessoais; Governança pública, gestão estratégica e resultados; Comunicação institucional, linguagem clara e relacionamento com a sociedade; Acesso à justiça, atendimento ao público e humanização; Meios consensuais de solução de conflitos e justiça restaurativa; Ética, integridade, transparência e controle social; Competências comportamentais e socioemocionais; Educação, docência e formação de formadores; Gestão de projetos, processos e melhoria contínua; Políticas públicas, planejamento e avaliação","Direitos humanos, diversidade e inclusão; Inteligência artificial e inovação no Judiciário; Gestão judiciária e produtividade; Proteção de dados, privacidade e prova digital; Métodos consensuais e justiça restaurativa",Sim,"Sim, com convênios/acordos vigentes",Moderado,"Outras escolas judiciais / da magistratura; Ministério Público, Defensoria, OAB ou outras carreiras; Escolas de governo, como ENAP e escolas estaduais; ENFAM; ENAJU / CNJ",Compartilhamento de cursos / vagas entre escolas; Compartilhamento de conteúdos e objetos de aprendizagem; Intercâmbio de formadores
R084,Escola Judicial - EJUD19,Tribunal Regional do Trabalho da 19ª Região - TRT19,TRT19,AL,Trabalho,Escola formalmente instituída,2007,https://site.trt19.jus.br/ejud,Em elaboração,0,1,Rubrica orçamentária própria,R$ 250 mil a R$ 1 mi,Plano anual de capacitação (PAC) aprovado; Ato normativo / regimento interno próprio; Projeto pedagógico institucional / político-pedagógico; Conselho ou colegiado pedagógico / acadêmico,Orçamento ordinário do tribunal; Recursos de convênios / parcerias institucionais,"Auditório; Laboratório de informática; Biblioteca / centro de memória; Não dispõe de espaço físico dedicado, utiliza estrutura do tribunal",4 a 10,1 a 3,1 a 3,AVA próprio,1,"Produção parcial, com apoio pontual de outras áreas",Webinários / transmissões ao vivo; Salas virtuais de videoconferência,Sim,Não desenvolve,Servidores(as) da própria instituição; Docentes externos / convidados; Profissionais de outras instituições públicas; Magistrados(as) da própria instituição; Docentes de instituições de ensino superior,Política de retribuição / gratificação por hora-aula; Banco / cadastro de formadores; Avaliação de desempenho dos formadores; Critérios formais de seleção e credenciamento,Na maioria das ações,Em parte das ações,Não aplica,Não aplica,Não realiza,Sim,Servidores(as); Magistrados(as); Público externo / sociedade; Colaboradores terceirizados,"Direitos humanos, cidadania e inclusão social; Diversidade, igualdade e não discriminação; Direito, processo e atuação jurisdicional; Tecnologia, governo digital e inovação no setor público; Gestão de pessoas, liderança e desenvolvimento de equipes; Sustentabilidade, meio ambiente e mudanças climáticas; Saúde, bem-estar e qualidade de vida no trabalho; Dados, informação, privacidade e proteção de dados pessoais; Governança pública, gestão estratégica e resultados; Acesso à justiça, atendimento ao público e humanização; Meios consensuais de solução de conflitos e justiça restaurativa; Ética, integridade, transparência e controle social","Inteligência artificial e inovação no Judiciário; Gestão judiciária e produtividade; Proteção de dados, privacidade e prova digital; Saúde mental e qualidade de vida; Métodos consensuais e justiça restaurativa",Sim,"Sim, com convênios/acordos vigentes",Moderado,"Outras escolas judiciais / da magistratura; Escolas de governo, como ENAP e escolas estaduais; ENAJU / CNJ",Compartilhamento de cursos / vagas entre escolas; Compartilhamento de conteúdos e objetos de aprendizagem; Produção conjunta de ações formativas; Intercâmbio de formadores; Participação em redes nacionais temáticas
R076,Escola Judicial do Tribunal Regional da Trabalho da 11ª Região,Tribunal Regional do Trabalho da 11ª Região,TRT11,AM,Trabalho,Escola formalmente instituída,2008,https://portal.trt11.jus.br/index.php/ejud,Plano próprio vigente e formalizado,1,1,Rubrica orçamentária própria,R$ 250 mil a R$ 1 mi,Plano anual de capacitação (PAC) aprovado; Ato normativo / regimento interno próprio; Projeto pedagógico institucional / político-pedagógico; Conselho ou colegiado pedagógico / acadêmico,Orçamento ordinário do tribunal; Recursos de convênios / parcerias institucionais,"Salas de aula / treinamento; Laboratório de informática; Biblioteca / centro de memória; Não dispõe de espaço físico dedicado, utiliza estrutura do tribunal",Mais de 10,4 a 10,1 a 3,AVA próprio,1,Não há capacidade própria de produção,Webinários / transmissões ao vivo,Sim,Ações pontuais,Servidores(as) da própria instituição; Docentes externos / convidados; Magistrados(as) da própria instituição,Avaliação de desempenho dos formadores,Na maioria das ações,Na maioria das ações,Na maioria das ações,Na maioria das ações,"Sim, de forma sistemática",Sim,Servidores(as); Magistrados(as); Estagiários(as); Público externo / sociedade; Colaboradores terceirizados; Conciliadores / mediadores / juízes leigos,"Direitos humanos, cidadania e inclusão social; Diversidade, igualdade e não discriminação; Direito, processo e atuação jurisdicional; Tecnologia, governo digital e inovação no setor público; Gestão de pessoas, liderança e desenvolvimento de equipes; Sustentabilidade, meio ambiente e mudanças climáticas; Saúde, bem-estar e qualidade de vida no trabalho; Dados, informação, privacidade e proteção de dados pessoais; Comunicação institucional, linguagem clara e relacionamento com a sociedade; Acesso à justiça, atendimento ao público e humanização; Meios consensuais de solução de conflitos e justiça restaurativa; Competências comportamentais e socioemocionais; Educação, docência e formação de formadores","Direitos humanos, diversidade e inclusão; Inteligência artificial e inovação no Judiciário; Proteção de dados, privacidade e prova digital; Saúde mental e qualidade de vida; Métodos consensuais e justiça restaurativa",Sim,"Sim, com convênios/acordos vigentes",Moderado,"Outras escolas judiciais / da magistratura; Instituições de ensino superior / universidades; Ministério Público, Defensoria, OAB ou outras carreiras; Escolas de governo, como ENAP e escolas estaduais; ENFAM",Compartilhamento de cursos / vagas entre escolas; Participação em redes nacionais temáticas
R030,Escola Judicial do Tribunal Regional do Trabalho da 5ª Região,Tribunal Regional do Trabalho da 5ª Região,TRT5,BA,Trabalho,Escola formalmente instituída,1992,https://escolajudicial.trt5.jus.br,Plano próprio vigente e formalizado,1,1,Rubrica orçamentária própria,R$ 1 mi a R$ 5 mi,Plano anual de capacitação (PAC) aprovado; Ato normativo / regimento interno próprio; Projeto pedagógico institucional / político-pedagógico; Conselho ou colegiado pedagógico / acadêmico,Orçamento ordinário do tribunal,Sede / espaço físico próprio e exclusivo; Salas de aula / treinamento; Auditório; Laboratório de informática,Mais de 10,1 a 3,1 a 3,AVA próprio,1,"Produção parcial, com apoio pontual de outras áreas","Webinários / transmissões ao vivo; Salas virtuais de videoconferência; Acessibilidade digital, como legendas, audiodescrição e Libras; Produção própria de conteúdo digital, como videoaulas, podcasts e e-books; Recursos de inteligência artificial aplicados à formação",Sim,Ações pontuais,Servidores(as) da própria instituição; Docentes externos / convidados; Profissionais de outras instituições públicas; Magistrados(as) da própria instituição; Docentes de instituições de ensino superior,Banco / cadastro de formadores; Avaliação de desempenho dos formadores,Na maioria das ações,Na maioria das ações,Na maioria das ações,Na maioria das ações,"Sim, de forma pontual",Sim,Servidores(as); Magistrados(as); Estagiários(as); Público externo / sociedade; Colaboradores terceirizados; Conciliadores / mediadores / juízes leigos,"Direitos humanos, cidadania e inclusão social; Diversidade, igualdade e não discriminação; Direito, processo e atuação jurisdicional; Tecnologia, governo digital e inovação no setor público; Gestão de pessoas, liderança e desenvolvimento de equipes; Sustentabilidade, meio ambiente e mudanças climáticas; Saúde, bem-estar e qualidade de vida no trabalho; Dados, informação, privacidade e proteção de dados pessoais; Governança pública, gestão estratégica e resultados; Comunicação institucional, linguagem clara e relacionamento com a sociedade; Acesso à justiça, atendimento ao público e humanização; Meios consensuais de solução de conflitos e justiça restaurativa; Ética, integridade, transparência e controle social; Competências comportamentais e socioemocionais; Educação, docência e formação de formadores; Gestão de projetos, processos e melhoria contínua; Políticas públicas, planejamento e avaliação","Direitos humanos, diversidade e inclusão; Inteligência artificial e inovação no Judiciário; Saúde mental e qualidade de vida; Métodos consensuais e justiça restaurativa",Sim,"Sim, com convênios/acordos vigentes",Alto,"Outras escolas judiciais / da magistratura; Instituições de ensino superior / universidades; Ministério Público, Defensoria, OAB ou outras carreiras; Escolas de governo, como ENAP e escolas estaduais; ENAJU / CNJ; Outro (texto livre)",Compartilhamento de cursos / vagas entre escolas; Compartilhamento de conteúdos e objetos de aprendizagem; Participação em redes nacionais temáticas
R054,Escola Judicial do Tribunal Regional do Trabalho da 7ª Região,Tribunal Regional do Trabalho da 7ª Região,TRT7,CE,Trabalho,Escola formalmente instituída,2006,www.trt7.jus.br/escolajudicial,Plano próprio vigente e formalizado,1,1,Rubrica orçamentária própria,R$ 250 mil a R$ 1 mi,Plano anual de capacitação (PAC) aprovado; Ato normativo / regimento interno próprio; Projeto pedagógico institucional / político-pedagógico; Conselho ou colegiado pedagógico / acadêmico,Orçamento ordinário do tribunal,"Salas de aula / treinamento; Auditório; Laboratório de informática; Não dispõe de espaço físico dedicado, utiliza estrutura do tribunal",1 a 3,1 a 3,1 a 3,AVA próprio,1,"Produção parcial, com apoio pontual de outras áreas","Salas virtuais de videoconferência; Produção própria de conteúdo digital, como videoaulas, podcasts e e-books",Sim,Não desenvolve,Servidores(as) da própria instituição; Docentes externos / convidados; Profissionais de outras instituições públicas; Magistrados(as) da própria instituição; Docentes de instituições de ensino superior,Política de retribuição / gratificação por hora-aula; Banco / cadastro de formadores; Avaliação de desempenho dos formadores,Na maioria das ações,Na maioria das ações,Não aplica,Não aplica,Não realiza,Sim,Servidores(as); Magistrados(as); Estagiários(as); Público externo / sociedade,"Diversidade, igualdade e não discriminação; Direito, processo e atuação jurisdicional; Tecnologia, governo digital e inovação no setor público; Sustentabilidade, meio ambiente e mudanças climáticas; Saúde, bem-estar e qualidade de vida no trabalho; Governança pública, gestão estratégica e resultados; Gestão de projetos, processos e melhoria contínua","Direitos humanos, diversidade e inclusão; Gestão judiciária e produtividade; Saúde mental e qualidade de vida; Métodos consensuais e justiça restaurativa",Sim,"Sim, com convênios/acordos vigentes",Moderado,Outro (texto livre),Compartilhamento de cursos / vagas entre escolas; Compartilhamento de conteúdos e objetos de aprendizagem; Produção conjunta de ações formativas
R031,Escola Judicial do Tribunal Regional do Trabalho da 10ª Região,Tribunal Regional do Trabalho da 10ª Região,TRT10,DF,Trabalho,Escola formalmente instituída,1994,http://escolajudicial.trt10.jus.br/,Não possui,0,0,Rubrica orçamentária própria,R$ 1 mi a R$ 5 mi,Plano anual de capacitação (PAC) aprovado; Conselho ou colegiado pedagógico / acadêmico,Orçamento ordinário do tribunal,Sede / espaço físico próprio e exclusivo; Salas de aula / treinamento; Auditório; Laboratório de informática; Biblioteca / centro de memória,4 a 10,Nenhum,1 a 3,AVA próprio,1,"Produção parcial, com apoio pontual de outras áreas","Webinários / transmissões ao vivo; Salas virtuais de videoconferência; Acessibilidade digital, como legendas, audiodescrição e Libras",Sim,Ações pontuais,Servidores(as) da própria instituição; Docentes externos / convidados; Profissionais de outras instituições públicas; Magistrados(as) da própria instituição; Docentes de instituições de ensino superior,Política de retribuição / gratificação por hora-aula; Banco / cadastro de formadores; Critérios formais de seleção e credenciamento,Na maioria das ações,Em parte das ações,Não aplica,Não aplica,Não realiza,Sim,Servidores(as); Magistrados(as); Estagiários(as); Público externo / sociedade; Colaboradores terceirizados,"Direitos humanos, cidadania e inclusão social; Diversidade, igualdade e não discriminação; Direito, processo e atuação jurisdicional; Tecnologia, governo digital e inovação no setor público; Gestão de pessoas, liderança e desenvolvimento de equipes; Sustentabilidade, meio ambiente e mudanças climáticas; Saúde, bem-estar e qualidade de vida no trabalho; Dados, informação, privacidade e proteção de dados pessoais; Governança pública, gestão estratégica e resultados; Comunicação institucional, linguagem clara e relacionamento com a sociedade; Acesso à justiça, atendimento ao público e humanização; Meios consensuais de solução de conflitos e justiça restaurativa; Ética, integridade, transparência e controle social; Competências comportamentais e socioemocionais; Educação, docência e formação de formadores","Direitos humanos, diversidade e inclusão; Inteligência artificial e inovação no Judiciário; Gestão judiciária e produtividade; Proteção de dados, privacidade e prova digital; Métodos consensuais e justiça restaurativa",Sim,"Sim, com convênios/acordos vigentes",Moderado,"Outras escolas judiciais / da magistratura; Ministério Público, Defensoria, OAB ou outras carreiras; Escolas de governo, como ENAP e escolas estaduais",Compartilhamento de cursos / vagas entre escolas; Compartilhamento de conteúdos e objetos de aprendizagem; Intercâmbio de formadores
R093,Centro de Formação e Aperfeiçoamento de Assessores e Servidores do TST ,Tribunal Superior do Trabalho,TST,DF,Trabalho,Centro/núcleo sem natureza de escola,2003,https://www.tst.jus.br/en/cefast,Plano próprio vigente e formalizado,1,1,Rubrica orçamentária própria,R$ 1 mi a R$ 5 mi,Plano anual de capacitação (PAC) aprovado; Ato normativo / regimento interno próprio; Projeto pedagógico institucional / político-pedagógico; Conselho ou colegiado pedagógico / acadêmico,Orçamento ordinário do tribunal; Recursos de convênios / parcerias institucionais,Sede / espaço físico próprio e exclusivo; Salas de aula / treinamento; Auditório; Laboratório de informática; Estúdio de gravação / produção audiovisual (EaD),Mais de 10,Mais de 10,1 a 3,AVA próprio,1,"Produção parcial, com apoio pontual de outras áreas","Webinários / transmissões ao vivo; Salas virtuais de videoconferência; Acessibilidade digital, como legendas, audiodescrição e Libras; Produção própria de conteúdo digital, como videoaulas, podcasts e e-books",Sim,Ações pontuais,Servidores(as) da própria instituição; Docentes externos / convidados; Profissionais de outras instituições públicas; Magistrados(as) da própria instituição; Docentes de instituições de ensino superior,Política de retribuição / gratificação por hora-aula; Banco / cadastro de formadores,Na maioria das ações,Em parte das ações,Na maioria das ações,Não aplica,Não realiza,Sim,Servidores(as),"Direitos humanos, cidadania e inclusão social; Diversidade, igualdade e não discriminação; Direito, processo e atuação jurisdicional; Tecnologia, governo digital e inovação no setor público; Gestão de pessoas, liderança e desenvolvimento de equipes; Sustentabilidade, meio ambiente e mudanças climáticas; Saúde, bem-estar e qualidade de vida no trabalho; Dados, informação, privacidade e proteção de dados pessoais; Governança pública, gestão estratégica e resultados; Comunicação institucional, linguagem clara e relacionamento com a sociedade; Acesso à justiça, atendimento ao público e humanização; Meios consensuais de solução de conflitos e justiça restaurativa; Ética, integridade, transparência e controle social; Competências comportamentais e socioemocionais; Gestão de projetos, processos e melhoria contínua; Políticas públicas, planejamento e avaliação","Direitos humanos, diversidade e inclusão; Inteligência artificial e inovação no Judiciário; Gestão judiciária e produtividade; Proteção de dados, privacidade e prova digital; Métodos consensuais e justiça restaurativa",Sim,"Sim, com convênios/acordos vigentes",Moderado,"Outras escolas judiciais / da magistratura; Escolas de governo, como ENAP e escolas estaduais",Compartilhamento de cursos / vagas entre escolas; Compartilhamento de conteúdos e objetos de aprendizagem; Intercâmbio de formadores
R065,Escola Judicial do Tribunal Regional do Trabalho da 17a Região,Tribunal Regional do Trabalho da 17a Região,TRT17,ES,Trabalho,Escola formalmente instituída,1994,https://www.trt17.jus.br/web/escola-judicial,Plano próprio vigente e formalizado,1,1,Rubrica orçamentária própria,R$ 1 mi a R$ 5 mi,Plano anual de capacitação (PAC) aprovado; Projeto pedagógico institucional / político-pedagógico; Conselho ou colegiado pedagógico / acadêmico; Outro (texto livre),Orçamento ordinário do tribunal; Recursos de convênios / parcerias institucionais,Sede / espaço físico próprio e exclusivo; Salas de aula / treinamento; Auditório; Laboratório de informática,4 a 10,4 a 10,1 a 3,AVA próprio,1,Não há capacidade própria de produção,Webinários / transmissões ao vivo; Salas virtuais de videoconferência,Sim,Não desenvolve,Servidores(as) da própria instituição; Docentes externos / convidados; Profissionais de outras instituições públicas; Magistrados(as) da própria instituição; Docentes de instituições de ensino superior,Política de retribuição / gratificação por hora-aula; Avaliação de desempenho dos formadores; Outro (texto livre),Na maioria das ações,Em parte das ações,Não aplica,Não aplica,Não realiza,Sim,Servidores(as); Magistrados(as); Estagiários(as),"Direitos humanos, cidadania e inclusão social; Diversidade, igualdade e não discriminação; Direito, processo e atuação jurisdicional; Tecnologia, governo digital e inovação no setor público; Gestão de pessoas, liderança e desenvolvimento de equipes; Sustentabilidade, meio ambiente e mudanças climáticas; Saúde, bem-estar e qualidade de vida no trabalho; Governança pública, gestão estratégica e resultados; Acesso à justiça, atendimento ao público e humanização; Meios consensuais de solução de conflitos e justiça restaurativa; Competências comportamentais e socioemocionais","Direitos humanos, diversidade e inclusão; Inteligência artificial e inovação no Judiciário; Gestão judiciária e produtividade; Saúde mental e qualidade de vida; Métodos consensuais e justiça restaurativa",Sim,"Sim, com convênios/acordos vigentes",Alto,"Outras escolas judiciais / da magistratura; Ministério Público, Defensoria, OAB ou outras carreiras; Escolas de governo, como ENAP e escolas estaduais; Outro (texto livre)",Compartilhamento de cursos / vagas entre escolas; Compartilhamento de conteúdos e objetos de aprendizagem; Produção conjunta de ações formativas; Intercâmbio de formadores; Participação em redes nacionais temáticas
R023,Escola Judicial ,Tribunal Regional do Trabalho da 18ª Região,TRT18,GO,Trabalho,Escola formalmente instituída,2006,https://www.trt18.jus.br/portal/institucional/escola/,Não possui,0,0,Rubrica orçamentária própria,R$ 250 mil a R$ 1 mi,Plano anual de capacitação (PAC) aprovado; Ato normativo / regimento interno próprio; Projeto pedagógico institucional / político-pedagógico; Conselho ou colegiado pedagógico / acadêmico,Orçamento ordinário do tribunal,Sede / espaço físico próprio e exclusivo; Salas de aula / treinamento; Laboratório de informática,Mais de 10,4 a 10,1 a 3,AVA próprio,1,"Equipe multidisciplinar dedicada, com designer instrucional, audiovisual e TI","Webinários / transmissões ao vivo; Salas virtuais de videoconferência; Acessibilidade digital, como legendas, audiodescrição e Libras; Produção própria de conteúdo digital, como videoaulas, podcasts e e-books; Recursos de inteligência artificial aplicados à formação",Sim,Ações pontuais,Servidores(as) da própria instituição; Docentes externos / convidados; Profissionais de outras instituições públicas; Magistrados(as) da própria instituição; Docentes de instituições de ensino superior,Política de retribuição / gratificação por hora-aula; Critérios formais de seleção e credenciamento,Não aplica,Não aplica,Não aplica,Não aplica,"Sim, de forma pontual",Sim,Servidores(as); Magistrados(as); Conciliadores / mediadores / juízes leigos,"Direitos humanos, cidadania e inclusão social; Diversidade, igualdade e não discriminação; Direito, processo e atuação jurisdicional; Tecnologia, governo digital e inovação no setor público; Gestão de pessoas, liderança e desenvolvimento de equipes; Sustentabilidade, meio ambiente e mudanças climáticas; Dados, informação, privacidade e proteção de dados pessoais; Comunicação institucional, linguagem clara e relacionamento com a sociedade; Meios consensuais de solução de conflitos e justiça restaurativa; Ética, integridade, transparência e controle social; Competências comportamentais e socioemocionais; Gestão de projetos, processos e melhoria contínua","Direitos humanos, diversidade e inclusão; Inteligência artificial e inovação no Judiciário; Gestão judiciária e produtividade",Sim,"Sim, com convênios/acordos vigentes",Alto,Outras escolas judiciais / da magistratura; Organismos internacionais,Compartilhamento de cursos / vagas entre escolas; Participação em redes nacionais temáticas
R025,Escola Judicial do Tribunal Regional do Trabalho da 16ª Região,Tribunal Regional do Trabalho da 16ª Região,TRT16,MA,Trabalho,Escola formalmente instituída,2009,https://www.trt16.jus.br/unidades/escola-judicial,Não possui,0,0,Rubrica orçamentária própria,R$ 1 mi a R$ 5 mi,Plano anual de capacitação (PAC) aprovado; Ato normativo / regimento interno próprio; Conselho ou colegiado pedagógico / acadêmico,Orçamento ordinário do tribunal,Sede / espaço físico próprio e exclusivo; Auditório; Laboratório de informática,4 a 10,4 a 10,4 a 10,AVA próprio,1,Não há capacidade própria de produção,Webinários / transmissões ao vivo; Salas virtuais de videoconferência,Sim,Não desenvolve,Servidores(as) da própria instituição; Docentes externos / convidados; Profissionais de outras instituições públicas; Magistrados(as) da própria instituição; Docentes de instituições de ensino superior,Política de retribuição / gratificação por hora-aula; Avaliação de desempenho dos formadores,Na maioria das ações,Não aplica,Não aplica,Não aplica,Não realiza,Sim,Servidores(as); Magistrados(as); Estagiários(as); Público externo / sociedade; Colaboradores terceirizados; Conciliadores / mediadores / juízes leigos,"Direitos humanos, cidadania e inclusão social; Diversidade, igualdade e não discriminação; Tecnologia, governo digital e inovação no setor público; Sustentabilidade, meio ambiente e mudanças climáticas; Saúde, bem-estar e qualidade de vida no trabalho; Dados, informação, privacidade e proteção de dados pessoais; Acesso à justiça, atendimento ao público e humanização","Direitos humanos, diversidade e inclusão; Inteligência artificial e inovação no Judiciário; Proteção de dados, privacidade e prova digital; Saúde mental e qualidade de vida; Métodos consensuais e justiça restaurativa",Sim,"Sim, com convênios/acordos vigentes",Moderado,Outro (texto livre),Produção conjunta de ações formativas
R086,Secretaria da Escola Judicial,Tribunal Regional do Trabalho da 3ª Região – Minas Gerais,TRT3,MG,Trabalho,Escola formalmente instituída,1988,https://portal.trt3.jus.br/escola,Plano próprio vigente e formalizado,1,1,Rubrica orçamentária própria,R$ 1 mi a R$ 5 mi,Plano anual de capacitação (PAC) aprovado; Ato normativo / regimento interno próprio; Projeto pedagógico institucional / político-pedagógico; Conselho ou colegiado pedagógico / acadêmico,Orçamento ordinário do tribunal,Sede / espaço físico próprio e exclusivo; Salas de aula / treinamento; Auditório; Laboratório de informática; Biblioteca / centro de memória,Mais de 10,Mais de 10,1 a 3,AVA próprio,1,"Produção parcial, com apoio pontual de outras áreas",Webinários / transmissões ao vivo; Salas virtuais de videoconferência; Gamificação / objetos de aprendizagem interativos,Sim,Ações pontuais,Servidores(as) da própria instituição; Docentes externos / convidados; Profissionais de outras instituições públicas; Magistrados(as) da própria instituição,Política de retribuição / gratificação por hora-aula; Banco / cadastro de formadores; Outro (texto livre),Em parte das ações,Na maioria das ações,Em parte das ações,Não aplica,Não realiza,Sim,Servidores(as); Magistrados(as); Estagiários(as); Público externo / sociedade; Colaboradores terceirizados; Conciliadores / mediadores / juízes leigos,"Direitos humanos, cidadania e inclusão social; Diversidade, igualdade e não discriminação; Direito, processo e atuação jurisdicional; Tecnologia, governo digital e inovação no setor público; Gestão de pessoas, liderança e desenvolvimento de equipes; Sustentabilidade, meio ambiente e mudanças climáticas; Dados, informação, privacidade e proteção de dados pessoais; Governança pública, gestão estratégica e resultados; Comunicação institucional, linguagem clara e relacionamento com a sociedade; Acesso à justiça, atendimento ao público e humanização; Meios consensuais de solução de conflitos e justiça restaurativa; Ética, integridade, transparência e controle social; Competências comportamentais e socioemocionais; Educação, docência e formação de formadores; Gestão de projetos, processos e melhoria contínua; Políticas públicas, planejamento e avaliação","Direitos humanos, diversidade e inclusão; Inteligência artificial e inovação no Judiciário; Gestão judiciária e produtividade; Proteção de dados, privacidade e prova digital; Métodos consensuais e justiça restaurativa",Sim,"Sim, com convênios/acordos vigentes",Moderado,"Outras escolas judiciais / da magistratura; Instituições de ensino superior / universidades; Ministério Público, Defensoria, OAB ou outras carreiras; Escolas de governo, como ENAP e escolas estaduais; ENAJU / CNJ; Outro (texto livre)",Compartilhamento de cursos / vagas entre escolas; Compartilhamento de conteúdos e objetos de aprendizagem; Participação em redes nacionais temáticas
R062,ESCOLA JUDICIAL DO TRT 24ª REGIÃO,TRIBUNAL REGIONAL DO TRABALHO 24ª REGIÃO,TRT24,MS,Trabalho,Escola formalmente instituída,2001,https://www.trt24.jus.br/web/escola-judicial,Não possui,0,0,Rubrica orçamentária própria,R$ 1 mi a R$ 5 mi,Plano anual de capacitação (PAC) aprovado; Ato normativo / regimento interno próprio; Projeto pedagógico institucional / político-pedagógico; Conselho ou colegiado pedagógico / acadêmico,Orçamento ordinário do tribunal,Sede / espaço físico próprio e exclusivo; Salas de aula / treinamento; Auditório; Laboratório de informática; Biblioteca / centro de memória,4 a 10,4 a 10,1 a 3,AVA próprio,1,Não há capacidade própria de produção,"Webinários / transmissões ao vivo; Salas virtuais de videoconferência; Acessibilidade digital, como legendas, audiodescrição e Libras",Sim,Não desenvolve,Servidores(as) da própria instituição; Docentes externos / convidados; Profissionais de outras instituições públicas; Magistrados(as) da própria instituição; Docentes de instituições de ensino superior,Política de retribuição / gratificação por hora-aula,Na maioria das ações,Em parte das ações,Não aplica,Não aplica,Não realiza,Sim,Servidores(as); Magistrados(as); Estagiários(as); Público externo / sociedade; Colaboradores terceirizados; Conciliadores / mediadores / juízes leigos,"Direitos humanos, cidadania e inclusão social; Diversidade, igualdade e não discriminação; Direito, processo e atuação jurisdicional; Tecnologia, governo digital e inovação no setor público; Gestão de pessoas, liderança e desenvolvimento de equipes; Sustentabilidade, meio ambiente e mudanças climáticas; Saúde, bem-estar e qualidade de vida no trabalho; Governança pública, gestão estratégica e resultados; Comunicação institucional, linguagem clara e relacionamento com a sociedade; Ética, integridade, transparência e controle social; Competências comportamentais e socioemocionais; Educação, docência e formação de formadores; Gestão de projetos, processos e melhoria contínua","Direitos humanos, diversidade e inclusão; Inteligência artificial e inovação no Judiciário; Proteção de dados, privacidade e prova digital; Saúde mental e qualidade de vida; Métodos consensuais e justiça restaurativa",Sim,"Sim, com convênios/acordos vigentes",Moderado,"Outras escolas judiciais / da magistratura; Instituições de ensino superior / universidades; Ministério Público, Defensoria, OAB ou outras carreiras",Compartilhamento de cursos / vagas entre escolas; Produção conjunta de ações formativas
R050,Escola Judicial do Tribunal Regional do Trabalho da 23ª Região,Tribunal Regional do Trabalho da 23ª Região,TRT23,MT,Trabalho,Escola formalmente instituída,1994,https://portal.trt23.jus.br/portal/ejud,Plano próprio vigente e formalizado,1,1,Rubrica orçamentária própria,R$ 1 mi a R$ 5 mi,Plano anual de capacitação (PAC) aprovado; Ato normativo / regimento interno próprio; Projeto pedagógico institucional / político-pedagógico; Conselho ou colegiado pedagógico / acadêmico,Orçamento ordinário do tribunal; Recursos de convênios / parcerias institucionais,Sede / espaço físico próprio e exclusivo; Salas de aula / treinamento; Auditório; Laboratório de informática; Biblioteca / centro de memória,4 a 10,4 a 10,4 a 10,AVA próprio,1,"Produção parcial, com apoio pontual de outras áreas","Webinários / transmissões ao vivo; Salas virtuais de videoconferência; Acessibilidade digital, como legendas, audiodescrição e Libras; Produção própria de conteúdo digital, como videoaulas, podcasts e e-books",Sim,Ações pontuais,Servidores(as) da própria instituição; Docentes externos / convidados; Profissionais de outras instituições públicas; Magistrados(as) da própria instituição; Docentes de instituições de ensino superior,Política de retribuição / gratificação por hora-aula; Banco / cadastro de formadores; Avaliação de desempenho dos formadores; Critérios formais de seleção e credenciamento,Na maioria das ações,Em parte das ações,Não aplica,Não aplica,Não realiza,Sim,Servidores(as); Magistrados(as); Estagiários(as); Público externo / sociedade; Colaboradores terceirizados; Conciliadores / mediadores / juízes leigos,"Direitos humanos, cidadania e inclusão social; Diversidade, igualdade e não discriminação; Direito, processo e atuação jurisdicional; Tecnologia, governo digital e inovação no setor público; Gestão de pessoas, liderança e desenvolvimento de equipes; Sustentabilidade, meio ambiente e mudanças climáticas; Saúde, bem-estar e qualidade de vida no trabalho; Dados, informação, privacidade e proteção de dados pessoais; Governança pública, gestão estratégica e resultados; Comunicação institucional, linguagem clara e relacionamento com a sociedade; Acesso à justiça, atendimento ao público e humanização; Meios consensuais de solução de conflitos e justiça restaurativa; Ética, integridade, transparência e controle social; Competências comportamentais e socioemocionais; Educação, docência e formação de formadores; Gestão de projetos, processos e melhoria contínua","Direitos humanos, diversidade e inclusão; Inteligência artificial e inovação no Judiciário; Gestão judiciária e produtividade; Saúde mental e qualidade de vida; Métodos consensuais e justiça restaurativa",Sim,"Sim, com convênios/acordos vigentes",Alto,"Outras escolas judiciais / da magistratura; Instituições de ensino superior / universidades; Ministério Público, Defensoria, OAB ou outras carreiras; Escolas de governo, como ENAP e escolas estaduais",Compartilhamento de cursos / vagas entre escolas; Compartilhamento de conteúdos e objetos de aprendizagem; Produção conjunta de ações formativas; Intercâmbio de formadores
R059,ESCOLA JUDICIAL DO TRT DA 8ª REGIÃO (EJUD8),TRIBUNAL REGIONAL DO TRABALHO DA 8ª REGIÃO (TRT8),TRT8,PA,Trabalho,Escola formalmente instituída,2001,https://www.trt8.jus.br/escola-judicial,Plano próprio vigente e formalizado,1,1,Rubrica orçamentária própria,R$ 250 mil a R$ 1 mi,Plano anual de capacitação (PAC) aprovado; Ato normativo / regimento interno próprio; Projeto pedagógico institucional / político-pedagógico; Conselho ou colegiado pedagógico / acadêmico,Orçamento ordinário do tribunal,Sede / espaço físico próprio e exclusivo; Salas de aula / treinamento; Auditório,4 a 10,4 a 10,1 a 3,AVA compartilhado com o tribunal,1,"Produção parcial, com apoio pontual de outras áreas","Webinários / transmissões ao vivo; Salas virtuais de videoconferência; Acessibilidade digital, como legendas, audiodescrição e Libras; Produção própria de conteúdo digital, como videoaulas, podcasts e e-books",Sim,Não desenvolve,Servidores(as) da própria instituição; Docentes externos / convidados; Profissionais de outras instituições públicas; Magistrados(as) da própria instituição; Docentes de instituições de ensino superior,Banco / cadastro de formadores; Avaliação de desempenho dos formadores,Na maioria das ações,Não aplica,Na maioria das ações,Não aplica,Não realiza,Sim,Servidores(as); Magistrados(as); Estagiários(as); Público externo / sociedade; Colaboradores terceirizados; Conciliadores / mediadores / juízes leigos,"Direitos humanos, cidadania e inclusão social; Diversidade, igualdade e não discriminação; Direito, processo e atuação jurisdicional; Tecnologia, governo digital e inovação no setor público; Sustentabilidade, meio ambiente e mudanças climáticas; Saúde, bem-estar e qualidade de vida no trabalho; Acesso à justiça, atendimento ao público e humanização; Meios consensuais de solução de conflitos e justiça restaurativa; Educação, docência e formação de formadores","Direitos humanos, diversidade e inclusão; Inteligência artificial e inovação no Judiciário; Outro (texto livre)",Sim,"Sim, com convênios/acordos vigentes",Alto,"Outras escolas judiciais / da magistratura; Escolas de governo, como ENAP e escolas estaduais",Compartilhamento de cursos / vagas entre escolas; Compartilhamento de conteúdos e objetos de aprendizagem; Produção conjunta de ações formativas; Intercâmbio de formadores; Participação em redes nacionais temáticas
R063,Escola de Capacitação Itair Sá da Silva - ECAISS ,Tribunal do Trabalho da 8.ª Região,TRT8,PA,Trabalho,Setor de capacitação (gestão de pessoas),2007,https://www.trt8.jus.br/ecaiss,Plano próprio vigente e formalizado,1,1,Rubrica orçamentária própria,R$ 250 mil a R$ 1 mi,Plano anual de capacitação (PAC) aprovado,Orçamento ordinário do tribunal,Sede / espaço físico próprio e exclusivo; Salas de aula / treinamento; Auditório; Laboratório de informática,4 a 10,1 a 3,Nenhum,AVA compartilhado com o tribunal,1,Não há capacidade própria de produção,"Salas virtuais de videoconferência; Acessibilidade digital, como legendas, audiodescrição e Libras",Sim,Não desenvolve,Servidores(as) da própria instituição; Docentes externos / convidados; Profissionais de outras instituições públicas; Magistrados(as) da própria instituição; Docentes de instituições de ensino superior,Política de retribuição / gratificação por hora-aula; Avaliação de desempenho dos formadores,Na maioria das ações,Na maioria das ações,Não aplica,Não aplica,Não realiza,Sim,Servidores(as); Magistrados(as); Estagiários(as); Público externo / sociedade; Colaboradores terceirizados; Conciliadores / mediadores / juízes leigos,"Direitos humanos, cidadania e inclusão social; Diversidade, igualdade e não discriminação; Direito, processo e atuação jurisdicional; Tecnologia, governo digital e inovação no setor público; Sustentabilidade, meio ambiente e mudanças climáticas; Saúde, bem-estar e qualidade de vida no trabalho; Acesso à justiça, atendimento ao público e humanização; Outro (texto livre)","Direitos humanos, diversidade e inclusão; Gestão judiciária e produtividade; Proteção de dados, privacidade e prova digital; Saúde mental e qualidade de vida; Métodos consensuais e justiça restaurativa",Sim,Não mantém parcerias,Moderado,Não há cooperação formalizada,Nenhuma das anteriores
R058,ESCOLA JUDICIAL DO TRIBUNAL REGIONAL DO TRABALHO DA 13ª REGIÃO,TRIBUNAL REGIONAL DO TRABALHO DA 13ª REGIÃO,TRT13,PB,Trabalho,Escola formalmente instituída,2007,https://trt13.jus.br/institucional/ejud,Plano próprio vigente e formalizado,1,1,Rubrica orçamentária própria,R$ 250 mil a R$ 1 mi,Plano anual de capacitação (PAC) aprovado; Ato normativo / regimento interno próprio; Projeto pedagógico institucional / político-pedagógico; Conselho ou colegiado pedagógico / acadêmico,Orçamento ordinário do tribunal,Sede / espaço físico próprio e exclusivo; Salas de aula / treinamento; Laboratório de informática; Biblioteca / centro de memória,4 a 10,4 a 10,4 a 10,AVA próprio,1,Não há capacidade própria de produção,Webinários / transmissões ao vivo; Salas virtuais de videoconferência; Recursos de inteligência artificial aplicados à formação,Sim,Não desenvolve,Servidores(as) da própria instituição; Docentes externos / convidados; Profissionais de outras instituições públicas; Magistrados(as) da própria instituição; Docentes de instituições de ensino superior,Política de retribuição / gratificação por hora-aula; Banco / cadastro de formadores; Avaliação de desempenho dos formadores,Na maioria das ações,Em parte das ações,Não aplica,Na maioria das ações,"Sim, de forma sistemática",Sim,Servidores(as); Magistrados(as); Estagiários(as); Público externo / sociedade,"Direitos humanos, cidadania e inclusão social; Diversidade, igualdade e não discriminação; Direito, processo e atuação jurisdicional; Tecnologia, governo digital e inovação no setor público; Gestão de pessoas, liderança e desenvolvimento de equipes; Sustentabilidade, meio ambiente e mudanças climáticas; Meios consensuais de solução de conflitos e justiça restaurativa","Direitos humanos, diversidade e inclusão; Inteligência artificial e inovação no Judiciário; Gestão judiciária e produtividade; Métodos consensuais e justiça restaurativa",Sim,"Sim, com convênios/acordos vigentes",Moderado,"Outras escolas judiciais / da magistratura; Escolas de governo, como ENAP e escolas estaduais",Compartilhamento de cursos / vagas entre escolas; Compartilhamento de conteúdos e objetos de aprendizagem
R083,ESCOLA JUDICIAL DO TRT DA 6ª REGIÃO (EJUD-6),TRIBUNAL REGIONAL DO TRABALHO DA 6ª REGIÃO,TRT6,PE,Trabalho,Escola formalmente instituída,2007,https://portal-ej.trt6.jus.br/,Plano próprio vigente e formalizado,1,1,Rubrica orçamentária própria,R$ 1 mi a R$ 5 mi,Plano anual de capacitação (PAC) aprovado; Ato normativo / regimento interno próprio,Orçamento ordinário do tribunal; Recursos de convênios / parcerias institucionais,Sede / espaço físico próprio e exclusivo; Salas de aula / treinamento; Auditório; Laboratório de informática,Mais de 10,4 a 10,1 a 3,AVA próprio,1,"Equipe multidisciplinar dedicada, com designer instrucional, audiovisual e TI","Webinários / transmissões ao vivo; Salas virtuais de videoconferência; Acessibilidade digital, como legendas, audiodescrição e Libras; Produção própria de conteúdo digital, como videoaulas, podcasts e e-books; Recursos de inteligência artificial aplicados à formação; Gamificação / objetos de aprendizagem interativos",Sim,Não desenvolve,Servidores(as) da própria instituição; Docentes externos / convidados; Profissionais de outras instituições públicas; Magistrados(as) da própria instituição; Docentes de instituições de ensino superior,Política de retribuição / gratificação por hora-aula; Banco / cadastro de formadores,Na maioria das ações,Em parte das ações,Não aplica,Não aplica,Não realiza,Sim,Servidores(as); Magistrados(as),"Direitos humanos, cidadania e inclusão social; Diversidade, igualdade e não discriminação; Direito, processo e atuação jurisdicional; Tecnologia, governo digital e inovação no setor público; Gestão de pessoas, liderança e desenvolvimento de equipes; Dados, informação, privacidade e proteção de dados pessoais; Ética, integridade, transparência e controle social","Direitos humanos, diversidade e inclusão; Inteligência artificial e inovação no Judiciário; Gestão judiciária e produtividade",Sim,"Sim, com convênios/acordos vigentes",Moderado,"Instituições de ensino superior / universidades; Ministério Público, Defensoria, OAB ou outras carreiras; Escolas de governo, como ENAP e escolas estaduais; ENFAM",Compartilhamento de cursos / vagas entre escolas; Compartilhamento de conteúdos e objetos de aprendizagem
R082,Escola Judicial do TRT da 22ª Região,Tribunal Regional do Trabalho da 22ª Região,TRT22,PI,Trabalho,Escola formalmente instituída,2007,https://www.trt22.jus.br/escola-judicial,Não possui,0,0,Rubrica orçamentária própria,R$ 250 mil a R$ 1 mi,Plano anual de capacitação (PAC) aprovado; Ato normativo / regimento interno próprio; Projeto pedagógico institucional / político-pedagógico; Conselho ou colegiado pedagógico / acadêmico,Orçamento ordinário do tribunal,Sede / espaço físico próprio e exclusivo; Salas de aula / treinamento; Auditório; Laboratório de informática,4 a 10,4 a 10,1 a 3,AVA compartilhado com o tribunal,1,Não há capacidade própria de produção,"Webinários / transmissões ao vivo; Salas virtuais de videoconferência; Acessibilidade digital, como legendas, audiodescrição e Libras; Recursos de inteligência artificial aplicados à formação; Gamificação / objetos de aprendizagem interativos",Sim,Não desenvolve,Servidores(as) da própria instituição; Docentes externos / convidados; Profissionais de outras instituições públicas; Magistrados(as) da própria instituição; Docentes de instituições de ensino superior,Política de retribuição / gratificação por hora-aula; Critérios formais de seleção e credenciamento,Na maioria das ações,Em parte das ações,Não aplica,Não aplica,Não realiza,Sim,Servidores(as); Magistrados(as); Estagiários(as); Colaboradores terceirizados,"Direitos humanos, cidadania e inclusão social; Diversidade, igualdade e não discriminação; Direito, processo e atuação jurisdicional; Tecnologia, governo digital e inovação no setor público; Gestão de pessoas, liderança e desenvolvimento de equipes; Sustentabilidade, meio ambiente e mudanças climáticas; Saúde, bem-estar e qualidade de vida no trabalho; Dados, informação, privacidade e proteção de dados pessoais; Governança pública, gestão estratégica e resultados; Comunicação institucional, linguagem clara e relacionamento com a sociedade; Acesso à justiça, atendimento ao público e humanização; Meios consensuais de solução de conflitos e justiça restaurativa; Competências comportamentais e socioemocionais","Direitos humanos, diversidade e inclusão; Inteligência artificial e inovação no Judiciário; Proteção de dados, privacidade e prova digital; Saúde mental e qualidade de vida; Métodos consensuais e justiça restaurativa",Sim,"Sim, com convênios/acordos vigentes",Moderado,"Outras escolas judiciais / da magistratura; Escolas de governo, como ENAP e escolas estaduais",Compartilhamento de cursos / vagas entre escolas; Produção conjunta de ações formativas
R096,ESCOLA JUDICIAL DO TRIBUNAL REGIONAL DO TRABALHO DA 9ª REGIÃO,TRIBUNAL REGIONAL DO TRABALHO DA 9ª REGIÃO,TRT9,PR,Trabalho,Escola formalmente instituída,2004,https://ead.trt9.jus.br/moodle/,Plano próprio vigente e formalizado,1,1,Rubrica orçamentária própria,R$ 1 mi a R$ 5 mi,Plano anual de capacitação (PAC) aprovado; Ato normativo / regimento interno próprio; Projeto pedagógico institucional / político-pedagógico; Outro (texto livre),Orçamento ordinário do tribunal; Outro (texto livre),Sede / espaço físico próprio e exclusivo; Salas de aula / treinamento; Auditório; Laboratório de informática; Biblioteca / centro de memória,Mais de 10,4 a 10,4 a 10,AVA próprio,1,"Produção parcial, com apoio pontual de outras áreas","Webinários / transmissões ao vivo; Salas virtuais de videoconferência; Acessibilidade digital, como legendas, audiodescrição e Libras; Produção própria de conteúdo digital, como videoaulas, podcasts e e-books",Sim,Ações pontuais,Servidores(as) da própria instituição; Docentes externos / convidados; Profissionais de outras instituições públicas; Magistrados(as) da própria instituição; Docentes de instituições de ensino superior,Política de retribuição / gratificação por hora-aula; Banco / cadastro de formadores; Avaliação de desempenho dos formadores,Na maioria das ações,Na maioria das ações,Em parte das ações,Não aplica,"Sim, de forma pontual",Sim,Servidores(as); Magistrados(as),"Direitos humanos, cidadania e inclusão social; Diversidade, igualdade e não discriminação; Direito, processo e atuação jurisdicional; Tecnologia, governo digital e inovação no setor público; Gestão de pessoas, liderança e desenvolvimento de equipes; Sustentabilidade, meio ambiente e mudanças climáticas; Governança pública, gestão estratégica e resultados; Comunicação institucional, linguagem clara e relacionamento com a sociedade; Acesso à justiça, atendimento ao público e humanização; Meios consensuais de solução de conflitos e justiça restaurativa; Ética, integridade, transparência e controle social; Políticas públicas, planejamento e avaliação","Direitos humanos, diversidade e inclusão; Inteligência artificial e inovação no Judiciário; Gestão judiciária e produtividade; Métodos consensuais e justiça restaurativa; Outro (texto livre)",Sim,"Sim, com parcerias informais",Moderado,"Outras escolas judiciais / da magistratura; Instituições de ensino superior / universidades; Ministério Público, Defensoria, OAB ou outras carreiras",Compartilhamento de cursos / vagas entre escolas; Produção conjunta de ações formativas
R071,ESCOLA JUDICIAL DO TRIBUNAL REGIONAL DO TRABALHO DA PRIMEIRA REGIÃO,TRIBUNAL REGIONAL DO TRABALHO DA PRIMEIRA REGIÃO,TRT1,RJ,Trabalho,Escola formalmente instituída,1996,https://trt1.jus.br/web/guest/escola-judicial/,Plano próprio vigente e formalizado,1,1,Rubrica orçamentária própria,R$ 1 mi a R$ 5 mi,Plano anual de capacitação (PAC) aprovado; Ato normativo / regimento interno próprio; Projeto pedagógico institucional / político-pedagógico; Conselho ou colegiado pedagógico / acadêmico,Orçamento ordinário do tribunal; Outro (texto livre),Sede / espaço físico próprio e exclusivo; Salas de aula / treinamento; Auditório; Laboratório de informática; Estúdio de gravação / produção audiovisual (EaD),Mais de 10,Mais de 10,1 a 3,AVA próprio,1,"Produção parcial, com apoio pontual de outras áreas","Webinários / transmissões ao vivo; Salas virtuais de videoconferência; Acessibilidade digital, como legendas, audiodescrição e Libras; Produção própria de conteúdo digital, como videoaulas, podcasts e e-books",Sim,Ações pontuais,Docentes externos / convidados; Docentes de instituições de ensino superior,Banco / cadastro de formadores; Avaliação de desempenho dos formadores; Critérios formais de seleção e credenciamento,Na maioria das ações,Na maioria das ações,Não aplica,Não aplica,Não realiza,Sim,Servidores(as); Magistrados(as); Estagiários(as); Público externo / sociedade,"Direitos humanos, cidadania e inclusão social; Diversidade, igualdade e não discriminação; Direito, processo e atuação jurisdicional; Tecnologia, governo digital e inovação no setor público; Dados, informação, privacidade e proteção de dados pessoais; Acesso à justiça, atendimento ao público e humanização; Meios consensuais de solução de conflitos e justiça restaurativa; Ética, integridade, transparência e controle social","Direitos humanos, diversidade e inclusão; Inteligência artificial e inovação no Judiciário; Métodos consensuais e justiça restaurativa; Formação inicial de magistrados; Outro (texto livre)",Em elaboração,"Sim, com convênios/acordos vigentes",Alto,"Outras escolas judiciais / da magistratura; Instituições de ensino superior / universidades; Escolas de governo, como ENAP e escolas estaduais",Compartilhamento de cursos / vagas entre escolas; Compartilhamento de conteúdos e objetos de aprendizagem; Produção conjunta de ações formativas; Intercâmbio de formadores; Participação em redes nacionais temáticas
R079,Secretaria da Escola Judicial,Tribunal Regional do Trabalho da 21ª Região,TRT21,RN,Trabalho,Escola formalmente instituída,2006,https://ead.trt21.jus.br/,Plano próprio vigente e formalizado,1,1,Rubrica orçamentária própria,R$ 1 mi a R$ 5 mi,Plano anual de capacitação (PAC) aprovado; Projeto pedagógico institucional / político-pedagógico; Conselho ou colegiado pedagógico / acadêmico,Orçamento ordinário do tribunal,Sede / espaço físico próprio e exclusivo; Salas de aula / treinamento; Auditório; Laboratório de informática; Biblioteca / centro de memória,4 a 10,1 a 3,1 a 3,AVA próprio,1,Não há capacidade própria de produção,"Webinários / transmissões ao vivo; Salas virtuais de videoconferência; Acessibilidade digital, como legendas, audiodescrição e Libras",Sim,Ações pontuais,Servidores(as) da própria instituição; Profissionais de outras instituições públicas; Magistrados(as) da própria instituição,Banco / cadastro de formadores,Na maioria das ações,Em parte das ações,Não aplica,Não aplica,"Sim, de forma pontual",Não,Servidores(as); Magistrados(as); Estagiários(as),"Direitos humanos, cidadania e inclusão social; Diversidade, igualdade e não discriminação; Direito, processo e atuação jurisdicional; Gestão de pessoas, liderança e desenvolvimento de equipes; Sustentabilidade, meio ambiente e mudanças climáticas; Saúde, bem-estar e qualidade de vida no trabalho; Governança pública, gestão estratégica e resultados","Direitos humanos, diversidade e inclusão; Gestão judiciária e produtividade; Proteção de dados, privacidade e prova digital; Saúde mental e qualidade de vida; Métodos consensuais e justiça restaurativa",Sim,"Sim, com convênios/acordos vigentes",Alto,"Outras escolas judiciais / da magistratura; Instituições de ensino superior / universidades; Escolas de governo, como ENAP e escolas estaduais",Compartilhamento de cursos / vagas entre escolas
R018,Escola Judicial do Tribunal Regional do Trabalho da 14ª Região ,Tribunal Regional do Trabalho de Rondônia e Acre,TRT14,RO,Trabalho,Escola formalmente instituída,2000,https://www.trt14.jus.br/portal/escola-judicial,Plano próprio vigente e formalizado,1,1,Rubrica orçamentária própria,R$ 1 mi a R$ 5 mi,Plano anual de capacitação (PAC) aprovado; Ato normativo / regimento interno próprio; Conselho ou colegiado pedagógico / acadêmico,Orçamento ordinário do tribunal,Sede / espaço físico próprio e exclusivo; Salas de aula / treinamento; Laboratório de informática,4 a 10,1 a 3,1 a 3,AVA próprio,1,Não há capacidade própria de produção,"Webinários / transmissões ao vivo; Salas virtuais de videoconferência; Acessibilidade digital, como legendas, audiodescrição e Libras",Não,Ações pontuais,Servidores(as) da própria instituição; Docentes externos / convidados; Profissionais de outras instituições públicas; Magistrados(as) da própria instituição; Docentes de instituições de ensino superior,Política de retribuição / gratificação por hora-aula; Avaliação de desempenho dos formadores,Em parte das ações,Não aplica,Não aplica,Em parte das ações,Não realiza,Sim,Servidores(as); Magistrados(as); Estagiários(as); Público externo / sociedade; Colaboradores terceirizados; Conciliadores / mediadores / juízes leigos,"Direitos humanos, cidadania e inclusão social; Diversidade, igualdade e não discriminação; Direito, processo e atuação jurisdicional; Tecnologia, governo digital e inovação no setor público; Gestão de pessoas, liderança e desenvolvimento de equipes; Sustentabilidade, meio ambiente e mudanças climáticas; Saúde, bem-estar e qualidade de vida no trabalho; Dados, informação, privacidade e proteção de dados pessoais; Comunicação institucional, linguagem clara e relacionamento com a sociedade; Acesso à justiça, atendimento ao público e humanização; Meios consensuais de solução de conflitos e justiça restaurativa; Ética, integridade, transparência e controle social; Competências comportamentais e socioemocionais; Gestão de projetos, processos e melhoria contínua","Direitos humanos, diversidade e inclusão; Inteligência artificial e inovação no Judiciário; Gestão judiciária e produtividade; Saúde mental e qualidade de vida; Métodos consensuais e justiça restaurativa",Sim,"Sim, com convênios/acordos vigentes",Alto,"Outras escolas judiciais / da magistratura; Instituições de ensino superior / universidades; Ministério Público, Defensoria, OAB ou outras carreiras; Escolas de governo, como ENAP e escolas estaduais; Organismos internacionais",Compartilhamento de cursos / vagas entre escolas; Compartilhamento de conteúdos e objetos de aprendizagem; Produção conjunta de ações formativas; Intercâmbio de formadores
R100,Escola Judicial do TRT4,Tribunal Regional do Trabalho da 4ª Região,TRT4,RS,Trabalho,Escola formalmente instituída,2006,www.trt4.jus.br/portais/escola,Não possui,0,0,Rubrica orçamentária própria,R$ 1 mi a R$ 5 mi,Plano anual de capacitação (PAC) aprovado; Ato normativo / regimento interno próprio; Projeto pedagógico institucional / político-pedagógico; Conselho ou colegiado pedagógico / acadêmico,Orçamento ordinário do tribunal,Sede / espaço físico próprio e exclusivo; Salas de aula / treinamento; Auditório; Laboratório de informática; Biblioteca / centro de memória; Estúdio de gravação / produção audiovisual (EaD),Mais de 10,Mais de 10,1 a 3,AVA próprio,1,"Produção parcial, com apoio pontual de outras áreas","Webinários / transmissões ao vivo; Salas virtuais de videoconferência; Acessibilidade digital, como legendas, audiodescrição e Libras; Produção própria de conteúdo digital, como videoaulas, podcasts e e-books; Recursos de inteligência artificial aplicados à formação; Gamificação / objetos de aprendizagem interativos",Sim,Programa permanente com certificação,Servidores(as) da própria instituição; Docentes externos / convidados; Profissionais de outras instituições públicas; Magistrados(as) da própria instituição; Docentes de instituições de ensino superior,Política de retribuição / gratificação por hora-aula; Banco / cadastro de formadores; Avaliação de desempenho dos formadores; Critérios formais de seleção e credenciamento,Na maioria das ações,Na maioria das ações,Não aplica,Não aplica,Não realiza,Sim,Servidores(as); Magistrados(as); Estagiários(as); Público externo / sociedade; Colaboradores terceirizados; Conciliadores / mediadores / juízes leigos,"Direitos humanos, cidadania e inclusão social; Diversidade, igualdade e não discriminação; Direito, processo e atuação jurisdicional; Tecnologia, governo digital e inovação no setor público; Gestão de pessoas, liderança e desenvolvimento de equipes; Saúde, bem-estar e qualidade de vida no trabalho; Comunicação institucional, linguagem clara e relacionamento com a sociedade","Direitos humanos, diversidade e inclusão; Inteligência artificial e inovação no Judiciário; Saúde mental e qualidade de vida; Métodos consensuais e justiça restaurativa",Sim,"Sim, com convênios/acordos vigentes",Alto,"Outras escolas judiciais / da magistratura; Instituições de ensino superior / universidades; Ministério Público, Defensoria, OAB ou outras carreiras; Escolas de governo, como ENAP e escolas estaduais; ENFAM; ENAJU / CNJ; Organismos internacionais; Outro (texto livre)",Compartilhamento de cursos / vagas entre escolas; Compartilhamento de conteúdos e objetos de aprendizagem; Produção conjunta de ações formativas
R044,Escola Judicial do TRT12,Tribunal Regional do Trabalho da 12ª Região,TRT12,SC,Trabalho,Escola formalmente instituída,2005,escolajudicial@trt12.jus.br,Apenas plano anual (PAC/PAT),0,0,Rubrica orçamentária própria,R$ 1 mi a R$ 5 mi,Plano anual de capacitação (PAC) aprovado; Ato normativo / regimento interno próprio; Projeto pedagógico institucional / político-pedagógico; Conselho ou colegiado pedagógico / acadêmico,Orçamento ordinário do tribunal,Sede / espaço físico próprio e exclusivo; Salas de aula / treinamento; Laboratório de informática,Mais de 10,4 a 10,1 a 3,AVA próprio,1,"Equipe multidisciplinar dedicada, com designer instrucional, audiovisual e TI","Webinários / transmissões ao vivo; Salas virtuais de videoconferência; Acessibilidade digital, como legendas, audiodescrição e Libras",Sim,Não desenvolve,Servidores(as) da própria instituição; Docentes externos / convidados; Profissionais de outras instituições públicas; Magistrados(as) da própria instituição; Docentes de instituições de ensino superior,Política de retribuição / gratificação por hora-aula; Banco / cadastro de formadores,Na maioria das ações,Na maioria das ações,Não aplica,Não aplica,Não realiza,Sim,Servidores(as); Magistrados(as); Estagiários(as); Conciliadores / mediadores / juízes leigos,"Direitos humanos, cidadania e inclusão social; Diversidade, igualdade e não discriminação; Direito, processo e atuação jurisdicional; Tecnologia, governo digital e inovação no setor público; Gestão de pessoas, liderança e desenvolvimento de equipes; Sustentabilidade, meio ambiente e mudanças climáticas; Saúde, bem-estar e qualidade de vida no trabalho; Dados, informação, privacidade e proteção de dados pessoais; Governança pública, gestão estratégica e resultados; Comunicação institucional, linguagem clara e relacionamento com a sociedade; Acesso à justiça, atendimento ao público e humanização; Meios consensuais de solução de conflitos e justiça restaurativa; Ética, integridade, transparência e controle social; Competências comportamentais e socioemocionais; Educação, docência e formação de formadores; Gestão de projetos, processos e melhoria contínua",Inteligência artificial e inovação no Judiciário,Sim,"Sim, com parcerias informais",Alto,"Outras escolas judiciais / da magistratura; Escolas de governo, como ENAP e escolas estaduais",Compartilhamento de cursos / vagas entre escolas; Compartilhamento de conteúdos e objetos de aprendizagem; Produção conjunta de ações formativas
R053,Escola Judicial do Tribunal Regional da 20a Região,Tribunal Regional da 20a Região,TRT20,SE,Trabalho,Escola formalmente instituída,2013,https://www.trt20.jus.br/ejud,Plano próprio vigente e formalizado,1,1,Rubrica orçamentária própria,R$ 1 mi a R$ 5 mi,Plano anual de capacitação (PAC) aprovado; Projeto pedagógico institucional / político-pedagógico; Conselho ou colegiado pedagógico / acadêmico,Orçamento ordinário do tribunal,Sede / espaço físico próprio e exclusivo; Salas de aula / treinamento; Auditório; Laboratório de informática; Biblioteca / centro de memória,4 a 10,1 a 3,1 a 3,AVA próprio,1,Não há capacidade própria de produção,Não utiliza recursos digitais estruturados,Não,Ações pontuais,Servidores(as) da própria instituição; Docentes externos / convidados; Profissionais de outras instituições públicas; Magistrados(as) da própria instituição; Docentes de instituições de ensino superior,Nenhum dos anteriores,Em parte das ações,Em parte das ações,Em parte das ações,Em parte das ações,"Sim, de forma pontual",Não,Servidores(as); Magistrados(as),"Direitos humanos, cidadania e inclusão social; Diversidade, igualdade e não discriminação; Direito, processo e atuação jurisdicional; Tecnologia, governo digital e inovação no setor público; Gestão de pessoas, liderança e desenvolvimento de equipes; Sustentabilidade, meio ambiente e mudanças climáticas; Saúde, bem-estar e qualidade de vida no trabalho; Dados, informação, privacidade e proteção de dados pessoais; Governança pública, gestão estratégica e resultados; Meios consensuais de solução de conflitos e justiça restaurativa; Ética, integridade, transparência e controle social; Educação, docência e formação de formadores","Direitos humanos, diversidade e inclusão; Gestão judiciária e produtividade; Saúde mental e qualidade de vida; Métodos consensuais e justiça restaurativa",Sim,Não mantém parcerias,Moderado,Outras escolas judiciais / da magistratura,Compartilhamento de cursos / vagas entre escolas; Compartilhamento de conteúdos e objetos de aprendizagem; Intercâmbio de formadores
R027,Escola Judicial,Tribunal Regional do Trabalho da 15ª Região,TRT15,SP,Trabalho,Escola formalmente instituída,1991,https://trt15.jus.br/institucional/estrutura-do-tribunal/escola-judicial,Não possui,0,0,Rubrica orçamentária própria,R$ 1 mi a R$ 5 mi,Plano anual de capacitação (PAC) aprovado; Ato normativo / regimento interno próprio; Projeto pedagógico institucional / político-pedagógico; Conselho ou colegiado pedagógico / acadêmico,Orçamento ordinário do tribunal,Sede / espaço físico próprio e exclusivo; Salas de aula / treinamento; Auditório; Laboratório de informática,Mais de 10,4 a 10,1 a 3,AVA próprio,1,"Produção parcial, com apoio pontual de outras áreas","Webinários / transmissões ao vivo; Salas virtuais de videoconferência; Acessibilidade digital, como legendas, audiodescrição e Libras; Produção própria de conteúdo digital, como videoaulas, podcasts e e-books",Sim,Ações pontuais,Servidores(as) da própria instituição; Docentes externos / convidados; Magistrados(as) da própria instituição,Política de retribuição / gratificação por hora-aula; Banco / cadastro de formadores; Avaliação de desempenho dos formadores,Na maioria das ações,Na maioria das ações,Não aplica,Não aplica,Não realiza,Sim,Servidores(as); Magistrados(as); Estagiários(as); Público externo / sociedade; Colaboradores terceirizados,"Direitos humanos, cidadania e inclusão social; Diversidade, igualdade e não discriminação; Direito, processo e atuação jurisdicional; Tecnologia, governo digital e inovação no setor público; Gestão de pessoas, liderança e desenvolvimento de equipes; Sustentabilidade, meio ambiente e mudanças climáticas; Saúde, bem-estar e qualidade de vida no trabalho; Dados, informação, privacidade e proteção de dados pessoais; Governança pública, gestão estratégica e resultados; Comunicação institucional, linguagem clara e relacionamento com a sociedade; Acesso à justiça, atendimento ao público e humanização; Meios consensuais de solução de conflitos e justiça restaurativa; Ética, integridade, transparência e controle social; Competências comportamentais e socioemocionais","Direitos humanos, diversidade e inclusão; Inteligência artificial e inovação no Judiciário; Gestão judiciária e produtividade; Proteção de dados, privacidade e prova digital; Métodos consensuais e justiça restaurativa",Sim,"Sim, com convênios/acordos vigentes",Moderado,Outras escolas judiciais / da magistratura; Instituições de ensino superior / universidades,Compartilhamento de cursos / vagas entre escolas; Compartilhamento de conteúdos e objetos de aprendizagem
R089,Escola Judicial do Tribunal Regional do Trabalho da 2a. Região,Tribunal Regional do Trabalho da 2a. Região,TRT2,SP,Trabalho,Escola formalmente instituída,1993,https://ww2.trt2.jus.br/institucional/o-trt-2/escola-judicial/page,Adota o planejamento estratégico do tribunal,0,1,Rubrica orçamentária própria,R$ 250 mil a R$ 1 mi,Ato normativo / regimento interno próprio; Projeto pedagógico institucional / político-pedagógico; Conselho ou colegiado pedagógico / acadêmico; Outro (texto livre),Orçamento ordinário do tribunal,Sede / espaço físico próprio e exclusivo; Salas de aula / treinamento; Auditório; Laboratório de informática; Biblioteca / centro de memória,Mais de 10,4 a 10,Nenhum,AVA próprio,1,"Equipe multidisciplinar dedicada, com designer instrucional, audiovisual e TI","Webinários / transmissões ao vivo; Salas virtuais de videoconferência; Acessibilidade digital, como legendas, audiodescrição e Libras; Produção própria de conteúdo digital, como videoaulas, podcasts e e-books",Sim,Programa permanente com certificação,Servidores(as) da própria instituição; Docentes externos / convidados; Profissionais de outras instituições públicas; Magistrados(as) da própria instituição; Docentes de instituições de ensino superior,Política de retribuição / gratificação por hora-aula; Banco / cadastro de formadores; Critérios formais de seleção e credenciamento,Na maioria das ações,Em parte das ações,Não aplica,Não aplica,Não realiza,Sim,Servidores(as); Magistrados(as); Estagiários(as),"Direitos humanos, cidadania e inclusão social; Diversidade, igualdade e não discriminação; Direito, processo e atuação jurisdicional; Tecnologia, governo digital e inovação no setor público; Gestão de pessoas, liderança e desenvolvimento de equipes; Sustentabilidade, meio ambiente e mudanças climáticas; Saúde, bem-estar e qualidade de vida no trabalho; Dados, informação, privacidade e proteção de dados pessoais; Governança pública, gestão estratégica e resultados; Comunicação institucional, linguagem clara e relacionamento com a sociedade; Meios consensuais de solução de conflitos e justiça restaurativa; Ética, integridade, transparência e controle social; Competências comportamentais e socioemocionais; Educação, docência e formação de formadores","Direitos humanos, diversidade e inclusão; Inteligência artificial e inovação no Judiciário; Gestão judiciária e produtividade; Proteção de dados, privacidade e prova digital; Saúde mental e qualidade de vida",Sim,"Sim, com convênios/acordos vigentes",Moderado,"Outras escolas judiciais / da magistratura; Instituições de ensino superior / universidades; Ministério Público, Defensoria, OAB ou outras carreiras; Escolas de governo, como ENAP e escolas estaduais; ENFAM; ENAJU / CNJ",Compartilhamento de cursos / vagas entre escolas; Compartilhamento de conteúdos e objetos de aprendizagem; Produção conjunta de ações formativas
